<?xml version="1.0"?>
<COLLADA xmlns="http://www.collada.org/2005/11/COLLADASchema" version="1.4.1">
    <asset>
        <contributor>
            <authoring_tool>CINEMA4D 15.064 COLLADA Exporter</authoring_tool>
        </contributor>
        <created>2022-11-05T20:58:23Z</created>
        <modified>2022-11-05T20:58:23Z</modified>
        <unit meter="0.01" name="centimeter"/>
        <up_axis>Y_UP</up_axis>
    </asset>
    <library_images>
        <image id="ID5">
            <init_from>shenshou_2.png</init_from>
        </image>
    </library_images>
    <library_effects>
        <effect id="ID4">
            <profile_COMMON>
                <newparam sid="ID6">
                    <surface type="2D">
                        <init_from>ID5</init_from>
                    </surface>
                </newparam>
                <newparam sid="ID7">
                    <sampler2D>
                        <source>ID6</source>
                    </sampler2D>
                </newparam>
                <technique sid="COMMON">
                    <blinn>
                        <diffuse>
                            <texture texture="ID7" texcoord="UVSET0"/>
                        </diffuse>
                    </blinn>
                </technique>
            </profile_COMMON>
        </effect>
    </library_effects>
    <library_materials>
        <material id="ID3" name="shenshou_2">
            <instance_effect url="#ID4"/>
        </material>
    </library_materials>
    <library_geometries>
        <geometry id="ID67">
            <mesh>
                <source id="ID68">
                    <float_array id="ID69" count="9189">0.655126 1.72622 -0.00972854 0.713895 1.77265 -0.0432913 0.78493 1.73539 0.0137251 0.840935 1.7153 -0.106845 0.748132 1.76032 -0.131512 0.714636 1.71732 -0.179093 0.794769 1.64548 -0.148158 0.662203 1.68066 -0.148967 0.626618 1.70701 -0.162783 0.676221 1.75035 -0.202816 0.641647 1.78863 -0.191426 0.718208 1.79193 -0.15355 0.679725 1.81087 -0.0540746 0.676693 1.82448 -0.131984 0.519055 1.90927 -0.165749 0.563806 1.94808 -0.103273 0.599929 1.74111 -0.156785 0.432856 1.99621 -0.14061 0.471204 2.0421 -0.0759107 0.567175 1.92928 -0.0151875 0.463926 2.0144 0.017297 0.418232 1.95166 0.0607669 0.518044 1.86283 0.0232952 0.631201 1.75722 -0.0155245 0.471407 1.80952 -0.0412695 0.587394 1.71341 -0.0769216 0.374223 1.89174 -0.0148505 0.382108 1.93737 -0.104621 0.476124 1.84861 -0.138184 0.599929 1.74111 -0.156785 0.626618 1.70701 -0.162783 0.630527 1.68652 -0.0639818 0.689228 1.67352 0.0464792 0.656205 1.60423 -0.0227358 0.662203 1.68066 -0.148967 0.704797 1.58557 -0.13104 0.797532 1.56899 0.0830748 0.865737 1.60767 0.0675739 0.905028 1.5853 -0.0261055 0.872004 1.53805 -0.0600054 0.928347 1.4904 0.129578 0.963123 1.46405 0.0447943 0.977208 1.43386 0.115155 0.92464 1.42874 0.0103554 0.960562 1.38324 0.0380548 0.989272 1.41357 0.0660912 0.867961 1.46061 0.138474 0.704797 1.58557 -0.13104 0.804205 1.50247 -0.0467959 0.870589 1.40313 0.0186449 0.920866 1.36269 0.0405485 0.897008 1.41735 0.164893 0.840261 1.42409 0.095543 0.860345 1.37489 0.12486 0.763363 1.52066 0.0369765 0.870589 1.40313 0.0186449 0.804205 1.50247 -0.0467959 0.920866 1.36269 0.0405485 0.93421 1.43379 0.158288 0.382108 1.93737 -0.104621 0.476124 1.84861 -0.138184 1.07951 1.24037 0.167454 1.10297 1.18632 0.273938 1.05761 1.25492 0.240712 1.12649 1.16852 0.206273 1.03065 1.25971 0.290989 1.07601 1.20525 0.325361 1.15001 1.15336 0.320778 1.12912 1.16657 0.362631 1.1554 1.14217 0.326237 1.13471 1.15558 0.367955 1.09434 1.1324 0.361687 1.02924 1.17587 0.323407 1.09751 1.10369 0.374155 1.13673 1.1111 0.387162 1.04204 1.14392 0.275421 1.08511 1.13422 0.295977 1.11975 1.13847 0.29537 1.11443 1.11184 0.322396 1.15365 1.09675 0.345175 1.10789 1.08758 0.333651 1.15116 1.06831 0.356363 1.12588 1.10578 0.31633 1.09252 1.08906 0.317678 1.1033 1.05247 0.32617 1.07904 1.04074 0.322328 1.10351 1.01432 0.331494 1.11806 1.04964 0.306221 1.11456 1.01291 0.315656 1.10802 1.03791 0.273467 1.10755 1.00435 0.301638 1.06132 0.962766 0.325159 1.0717 1.0342 0.280678 1.13822 1.07134 0.246104 1.13336 1.09183 0.286743 1.14974 1.07727 0.378873 1.1525 1.04 0.390937 1.1397 1.046 0.404618 1.13849 1.07949 0.399159 1.08538 0.995654 0.276162 1.11301 1.02794 0.254124 1.09454 0.992487 0.26511 1.08673 0.994913 0.250687 1.10155 1.02322 0.228986 1.04299 0.972066 0.268951 1.06765 1.02443 0.227368 1.08464 1.00024 0.226627 1.044 0.969977 0.222583 1.10822 1.01628 0.209508 1.08915 0.991746 0.215978 1.08592 0.994711 0.203308 1.09731 1.01129 0.191379 1.13181 1.05692 0.201017 1.12103 1.04964 0.17817 1.07938 1.04741 0.177159 1.11314 1.095 0.155255 1.06772 1.08489 0.156805 1.06496 1.01277 0.19266 1.05512 1.11818 0.130993 1.11274 1.14264 0.138137 1.01461 1.18402 0.108348 1.06381 1.21388 0.104776 1.01953 1.29839 0.0704719 0.950857 1.25688 0.0669674 0.960562 1.38324 0.0380548 0.989272 1.41357 0.0660912 1.04224 1.33189 0.122569 1.01731 1.35319 0.179518 0.977208 1.43386 0.115155 0.969862 1.36936 0.223055 0.93421 1.43379 0.158288 0.897008 1.41735 0.164893 0.909072 1.35966 0.219753 0.860008 1.33074 0.198523 1.00969 1.29954 0.262279 0.873352 1.30109 0.276499 0.852729 1.26861 0.254461 0.866208 1.22985 0.304064 0.878609 1.25445 0.327989 0.887438 1.18847 0.332101 0.900513 1.20829 0.347736 0.912441 1.26524 0.337762 0.924033 1.22055 0.354071 0.917968 1.31464 0.291933 0.913857 1.16832 0.315117 0.889527 1.15612 0.363237 0.916081 1.13368 0.349691 0.957933 1.16354 0.377525 0.9518 1.19791 0.34066 0.948026 1.1448 0.389252 0.926729 1.12741 0.371864 0.914531 1.13584 0.393295 0.928684 1.14574 0.403135 0.89721 1.2097 0.281958 0.897143 1.13772 0.386758 0.949509 1.24818 0.309321 0.919181 1.22669 0.229525 0.916485 1.10227 0.446875 0.888921 1.16293 0.413514 0.903074 1.18672 0.370583 0.920664 1.14082 0.424432 0.928684 1.14574 0.403135 0.929088 1.1659 0.401585 0.948026 1.1448 0.389252 0.957933 1.16354 0.377525 0.930436 1.18679 0.389252 0.9518 1.19791 0.34066 0.901186 1.12559 0.411694 0.949509 1.24818 0.309321 0.971345 1.29705 0.277241 0.977276 1.2405 0.295707 1.08511 1.13422 0.295977 1.05539 1.13321 0.200814 1.04204 1.14392 0.275421 1.07412 1.10234 0.217259 1.05512 1.11818 0.130993 1.06772 1.08489 0.156805 1.0845 1.06345 0.236062 1.07938 1.04741 0.177159 1.06765 1.02443 0.227368 1.06496 1.01277 0.19266 1.09252 1.08906 0.317678 1.0717 1.0342 0.280678 1.04299 0.972066 0.268951 1.044 0.969977 0.222583 1.07904 1.04074 0.322328 1.06132 0.962766 0.325159 1.01461 1.18402 0.108348 0.938456 1.25782 0.148516 0.976265 1.22945 0.242802 0.950857 1.25688 0.0669674 0.920866 1.36269 0.0405485 0.879216 1.28074 0.168667 0.860345 1.37489 0.12486 0.977276 1.2405 0.295707 1.02924 1.17587 0.323407 1.11443 1.11184 0.322396 1.09434 1.1324 0.361687 1.09751 1.10369 0.374155 1.10789 1.08758 0.333651 1.11793 1.04553 0.355891 1.10634 1.05698 0.396328 1.1062 0.977323 0.399968 1.10634 1.05698 0.396328 1.1062 0.977323 0.399968 1.15041 1.03697 0.377188 1.11793 1.04553 0.355891 0.920866 1.36269 0.0405485 1.12588 1.11589 0.21827 -0.655173 1.72622 -0.00972856 -0.784909 1.73539 0.013725 -0.713875 1.77265 -0.0432913 -0.840915 1.7153 -0.106845 -0.748112 1.76032 -0.131512 -0.714616 1.71732 -0.179093 -0.794749 1.64548 -0.148158 -0.662182 1.68066 -0.148967 -0.626598 1.70701 -0.162783 -0.676268 1.75035 -0.202816 -0.641627 1.78863 -0.191426 -0.718255 1.79193 -0.15355 -0.679705 1.81087 -0.0540747 -0.676672 1.82448 -0.131984 -0.519035 1.90927 -0.165749 -0.563853 1.94808 -0.103273 -0.599909 1.74111 -0.156785 -0.432836 1.99621 -0.14061 -0.471184 2.0421 -0.0759107 -0.567155 1.92928 -0.0151875 -0.463905 2.0144 0.017297 -0.418212 1.95166 0.0607669 -0.518024 1.86283 0.0232952 -0.631181 1.75722 -0.0155245 -0.471386 1.80952 -0.0412696 -0.587374 1.71341 -0.0769216 -0.37427 1.89174 -0.0148505 -0.382088 1.93737 -0.104621 -0.476171 1.84861 -0.138184 -0.599909 1.74111 -0.156785 -0.626598 1.70701 -0.162783 -0.630574 1.68652 -0.0639818 -0.689208 1.67352 0.0464792 -0.656184 1.60423 -0.0227358 -0.662182 1.68066 -0.148967 -0.704844 1.58557 -0.13104 -0.79758 1.56899 0.0830748 -0.865784 1.60767 0.0675739 -0.905008 1.5853 -0.0261055 -0.872051 1.53805 -0.0600054 -0.704844 1.58557 -0.13104 -0.804252 1.50247 -0.046796 -0.763343 1.52066 0.0369764 -0.804252 1.50247 -0.046796 -0.382088 1.93737 -0.104621 -0.476171 1.84861 -0.138184 -0.928394 1.4904 0.129578 -0.977188 1.43386 0.115155 -0.963102 1.46405 0.0447943 -0.93419 1.43379 0.158288 -0.897055 1.41735 0.164893 -0.86794 1.46061 0.138474 -0.840308 1.42409 0.095543 -0.860325 1.37489 0.12486 -0.920846 1.36269 0.0405484 -0.870569 1.40313 0.0186449 -0.989319 1.41357 0.0660912 -0.960542 1.38324 0.0380548 -0.924687 1.42874 0.0103553 -0.870569 1.40313 0.0186449 -0.920846 1.36269 0.0405484 -1.07949 1.24037 0.167454 -1.10295 1.18632 0.273938 -1.12647 1.16852 0.206273 -1.05759 1.25492 0.240712 -1.03063 1.25971 0.290989 -1.07599 1.20525 0.325361 -1.14999 1.15336 0.320778 -1.1291 1.16657 0.362631 -1.15538 1.14217 0.326237 -1.13476 1.15558 0.367955 -1.09432 1.1324 0.361687 -1.02928 1.17587 0.323406 -1.09749 1.10369 0.374155 -1.13671 1.1111 0.387162 -1.04202 1.14392 0.275421 -1.08509 1.13422 0.295977 -1.11973 1.13847 0.29537 -1.11441 1.11184 0.322396 -1.15363 1.09675 0.345175 -1.10787 1.08758 0.333651 -1.1512 1.06831 0.356363 -1.12586 1.10578 0.31633 -1.0925 1.08906 0.317678 -1.10335 1.05247 0.32617 -1.07902 1.04074 0.322328 -1.10355 1.01432 0.331494 -1.11804 1.04964 0.306221 -1.11454 1.01291 0.315656 -1.108 1.03791 0.273467 -1.1076 1.00435 0.301638 -1.0613 0.962766 0.325159 -1.07168 1.0342 0.280678 -1.13826 1.07134 0.246104 -1.13334 1.09183 0.286743 -1.14979 1.07727 0.378873 -1.15248 1.04 0.390937 -1.13968 1.046 0.404618 -1.13847 1.07949 0.399159 -1.15039 1.03697 0.377188 -1.08536 0.995654 0.276162 -1.11299 1.02794 0.254124 -1.09459 0.992487 0.26511 -1.08677 0.994913 0.250687 -1.10153 1.02322 0.228986 -1.04303 0.972066 0.268951 -1.06763 1.02443 0.227368 -1.08462 1.00024 0.226627 -1.04398 0.969977 0.222583 -1.1082 1.01628 0.209508 -1.08913 0.991746 0.215978 -1.08596 0.994711 0.203308 -1.09729 1.01129 0.191379 -1.13179 1.05692 0.201017 -1.12101 1.04964 0.17817 -1.07936 1.04741 0.177159 -1.11319 1.095 0.155255 -1.0677 1.08489 0.156805 -1.06494 1.01277 0.19266 -1.05516 1.11818 0.130993 -1.11272 1.14264 0.138137 -1.01459 1.18402 0.108348 -1.06379 1.21388 0.104776 -1.01958 1.29839 0.0704719 -0.950837 1.25688 0.0669673 -0.960542 1.38324 0.0380548 -0.989319 1.41357 0.0660912 -1.04222 1.33189 0.122568 -1.01729 1.35319 0.179517 -0.977188 1.43386 0.115155 -0.969842 1.36936 0.223055 -0.93419 1.43379 0.158288 -0.897055 1.41735 0.164893 -0.909052 1.35966 0.219753 -0.859988 1.33074 0.198523 -1.00967 1.29954 0.262279 -0.873332 1.30109 0.276499 -0.852709 1.26861 0.254461 -0.866188 1.22985 0.304064 -0.878589 1.25445 0.327989 -0.887418 1.18847 0.3321 -0.900492 1.20829 0.347736 -0.912421 1.26524 0.337762 -0.924013 1.22055 0.354071 -0.917948 1.31464 0.291933 -0.913837 1.16832 0.315117 -0.889507 1.15612 0.363237 -0.916061 1.13368 0.349691 -0.957913 1.16354 0.377525 -0.951847 1.19791 0.34066 -0.948006 1.1448 0.389252 -0.926709 1.12741 0.371864 -0.914511 1.13584 0.393295 -0.928664 1.14574 0.403135 -0.89719 1.2097 0.281958 -0.89719 1.13772 0.386758 -0.949489 1.24818 0.309321 -0.919228 1.22669 0.229525 -0.916532 1.10227 0.446875 -0.8889 1.16293 0.413514 -0.903053 1.18672 0.370583 -0.920643 1.14082 0.424432 -0.928664 1.14574 0.403135 -0.929068 1.1659 0.401585 -0.948006 1.1448 0.389252 -0.957913 1.16354 0.377525 -0.930416 1.18679 0.389252 -0.951847 1.19791 0.34066 -0.901166 1.12559 0.411694 -0.949489 1.24818 0.309321 -0.971392 1.29705 0.277241 -0.977255 1.2405 0.295707 -1.08509 1.13422 0.295977 -1.05537 1.13321 0.200814 -1.0741 1.10234 0.217259 -1.04202 1.14392 0.275421 -1.05516 1.11818 0.130993 -1.0677 1.08489 0.156805 -1.08448 1.06345 0.236062 -1.07936 1.04741 0.177159 -1.06763 1.02443 0.227368 -1.06494 1.01277 0.19266 -1.0925 1.08906 0.317678 -1.07168 1.0342 0.280678 -1.04303 0.972066 0.268951 -1.04398 0.969977 0.222583 -1.07902 1.04074 0.322328 -1.0613 0.962766 0.325159 -1.01459 1.18402 0.108348 -0.938436 1.25782 0.148516 -0.976245 1.22945 0.242802 -0.950837 1.25688 0.0669673 -0.920846 1.36269 0.0405484 -0.879195 1.28074 0.168667 -0.860325 1.37489 0.12486 -0.977255 1.2405 0.295707 -1.02928 1.17587 0.323406 -1.11441 1.11184 0.322396 -1.09432 1.1324 0.361687 -1.09749 1.10369 0.374155 -1.10787 1.08758 0.333651 -1.11791 1.04553 0.355891 -1.10632 1.05698 0.396328 -1.10618 0.977323 0.399968 -1.10632 1.05698 0.396328 -1.10618 0.977323 0.399968 -1.11791 1.04553 0.355891 -0.920846 1.36269 0.0405484 -1.12586 1.11589 0.21827 0.11967 1.45826 0.177024 -2.36383e-005 1.45286 0.201893 0.108213 1.5334 0.184437 0.144404 1.36148 0.19111 -2.36366e-005 1.34611 0.228042 -0.144452 1.36148 0.19111 -0.11965 1.45826 0.177024 0.15512 1.29159 0.204184 -2.36406e-005 1.55645 0.208161 -0.102397 1.57148 0.188211 -0.17323 1.58469 0.0957452 -0.1952 1.46783 0.0909601 -2.36342e-005 1.19878 0.261133 -0.165883 1.22123 0.217326 -0.20814 1.59318 -0.0177486 -0.230785 1.47578 -0.0217923 -0.202884 1.48596 -0.129423 -0.183069 1.60545 -0.120459 -0.234762 1.37522 0.0956104 -0.274862 1.3854 -0.0354735 -0.239277 1.40063 -0.157526 -0.316647 1.25142 -0.0463916 -0.269874 1.23808 0.105113 -0.273783 1.26887 -0.200727 -0.113585 1.49202 -0.191359 -0.100173 1.61091 -0.183339 -2.36327e-005 1.5915 -0.203962 -0.0141093 1.61185 -0.199042 -2.36305e-005 1.49546 -0.209488 -2.3628e-005 1.40926 -0.24204 0.113538 1.49202 -0.191359 0.0999236 1.61273 -0.183339 0.0115684 1.61852 -0.199379 0.139148 1.40697 -0.218519 -0.139195 1.40697 -0.218519 -2.3626e-005 1.33627 -0.267381 0.155997 1.27393 -0.270077 0.012849 1.27669 -0.289352 -0.0230054 1.26355 -0.292721 -0.156448 1.27164 -0.270953 0.202836 1.48596 -0.129423 0.183089 1.60545 -0.120459 0.20816 1.59318 -0.0177486 0.230738 1.47578 -0.0217923 0.239297 1.40063 -0.157526 0.274882 1.3854 -0.0354735 0.234782 1.37522 0.0956104 0.195221 1.46783 0.0909601 0.273736 1.26888 -0.200727 0.316667 1.25142 -0.0463916 0.173182 1.58988 0.0957452 0.11967 1.45826 0.177024 0.108213 1.5334 0.184437 0.144404 1.36148 0.19111 0.15512 1.29159 0.204184 0.269895 1.23808 0.105113 0.111044 1.57943 0.177698 0.176889 1.23983 0.199736 0.173182 1.58988 0.0957452 -0.000293169 1.58732 -0.00332594 0.20816 1.59318 -0.0177486 0.183089 1.60545 -0.120459 0.0999236 1.61273 -0.183339 0.0115684 1.61852 -0.199379 -2.36327e-005 1.5915 -0.203962 -0.0141093 1.61185 -0.199042 -0.100173 1.61091 -0.183339 -0.183069 1.60545 -0.120459 -0.20814 1.59318 -0.0177486 0.111044 1.57943 0.177698 -0.17323 1.58469 0.0957452 -0.102397 1.57148 0.188211 -2.36406e-005 1.55645 0.208161 0.0902187 1.55187 0.187672 0.108213 1.5334 0.184437 0.0902187 1.55187 0.187672 0.142787 1.22898 0.221033 0.118053 2.10343 0.266323 -2.36556e-005 2.12877 0.345377 0.0917688 2.1589 0.321924 -2.36535e-005 2.0762 0.301031 -2.36574e-005 2.14852 0.411155 0.0917688 2.18478 0.382243 -2.36592e-005 2.1219 0.523571 0.13935 2.224 0.283643 0.128701 2.25554 0.349084 0.0979018 2.12244 0.525458 0.117986 2.14879 0.412907 0.118188 2.18019 0.384534 0.156873 2.18565 0.428139 0.135845 2.13295 0.539476 0.0879946 2.12055 0.608826 0.149661 2.16988 0.559694 0.0961495 2.14852 0.650341 0.0824009 2.09096 0.643332 0.0751222 2.15849 0.711806 -2.36605e-005 2.0789 0.628707 -2.36604e-005 2.1068 0.598312 0.059756 2.02094 0.636458 0.07492 2.07216 0.713221 -2.36593e-005 2.02397 0.625135 0.0682479 2.09939 0.741931 0.0319892 2.06522 0.72825 0.0442551 2.04493 0.732092 0.0577342 1.9991 0.704729 0.0509272 2.12331 0.790928 -2.36631e-005 2.08106 0.74948 -2.36625e-005 2.05214 0.748873 0.0520056 2.14724 0.786682 0.049512 2.19475 0.75258 -2.36658e-005 2.19947 0.760667 -2.36663e-005 2.27367 0.709784 0.0512642 2.26114 0.703786 -2.3667e-005 2.32388 0.690644 0.0523425 2.32253 0.685117 0.0759982 2.25884 0.678782 0.0836813 2.3106 0.669818 0.0838835 2.21746 0.66045 0.0683826 2.20897 0.691924 0.0952733 2.18417 0.665573 0.120277 2.19691 0.635042 -2.36655e-005 2.14603 0.797667 -2.3665e-005 2.12257 0.79888 -2.36679e-005 2.40927 0.649061 0.0664955 2.40759 0.631066 -2.36674e-005 2.46427 0.572365 0.103293 2.36803 0.628707 0.0941949 2.25305 0.673053 0.110842 2.28985 0.662405 0.107944 2.21686 0.637536 0.144741 2.31707 0.617587 0.106933 2.2304 0.645421 0.117109 2.28082 0.643939 0.135845 2.2976 0.612532 0.147505 2.31687 0.573308 0.131397 2.3379 0.626888 0.143865 2.33527 0.558549 0.140226 2.29921 0.579576 0.105315 2.25682 0.652565 0.144741 2.29281 0.5417 0.165769 2.34444 0.502139 0.162534 2.30481 0.492232 0.157951 2.27259 0.516292 0.16469 2.23404 0.472485 0.154312 2.22252 0.5787 0.145685 2.26228 0.551203 0.153638 2.26154 0.387836 0.140361 2.23472 0.586922 0.128904 2.22339 0.611926 0.120412 2.33015 0.323204 0.152222 2.31087 0.37274 0.12304 2.40145 0.34558 0.158355 2.36769 0.386691 0.145887 2.4212 0.407988 0.181068 2.40684 0.458332 0.0659564 2.44546 0.338099 0.0718872 2.46056 0.407988 -2.3664e-005 2.46521 0.407179 0.0376503 2.46413 0.474911 -2.36621e-005 2.44843 0.336212 0.0658889 2.3877 0.295033 -2.366e-005 2.39647 0.287957 0.050051 2.45456 0.532939 0.0720894 2.45005 0.584024 0.108348 2.43609 0.563873 0.141102 2.38905 0.572769 0.159366 2.41433 0.538869 0.12796 2.38177 0.592179 0.17945 2.38029 0.544396 0.172441 2.35953 0.580654 0.159838 2.36068 0.528895 0.19212 2.43758 0.507531 0.159366 2.41433 0.538869 0.181068 2.40684 0.458332 0.125466 2.35926 0.635919 0.141102 2.38339 0.604512 0.162534 2.30481 0.492232 0.218607 2.27994 0.460623 0.152222 2.31087 0.37274 0.200747 2.29315 0.369168 0.165769 2.34444 0.502139 0.247317 2.30993 0.46743 0.289776 2.23478 0.350634 0.278589 2.35529 0.453075 0.22474 2.33514 0.379749 0.200747 2.29315 0.369168 0.158355 2.36769 0.386691 0.152222 2.31087 0.37274 0.202364 2.40725 0.455164 0.181068 2.40684 0.458332 -2.36606e-005 1.99533 0.718276 -2.36596e-005 1.97814 0.685858 0.038796 1.98792 0.679928 -2.36569e-005 1.88601 0.652565 0.1378 2.25817 0.585507 0.126343 2.23937 0.613611 0.129645 2.25534 0.630864 0.142585 2.28142 0.59137 0.11037 2.24254 0.639154 0.140698 2.28041 0.579172 0.141102 2.38905 0.572769 0.16833 2.43084 0.572163 0.12796 2.38177 0.592179 0.141102 2.38339 0.604512 0.172441 2.35953 0.580654 0.141102 2.38905 0.572769 0.0900839 2.48394 0.558886 -0.1181 2.10343 0.266323 -2.36556e-005 2.12877 0.345377 -2.36535e-005 2.0762 0.301031 -0.0917486 2.1589 0.321924 -2.36574e-005 2.14852 0.411155 -0.091816 2.18478 0.382243 -2.36592e-005 2.1219 0.523571 -0.139397 2.224 0.283643 -0.128681 2.25554 0.349084 -0.0978816 2.12244 0.525458 -0.117965 2.14879 0.412907 -0.118168 2.18019 0.384534 -0.156853 2.18565 0.428139 -0.135893 2.13295 0.539476 -0.088042 2.12055 0.608826 -0.149641 2.16988 0.559694 -0.0961294 2.14852 0.650341 -0.0823807 2.09096 0.643332 -0.075102 2.15849 0.711806 -2.36605e-005 2.0789 0.628707 -2.36604e-005 2.1068 0.598312 -0.0598033 2.02094 0.636458 -0.0749672 2.07216 0.713221 -2.36593e-005 2.02397 0.625135 -0.0682277 2.09939 0.741931 -0.031969 2.06522 0.72825 -0.0442349 2.04493 0.732092 -0.0577814 1.9991 0.704729 -0.0509071 2.12331 0.790928 -2.36631e-005 2.08106 0.74948 -2.36625e-005 2.05214 0.748873 -0.0519854 2.14724 0.786682 -0.0494918 2.19475 0.75258 -2.36658e-005 2.19947 0.760667 -2.36663e-005 2.27367 0.709784 -0.0512441 2.26114 0.703786 -2.3667e-005 2.32388 0.690644 -0.0523898 2.32253 0.685117 -0.0759781 2.25884 0.678782 -0.0836613 2.3106 0.669818 -0.0839308 2.21746 0.66045 -0.0684299 2.20897 0.691924 -0.0952532 2.18417 0.665573 -0.120257 2.19691 0.635042 -2.36655e-005 2.14603 0.797667 -2.3665e-005 2.12257 0.79888 -2.36679e-005 2.40927 0.649061 -0.0664755 2.40759 0.631066 -2.36674e-005 2.46427 0.572365 -0.103273 2.36803 0.628707 -0.0941749 2.25305 0.673053 -0.110822 2.28985 0.662405 -0.107924 2.21686 0.637536 -0.144789 2.31707 0.617587 -0.131377 2.3379 0.626888 -0.147485 2.31687 0.573308 -0.143845 2.33527 0.558549 -0.135825 2.2976 0.612532 -0.140206 2.29921 0.579576 -0.117157 2.28082 0.643939 -0.105295 2.25682 0.652565 -0.144721 2.29281 0.5417 -0.165816 2.34444 0.502139 -0.162514 2.30481 0.492232 -0.157998 2.27259 0.516292 -0.16467 2.23404 0.472485 -0.154291 2.22252 0.5787 -0.145665 2.26228 0.551203 -0.153618 2.26154 0.387836 -0.140341 2.23472 0.586922 -0.128951 2.22339 0.611926 -0.120392 2.33015 0.323204 -0.15227 2.31087 0.37274 -0.12302 2.40145 0.34558 -0.158335 2.36769 0.386691 -0.145935 2.4212 0.407988 -0.181115 2.40684 0.458332 -0.0659363 2.44546 0.338099 -0.071867 2.46056 0.407988 -2.3664e-005 2.46521 0.407179 -0.0376976 2.46413 0.474911 -2.36621e-005 2.44843 0.336212 -0.0659363 2.3877 0.295033 -2.366e-005 2.39647 0.287957 -0.0500984 2.45456 0.532939 -0.0721366 2.45005 0.584024 -0.108328 2.43609 0.563873 -0.141082 2.38905 0.572769 -0.159414 2.41433 0.538869 -0.12794 2.38177 0.592179 -0.17943 2.38029 0.544396 -0.172421 2.35953 0.580654 -0.159818 2.36068 0.528895 -0.1921 2.43758 0.507531 -0.159414 2.41433 0.538869 -0.181115 2.40684 0.458332 -0.125446 2.35926 0.635919 -0.141149 2.38339 0.604512 -0.162514 2.30481 0.492232 -0.15227 2.31087 0.37274 -0.218654 2.27994 0.460623 -0.200727 2.29315 0.369168 -0.165816 2.34444 0.502139 -0.247297 2.30993 0.46743 -0.289823 2.23478 0.350634 -0.278636 2.35529 0.453075 -0.22472 2.33514 0.379749 -0.200727 2.29315 0.369168 -0.158335 2.36769 0.386691 -0.15227 2.31087 0.37274 -0.202412 2.40725 0.455164 -0.181115 2.40684 0.458332 -2.36606e-005 1.99533 0.718276 -2.36596e-005 1.97814 0.685858 -0.038776 1.98792 0.679928 -2.36569e-005 1.88601 0.652565 -0.137847 2.25817 0.585507 -0.126322 2.23937 0.613611 -0.129625 2.25534 0.630864 -0.142565 2.28142 0.59137 -0.11035 2.24254 0.639154 -0.106913 2.2304 0.645421 -0.140745 2.28041 0.579172 -0.141082 2.38905 0.572769 -0.12794 2.38177 0.592179 -0.16831 2.43084 0.572163 -0.141149 2.38339 0.604512 -0.172421 2.35953 0.580654 -0.141082 2.38905 0.572769 -0.0900638 2.48394 0.558886 0.214293 2.53247 0.527345 0.181068 2.40684 0.458332 0.159366 2.41433 0.538869 0.230064 2.49951 0.442764 0.108348 2.43609 0.563873 0.161321 2.5661 0.552618 0.145887 2.4212 0.407988 0.170756 2.50672 0.392015 0.0718872 2.46056 0.407988 0.0892077 2.53759 0.389521 0.290315 2.66342 0.463454 0.289035 2.60303 0.40947 0.233703 2.71895 0.486234 0.215372 2.60667 0.339244 0.140159 2.66497 0.332235 0.353936 2.69981 0.353802 0.313028 2.63868 0.341873 0.235523 2.61584 0.279465 0.200208 2.68343 0.223729 0.401181 2.65297 0.278723 0.33547 2.60061 0.28425 0.425915 2.68397 0.183292 0.315723 2.79747 0.288967 0.387297 2.65398 0.11529 0.239904 2.77058 0.227233 0.168802 2.74005 0.457456 0.123445 2.72023 0.386826 0.0896795 2.57284 0.523773 0.0612387 2.56455 0.457254 0.050051 2.45456 0.532939 0.0376503 2.46413 0.474911 0.0892077 2.53759 0.389521 0.0718872 2.46056 0.407988 0.140159 2.66497 0.332235 0.200208 2.68343 0.223729 0.3228 2.59737 0.131802 0.445527 2.49082 0.189896 0.469789 2.53887 0.241723 0.369168 2.47384 0.190638 0.416682 2.40684 0.328057 0.458264 2.48354 0.336212 0.429284 2.57001 0.294359 0.343692 2.54844 0.297594 0.296785 2.56637 0.229525 0.3228 2.59737 0.131802 0.319498 2.50032 0.245767 0.369168 2.47384 0.190638 0.420523 2.53065 0.359193 0.326372 2.51306 0.367011 0.313904 2.43953 0.358385 0.334324 2.41021 0.341131 0.365798 2.53793 0.436631 0.372133 2.45456 0.506991 0.462915 2.58032 0.492838 0.515753 2.56125 0.471878 0.474035 2.52667 0.418501 0.458062 2.45079 0.47909 0.372133 2.45456 0.506991 0.334324 2.41021 0.341131 0.52074 2.53139 0.53186 0.483335 2.54979 0.552011 0.483335 2.54979 0.552011 0.595684 2.64421 0.517775 0.294426 2.59825 0.409403 0.295842 2.66268 0.467026 0.351645 2.69152 0.380962 0.243408 2.72205 0.495534 0.269827 2.79005 0.368022 0.164556 2.74685 0.460489 0.318891 2.62992 0.343895 0.230873 2.60398 0.272995 0.215844 2.60209 0.334392 0.1841 2.75791 0.283374 0.117716 2.7234 0.385208 0.170487 2.67447 0.246374 0.135508 2.66436 0.326911 0.230873 2.60398 0.272995 0.215844 2.60209 0.334392 -0.214341 2.53247 0.527345 -0.181115 2.40684 0.458332 -0.230111 2.49951 0.442764 -0.159414 2.41433 0.538869 -0.108328 2.43609 0.563873 -0.161301 2.5661 0.552618 -0.145935 2.4212 0.407988 -0.170736 2.50672 0.392015 -0.071867 2.46056 0.407988 -0.089255 2.53759 0.389521 -0.290363 2.66342 0.463454 -0.289015 2.60303 0.40947 -0.233683 2.71895 0.486234 -0.215352 2.60667 0.339244 -0.140138 2.66497 0.332235 -0.353916 2.69981 0.353802 -0.313007 2.63868 0.341873 -0.235503 2.61584 0.279465 -0.200188 2.68343 0.223729 -0.401161 2.65297 0.278723 -0.33545 2.60061 0.28425 -0.425895 2.68397 0.183292 -0.315703 2.79747 0.288967 -0.387344 2.65398 0.11529 -0.239951 2.77058 0.227233 -0.168849 2.74005 0.457456 -0.123492 2.72023 0.386825 -0.0897268 2.57284 0.523773 -0.0612859 2.56455 0.457254 -0.0500984 2.45456 0.532939 -0.0376976 2.46413 0.474911 -0.089255 2.53759 0.389521 -0.071867 2.46056 0.407988 -0.140138 2.66497 0.332235 -0.200188 2.68343 0.223729 -0.32278 2.59737 0.131802 -0.445507 2.49082 0.189896 -0.469769 2.53887 0.241723 -0.369215 2.47384 0.190638 -0.416661 2.40684 0.328057 -0.458312 2.48354 0.336212 -0.429264 2.57001 0.294359 -0.34374 2.54844 0.297594 -0.296833 2.56637 0.229525 -0.32278 2.59737 0.131802 -0.319477 2.50032 0.245767 -0.369215 2.47384 0.190638 -0.420503 2.53065 0.359193 -0.326352 2.51306 0.367011 -0.313884 2.43953 0.358385 -0.334372 2.41021 0.341131 -0.365845 2.53793 0.436631 -0.372113 2.45456 0.506991 -0.462895 2.58032 0.492838 -0.515733 2.56125 0.471878 -0.474015 2.52667 0.418501 -0.458042 2.45079 0.47909 -0.372113 2.45456 0.506991 -0.334372 2.41021 0.341131 -0.52072 2.53139 0.53186 -0.483383 2.54979 0.552011 -0.483383 2.54979 0.552011 -0.595731 2.64421 0.517775 0.685454 1.94984 -0.0717996 0.627292 1.97868 -0.00339328 0.705066 1.96615 -0.0655318 0.659372 1.99755 -0.0128287 0.640164 2.04251 0.0199255 0.549113 2.07924 0.0844227 0.540824 2.18606 0.122299 0.503082 2.17413 0.144135 0.483133 2.07978 0.147707 0.467161 2.19529 0.167117 0.495736 2.25918 0.118794 0.463386 2.2451 0.187538 0.379682 2.16645 0.210654 0.403742 2.25857 0.212541 0.494725 2.29234 0.194614 0.57378 2.22252 0.128701 0.601884 2.21901 0.0813226 0.585844 2.26019 0.155053 0.615565 2.28978 0.059419 0.614352 2.24004 0.0402115 0.681613 2.08908 0.0152751 0.66874 2.16517 0.0113663 0.592583 2.36681 0.0892078 0.573039 2.35239 0.148987 0.516494 2.43279 0.165095 0.548911 2.28937 0.190368 0.513124 2.38845 0.20068 0.527614 2.33702 0.201893 0.45941 2.38305 0.245295 0.717399 2.06744 -0.0263752 0.477674 2.49163 0.137396 0.479764 2.477 0.158625 0.485223 2.38919 0.164691 0.440674 2.38117 0.212272 0.423893 2.42181 0.268345 0.350567 2.37955 0.278926 0.409605 2.415 0.23249 0.458467 2.45914 0.147977 0.409605 2.415 0.23249 0.345647 2.37409 0.253046 0.345647 2.37409 0.253046 0.398148 2.26868 0.182685 0.456714 2.47181 0.129712 0.339783 2.23101 0.195625 0.364046 2.21949 0.232625 0.236062 2.18754 0.265447 0.318621 2.24564 0.24725 0.244015 2.29146 0.257359 0.294359 2.31242 0.251091 0.246104 2.29463 0.22966 0.248732 2.18107 0.189492 0.29564 2.31674 0.229457 0.246104 2.29463 0.22966 0.29564 2.31674 0.229457 0.37739 2.17939 0.194816 0.31788 2.00173 0.229255 0.327113 2.17231 0.222785 0.408729 2.01312 0.198725 0.356902 1.97255 0.210924 0.318958 2.17292 0.196232 0.309725 2.00234 0.202702 0.400574 2.01373 0.172171 0.369235 2.18006 0.168262 0.348747 1.97316 0.184303 0.348747 1.97316 0.184303 0.485829 2.12035 0.124793 0.412233 2.04433 0.183629 0.429689 2.12958 0.163545 0.504295 2.03914 0.106865 0.492164 1.98165 0.110437 0.422882 1.98367 0.168734 0.410279 2.13032 0.139148 0.392824 2.04507 0.159232 0.472754 1.98239 0.0861076 0.484953 2.03988 0.0825356 0.403539 1.98441 0.144337 0.403539 1.98441 0.144337 0.472754 1.98239 0.0861076 0.466419 2.12109 0.100463 0.558953 2.08173 0.0512643 0.522897 1.91371 0.110909 0.521144 2.08705 0.100328 0.583283 1.91567 0.0484337 0.536982 1.90037 0.0986432 0.501263 2.08571 0.0807834 0.502543 1.91203 0.0924428 0.517101 1.89902 0.0790985 0.563469 1.91432 0.0288216 0.563469 1.91432 0.0288216 0.539139 2.08038 0.0316522 0.502543 1.91203 0.0924428 0.290113 2.18902 0.221505 0.248059 2.12527 0.254798 0.26666 2.18619 0.235388 0.285463 2.13282 0.231884 0.267334 2.08422 0.256753 0.305479 2.07101 0.237949 0.25682 2.18377 0.21982 0.238219 2.12284 0.239162 0.257494 2.0818 0.241117 0.275623 2.13039 0.216315 0.280273 2.1866 0.205869 0.29564 2.06859 0.222314 0.29564 2.06859 0.222314 0.63201 2.03556 -0.0325755 0.649465 1.86741 0.0232278 0.589079 2.02546 0.0286194 0.70082 1.88702 -0.065734 0.665842 1.85414 0.00610937 0.567849 2.01245 0.0156121 0.628168 1.85441 0.0102205 0.679591 1.87402 -0.0787413 0.61078 2.02256 -0.0455828 0.628168 1.85441 0.0102205 0.644613 1.84113 -0.00689791 0.679591 1.87402 -0.0787413 0.659372 1.99755 -0.0128287 0.612195 2.07944 -0.0217923 0.705066 1.96615 -0.0655318 0.640164 2.04251 0.0199255 0.681613 2.08908 0.0152751 0.673929 2.09076 -0.0174116 0.717399 2.06744 -0.0263752 0.483673 2.40893 0.10545 0.485223 2.38919 0.164691 0.450918 2.28082 0.0559819 0.456714 2.47181 0.129712 0.458467 2.45914 0.147977 0.398148 2.26868 0.182685 0.440674 2.38117 0.212272 0.345647 2.37409 0.253046 0.409605 2.415 0.23249 0.394778 2.16874 0.0127142 0.339783 2.23101 0.195625 0.248732 2.18107 0.189492 0.246104 2.29463 0.22966 0.29564 2.31674 0.229457 0.685454 1.94984 -0.0717996 0.705066 1.96615 -0.0655318 0.627292 2.01717 -0.103138 0.659372 2.02478 -0.0833915 0.640164 2.08011 -0.0774608 0.549113 2.15061 -0.10051 0.540824 2.25521 -0.0568378 0.503082 2.26107 -0.0809654 0.483133 2.19361 -0.147013 0.467161 2.29221 -0.0837959 0.495736 2.30696 -0.00507819 0.463386 2.34275 -0.065397 0.379682 2.30002 -0.135421 0.403742 2.36958 -0.0748998 0.494725 2.38251 -0.0389781 0.57378 2.28648 -0.037091 0.601884 2.25211 -0.00426947 0.585844 2.3321 -0.0312276 0.615565 2.28978 0.059419 0.614352 2.24004 0.0402115 0.681613 2.11145 -0.0427521 0.66874 2.16517 0.0113663 0.592583 2.36681 0.0892078 0.573039 2.39626 0.0352242 0.516494 2.46669 0.0772789 0.548911 2.37746 -0.0377649 0.513124 2.45773 0.0211386 0.527614 2.42053 -0.0143114 0.45941 2.48374 -0.0154571 0.717399 2.06744 -0.0263752 0.477674 2.49163 0.137396 0.479764 2.49507 0.111853 0.485223 2.43414 0.0482988 0.440674 2.46022 0.00765944 0.423893 2.52795 -0.00656091 0.350567 2.50376 -0.0428196 0.409605 2.49877 0.0154773 0.458467 2.47471 0.107741 0.409605 2.49877 0.0154773 0.345647 2.48233 -0.0273187 0.345647 2.48233 -0.0273187 0.398148 2.35697 -0.0459871 0.456714 2.47181 0.129712 0.339784 2.33776 -0.0808979 0.364046 2.35414 -0.116011 0.236062 2.35252 -0.16184 0.318621 2.38326 -0.109339 0.244015 2.42403 -0.0859526 0.294359 2.43529 -0.0672841 0.246104 2.40779 -0.0633078 0.248732 2.29665 -0.109878 0.29564 2.42396 -0.048346 0.246104 2.40779 -0.0633078 0.29564 2.42396 -0.048346 0.381636 2.29719 -0.0986229 0.323743 2.23512 -0.2692 0.410481 2.20601 -0.238266 0.334998 2.32199 -0.122414 0.3598 2.19967 -0.281601 0.323676 2.30117 -0.107856 0.312488 2.21436 -0.254643 0.399159 2.18525 -0.223709 0.370314 2.27637 -0.0839981 0.348478 2.17885 -0.267044 0.348478 2.17885 -0.267044 0.485829 2.20823 -0.102801 0.412233 2.19145 -0.197492 0.504295 2.13605 -0.144115 0.429689 2.24112 -0.125311 0.492164 2.09588 -0.185428 0.422882 2.13652 -0.227213 0.410279 2.22528 -0.10671 0.392824 2.17561 -0.178891 0.472754 2.08004 -0.166827 0.484953 2.12021 -0.125581 0.403539 2.12068 -0.208612 0.403539 2.12068 -0.208612 0.472754 2.08004 -0.166827 0.466419 2.19246 -0.0842677 0.558953 2.13019 -0.0742932 0.522897 2.04588 -0.231392 0.583283 2.0053 -0.183811 0.521144 2.16712 -0.107047 0.536982 2.02775 -0.231257 0.501263 2.15297 -0.0935008 0.502543 2.03226 -0.218856 0.517101 2.01359 -0.217643 0.563469 1.99115 -0.170197 0.563469 1.99115 -0.170197 0.539139 2.11603 -0.0606793 0.502543 2.03226 -0.218856 0.287013 2.33156 -0.126592 0.25008 2.32327 -0.200794 0.285126 2.30737 -0.178554 0.264907 2.34228 -0.138723 0.270838 2.29989 -0.233683 0.307703 2.27515 -0.230583 0.253855 2.32873 -0.132388 0.239028 2.30973 -0.194459 0.259785 2.28634 -0.227348 0.27414 2.29376 -0.172219 0.27596 2.31795 -0.120257 0.296651 2.26154 -0.224248 0.296651 2.26154 -0.224248 0.63201 2.03968 -0.043224 0.649465 1.95267 -0.197559 0.70082 1.90745 -0.118505 0.589079 2.07331 -0.0953879 0.665842 1.93137 -0.193852 0.567849 2.05491 -0.0945117 0.628168 1.93427 -0.196683 0.679591 1.88905 -0.117628 0.61078 2.02128 -0.0423478 0.628168 1.93427 -0.196683 0.644613 1.91297 -0.192976 0.679591 1.88905 -0.117628 0.659372 2.02478 -0.0833915 0.705066 1.96615 -0.0655318 0.612195 2.07944 -0.0217923 0.640164 2.08011 -0.0774608 0.681613 2.11145 -0.0427521 0.673929 2.09076 -0.0174116 0.717399 2.06744 -0.0263752 0.483673 2.40893 0.10545 0.450918 2.28082 0.0559819 0.485223 2.43414 0.0482988 0.456714 2.47181 0.129712 0.458467 2.47471 0.107741 0.398148 2.35697 -0.0459871 0.440674 2.46022 0.00765944 0.345647 2.48233 -0.0273187 0.409605 2.49877 0.0154773 0.394778 2.16874 0.0127142 0.339784 2.33776 -0.0808979 0.248732 2.29665 -0.109878 0.246104 2.40779 -0.0633078 0.29564 2.42396 -0.048346 0.230468 2.00429 0.225818 0.178844 1.90623 0.254731 0.213619 2.002 0.238151 0.19576 1.89498 0.249137 0.122231 1.82091 0.264907 0.137328 1.80682 0.260527 0.0589473 1.78512 0.267334 0.0638672 1.76497 0.26174 -2.36465e-005 1.77299 0.269288 -2.36459e-005 1.75291 0.263694 0.0282824 1.7521 0.264436 -0.0114809 1.74718 0.265851 0.00348099 1.77003 0.272725 0.0150729 1.63503 0.263425 0.0718197 1.65829 0.261201 0.0547688 1.5332 0.271849 0.120816 1.56029 0.269221 0.113807 1.5057 0.278252 0.105854 1.80777 0.285867 0.0958125 1.76032 0.23404 0.0799073 1.80777 0.24051 0.121086 1.77144 0.28425 0.116031 1.71247 0.235051 0.136048 1.70937 0.260931 0.128364 1.66597 0.218674 0.0863097 1.82253 0.262886 0.0863097 1.82253 0.262886 0.120479 1.81592 0.277308 0.105854 1.80777 0.285867 0.100935 1.83061 0.254326 0.0799073 1.80777 0.24051 0.0945994 1.81592 0.231951 0.0958125 1.76032 0.23404 0.110437 1.76841 0.225481 0.135711 1.77953 0.275691 0.121086 1.77144 0.28425 0.116031 1.71247 0.235051 0.130656 1.72063 0.226492 0.150672 1.71746 0.252372 0.136048 1.70937 0.260931 0.128364 1.66597 0.218674 0.142989 1.67412 0.210115 0.128364 1.66597 0.218674 -0.230448 2.00429 0.225818 -0.178891 1.90623 0.254731 -0.195807 1.89498 0.249137 -0.213599 2.002 0.238151 -0.122211 1.82091 0.264907 -0.137308 1.80682 0.260527 -0.0589271 1.78512 0.267334 -0.0639143 1.76497 0.26174 -2.36465e-005 1.77299 0.269288 -2.36459e-005 1.75291 0.263694 -0.0281948 1.74961 0.269086 -0.00346081 1.77003 0.272725 0.00651367 1.74529 0.270366 -0.0185574 1.64467 0.268277 -0.0647905 1.67163 0.266323 -0.0651275 1.56144 0.275556 -0.118976 1.59278 0.273264 -0.119515 1.54472 0.28115 -0.105834 1.80777 0.285867 -0.0799544 1.80777 0.24051 -0.0957923 1.76032 0.23404 -0.121066 1.77144 0.28425 -0.116078 1.71247 0.235051 -0.136027 1.70937 0.260931 -0.128344 1.66597 0.218674 -0.086357 1.82253 0.262886 -0.086357 1.82253 0.262886 -0.120526 1.81592 0.277308 -0.100982 1.83061 0.254326 -0.105834 1.80777 0.285867 -0.0799544 1.80777 0.24051 -0.0945793 1.81592 0.231951 -0.0957923 1.76032 0.23404 -0.110485 1.76841 0.225481 -0.13569 1.77953 0.275691 -0.121066 1.77144 0.28425 -0.116078 1.71247 0.235051 -0.130703 1.72063 0.226492 -0.15072 1.71746 0.252372 -0.136027 1.70937 0.260931 -0.128344 1.66597 0.218674 -0.142969 1.67412 0.210115 -0.128344 1.66597 0.218674 -0.835321 1.68969 0.0589473 -0.788212 1.57276 0.101676 -0.879667 1.62122 0.077481 -0.730319 1.62526 0.0898144 -0.922733 1.59318 -0.0349344 -0.948545 1.50179 0.135374 -0.97921 1.46884 0.0377178 -0.976042 1.44323 0.164354 -0.881419 1.53401 -0.0773934 -0.845565 1.58752 -0.12639 -0.896314 1.66246 -0.0782695 -0.93109 1.42456 -0.00534787 -0.95333 1.3703 0.0222169 -1.00125 1.41586 0.0664282 -0.860123 1.46446 0.154986 -0.792121 1.48259 -0.0662058 -0.751684 1.52639 -0.112506 -0.745416 1.51237 0.0439856 -0.687254 1.54998 0.0160165 -0.85992 1.39255 0.00765942 -0.885598 1.33964 0.0381895 -0.825481 1.41876 0.101204 -0.887687 1.42105 0.180933 -0.849137 1.36788 0.124927 -0.85992 1.39255 0.00765942 -0.792121 1.48259 -0.0662058 -0.751684 1.52639 -0.112506 -0.885598 1.33964 0.0381895 -0.95333 1.3703 0.0222169 -1.00125 1.41586 0.0664282 -0.885598 1.33964 0.0381895 -0.976042 1.44323 0.164354 -0.887687 1.42105 0.180933 -0.849137 1.36788 0.124927 -0.885598 1.33964 0.0381895 -0.976042 1.44323 0.164354 -0.896314 1.66246 -0.0782695 -0.845565 1.58752 -0.12639 -0.835321 1.68969 0.0589473 -0.751684 1.52639 -0.112506 -0.687254 1.54998 0.0160165 -0.730319 1.62526 0.0898144 -0.835321 1.68969 0.0589473 -0.751684 1.52639 -0.112506 0.166443 0.203962 -0.00568473 0.19239 0.493357 0.0559145 0.2118 0.20841 0.0124445 0.137058 0.490325 0.035022 0.24388 0.495649 0.0229583 0.250552 0.207197 -0.0159289 0.140563 0.186304 -0.0880419 0.113268 0.490324 -0.0664079 0.239971 0.189202 -0.0980164 0.244419 0.497468 -0.0793478 0.171834 0.494099 -0.103408 0.183966 0.180441 -0.130164 0.113268 0.490324 -0.0664079 0.140563 0.186304 -0.0880419 0.135037 0.0837959 -0.136432 0.181674 0.0790783 -0.178756 0.126208 0.100038 -0.0557595 0.229592 0.14863 0.0604301 0.126208 0.100038 -0.0557595 0.162669 0.130231 0.0346177 0.234916 0.0844026 -0.152135 0.270097 0.103273 -0.0813698 0.281015 0.133736 0.0299673 0.195962 0.0799544 0.215574 0.162669 0.130231 0.0346177 0.229592 0.14863 0.0604301 0.317543 0.0864917 0.189829 0.245902 0.0370235 0.318621 0.366742 0.0263077 0.253181 0.36162 0.053805 0.169004 0.37584 2.36114e-005 0.275488 0.352993 2.36109e-005 0.163949 0.303592 0.0575792 0.0156795 0.281015 0.133736 0.0299673 0.292472 2.36096e-005 0.0115011 0.28398 0.0345299 -0.0860873 0.285193 2.36094e-005 -0.0879071 0.247722 0.025162 -0.193516 0.243408 2.36086e-005 -0.190483 0.182079 0.0263077 -0.207871 0.178372 2.36072e-005 -0.20349 0.120614 0.023275 -0.165344 0.12176 2.3606e-005 -0.164199 0.108213 0.0347321 -0.0471328 0.115425 2.36059e-005 -0.0463241 0.136384 0.0589944 0.0359656 0.151346 2.36066e-005 0.0392005 0.149594 0.0608141 0.11684 0.145011 2.36065e-005 0.117783 0.14764 0.0552877 0.225549 0.135104 2.36063e-005 0.223459 0.135239 2.36063e-005 0.356093 0.143124 0.0285991 0.325833 0.196569 0.0370235 0.318621 0.181674 0.0790783 -0.178756 0.234916 0.0844026 -0.152135 0.270097 0.103273 -0.0813698 0.203982 2.36077e-005 0.342884 0.198927 2.36076e-005 0.228649 0.244352 2.36086e-005 0.342884 0.126208 0.100038 -0.0557595 0.135037 0.0837959 -0.136432 0.115425 2.36059e-005 -0.0463241 0.285193 2.36094e-005 -0.0879071 0.243408 2.36086e-005 -0.190483 0.12176 2.3606e-005 -0.164199 0.151346 2.36066e-005 0.0392005 0.292472 2.36096e-005 0.0115011 0.145011 2.36065e-005 0.117783 0.178372 2.36072e-005 -0.20349 0.352993 2.36109e-005 0.163949 0.198927 2.36076e-005 0.228649 0.244352 2.36086e-005 0.342884 0.37584 2.36114e-005 0.275488 0.135104 2.36063e-005 0.223459 0.203982 2.36077e-005 0.342884 0.135239 2.36063e-005 0.356093 -0.16649 0.203962 -0.00568474 -0.19237 0.493357 0.0559145 -0.137038 0.490324 0.035022 -0.211847 0.20841 0.0124445 -0.24386 0.495649 0.0229583 -0.250599 0.207197 -0.0159289 -0.140543 0.186304 -0.0880419 -0.113315 0.490324 -0.0664079 -0.240018 0.189202 -0.0980164 -0.244399 0.497468 -0.0793479 -0.171882 0.494099 -0.103408 -0.184013 0.180441 -0.130164 -0.113315 0.490324 -0.0664079 -0.140543 0.186304 -0.0880419 -0.135016 0.0837959 -0.136432 -0.181721 0.0790783 -0.178756 -0.126188 0.100038 -0.0557596 -0.229639 0.14863 0.06043 -0.126188 0.100038 -0.0557596 -0.162648 0.130231 0.0346177 -0.280995 0.133736 0.0299673 -0.234896 0.0844026 -0.152135 -0.270077 0.103273 -0.0813698 -0.196009 0.0799544 0.215574 -0.229639 0.14863 0.06043 -0.162648 0.130231 0.0346177 -0.317523 0.0864917 0.189829 -0.245882 0.0370235 0.318621 -0.366721 0.0263077 0.253181 -0.361599 0.053805 0.169004 -0.37582 2.35955e-005 0.275488 -0.35304 2.3596e-005 0.163949 -0.303572 0.0575792 0.0156795 -0.280995 0.133736 0.0299673 -0.292519 2.35973e-005 0.0115011 -0.28396 0.0345299 -0.0860874 -0.285241 2.35974e-005 -0.0879071 -0.247701 0.025162 -0.193516 -0.243388 2.35983e-005 -0.190483 -0.182058 0.0263077 -0.207871 -0.178352 2.35997e-005 -0.20349 -0.120661 0.023275 -0.165344 -0.12174 2.36009e-005 -0.164199 -0.108193 0.0347321 -0.0471329 -0.115472 2.3601e-005 -0.0463241 -0.136364 0.0589944 0.0359656 -0.151326 2.36003e-005 0.0392005 -0.149574 0.0608141 0.11684 -0.144991 2.36004e-005 0.117783 -0.147619 0.0552877 0.225549 -0.135151 2.36006e-005 0.223459 -0.135219 2.36006e-005 0.356093 -0.143104 0.0285991 0.325833 -0.196548 0.0370235 0.318621 -0.181721 0.0790783 -0.178756 -0.234896 0.0844026 -0.152135 -0.270077 0.103273 -0.0813698 -0.203962 2.35991e-005 0.342884 -0.198907 2.35992e-005 0.228649 -0.244332 2.35983e-005 0.342884 -0.126188 0.100038 -0.0557596 -0.135016 0.0837959 -0.136432 -0.115472 2.3601e-005 -0.0463241 -0.243388 2.35983e-005 -0.190483 -0.285241 2.35974e-005 -0.0879071 -0.12174 2.36009e-005 -0.164199 -0.151326 2.36003e-005 0.0392005 -0.292519 2.35973e-005 0.0115011 -0.144991 2.36004e-005 0.117783 -0.178352 2.35997e-005 -0.20349 -0.35304 2.3596e-005 0.163949 -0.198907 2.35992e-005 0.228649 -0.244332 2.35983e-005 0.342884 -0.37582 2.35955e-005 0.275488 -0.135151 2.36006e-005 0.223459 -0.203962 2.35991e-005 0.342884 -0.135219 2.36006e-005 0.356093 -2.36377e-005 1.37725 0.249743 0.12149 1.46473 0.217731 0.128701 1.43494 0.219281 -2.36383e-005 1.40987 0.243947 0.234647 1.50766 0.114548 0.244284 1.47794 0.112998 0.275084 1.51945 -0.0170746 0.285126 1.48966 -0.0206466 0.242936 1.53071 -0.151056 0.252507 1.50092 -0.155774 0.12823 1.52895 -0.225596 0.130791 1.49916 -0.23065 -2.36305e-005 1.53199 -0.246084 -2.36298e-005 1.5022 -0.251543 -2.36366e-005 1.34483 0.229053 0.122636 1.40508 0.195625 0.222179 1.44424 0.0968909 0.254933 1.45219 -0.0253642 0.225548 1.46237 -0.137173 0.120681 1.46843 -0.198907 -2.36299e-005 1.47187 -0.218384 -2.36316e-005 1.54365 -0.205242 0.113538 1.54021 -0.187113 0.202836 1.53414 -0.125177 0.230738 1.52397 -0.0176138 0.199466 1.51601 0.0999236 0.103967 1.47625 0.19266 -2.3638e-005 1.42335 0.214361 -2.36377e-005 1.37725 0.249743 -0.12147 1.46473 0.217731 -2.36383e-005 1.40987 0.243947 -0.128681 1.43494 0.219281 -0.234694 1.50766 0.114548 -0.244264 1.47794 0.112998 -0.275064 1.51945 -0.0170746 -0.285106 1.48966 -0.0206466 -0.242916 1.53071 -0.151056 -0.252554 1.50092 -0.155774 -0.128209 1.52895 -0.225596 -0.13077 1.49916 -0.23065 -2.36305e-005 1.53199 -0.246084 -2.36298e-005 1.5022 -0.251543 -2.36366e-005 1.34483 0.229053 -0.122616 1.40508 0.195625 -0.222226 1.44424 0.0968909 -0.254913 1.45219 -0.0253642 -0.225528 1.46237 -0.137173 -0.120661 1.46843 -0.198907 -2.36299e-005 1.47187 -0.218384 -2.36316e-005 1.54365 -0.205242 -0.113585 1.54021 -0.187113 -0.202884 1.53414 -0.125177 -0.230785 1.52397 -0.0176138 -0.199514 1.51601 0.0999236 -0.103947 1.47625 0.19266 -2.3638e-005 1.42335 0.214361 -0.0457176 1.3759 0.283104 -0.0560965 1.34618 0.275556 -0.0765847 1.35763 0.231884 -0.0691712 1.38324 0.232895 -0.104217 1.36175 0.211867 0.0168926 1.36195 0.29409 0.0143315 1.3265 0.297931 0.0600257 1.3145 0.270232 0.0145337 1.30062 0.323676 0.0727633 1.29314 0.297122 0.0877925 1.30136 0.234714 0.0725611 1.2527 0.304536 0.0958125 1.26948 0.248059 0.0772115 1.23882 0.243004 -0.0728779 1.32097 0.300357 -0.0188269 1.40447 0.25992 -0.052929 1.40454 0.233771 0.0137925 1.41303 0.243139 -0.0195682 1.42247 0.240173 0.0417615 1.37057 0.263223 0.0591495 1.23882 0.284048 -0.000764999 1.2556 0.309388 0.0174318 1.21651 0.318554 -0.0455155 1.23673 0.318015 -0.0990947 1.25647 0.280408 -0.0778652 1.27865 0.265379 -0.0813698 1.28903 0.290181 0.00570497 1.26645 0.325361 -0.106373 1.30055 0.23249 -0.0219945 1.18247 0.266457 0.0319217 1.19386 0.284654 -0.0841329 1.23989 0.24907 -0.111226 1.33627 0.252035 -0.123559 1.33088 0.219483 0.0319217 1.19386 0.249137 0.0591495 1.23882 0.24853 0.0600257 1.3145 0.234714 0.0417615 1.37057 0.227638 -0.0562313 1.10477 0.261133 -0.0459872 1.25216 0.255337 -0.0209161 1.2436 0.254596 -0.0800892 1.10713 0.259246 -0.0316994 1.10382 0.241184 -0.0034608 1.23194 0.229929 -0.064723 1.25459 0.232086 -0.0928943 1.10854 0.236264 -0.0959271 0.943962 0.259179 -0.068632 0.943962 0.261066 -0.0440327 0.946658 0.241319 -0.109608 0.94686 0.236399 -0.0941074 0.782146 0.259988 -0.0634426 0.782079 0.262077 -0.0356757 0.785112 0.239836 -0.109541 0.785381 0.23431 0.0149382 1.1047 0.261538 -0.0197704 1.24913 0.253922 0.0021331 1.24785 0.253315 -0.00844803 1.10066 0.259718 0.0387287 1.11023 0.241791 0.0185775 1.24232 0.232895 -0.035204 1.24697 0.234647 -0.0211183 1.09863 0.236871 0.0371786 0.939514 0.25837 0.0624518 0.946389 0.26019 0.0846249 0.95515 0.241184 0.0236995 0.938638 0.236467 0.118053 2.10343 0.266323 -2.36508e-005 1.96332 0.28398 -2.36535e-005 2.0762 0.301031 0.176822 1.97026 0.259314 0.0743134 1.8294 0.273938 0.202836 1.84794 0.228379 0.308377 2.03523 0.170284 0.253585 2.15263 0.17817 0.325765 2.13187 0.143326 0.29719 1.9276 0.121355 0.150201 1.76733 0.15694 0.249946 1.80426 0.0633954 -2.36455e-005 1.78479 0.209441 -2.36478e-005 1.84227 0.261201 0.300222 1.88918 0.034348 0.259381 1.823 -0.0601401 0.264031 1.93353 -0.0804936 0.20196 1.8569 -0.183541 0.152627 1.7277 -0.116348 -2.36364e-005 1.74138 -0.17606 -2.36331e-005 1.58624 -0.180239 0.143596 1.57943 -0.120931 0.175069 1.56528 0.00334621 0.184909 1.7118 0.00617683 -2.36383e-005 1.87072 -0.215891 0.148448 2.04628 -0.216969 -2.3642e-005 2.05908 -0.228359 0.267401 2.03361 -0.155774 0.118727 1.54755 0.148448 0.122636 1.7002 0.152088 -2.36434e-005 1.70176 0.196838 -2.36399e-005 1.54075 0.190705 0.331696 2.18201 0.0663608 0.42888 2.14394 -0.0536703 0.421871 2.11024 0.106461 0.325765 2.13187 0.143326 0.328057 2.19623 -0.0317668 0.298605 2.12803 -0.117426 0.366405 2.04096 -0.144721 0.267401 2.03361 -0.155774 0.308377 2.03523 0.170284 0.359396 1.98104 0.117514 0.29719 1.9276 0.121355 0.324889 1.91115 0.0245757 0.33264 1.95725 -0.0738888 0.264031 1.93353 -0.0804936 0.300222 1.88918 0.034348 0.324889 1.91115 0.0245757 0.300222 1.88918 0.034348 0.479764 2.03482 0.0583408 0.417692 1.9497 0.0949364 0.368561 1.88959 -0.0140418 0.36964 1.91156 -0.117157 0.435754 1.99856 -0.152607 0.368561 1.88959 -0.0140418 0.429082 1.86445 -0.147687 0.432115 1.81626 -0.0182203 0.491625 1.94957 -0.175791 0.552888 2.00234 -0.0929617 0.578902 1.92982 -0.196751 0.487716 2.06522 -0.0746976 0.554909 1.96979 0.0202624 0.536847 1.94573 0.0352916 0.455097 1.774 -0.12329 0.511911 1.88932 -0.193718 0.617048 1.92652 0.0108271 0.59164 1.96608 -0.036417 0.621833 1.96992 -0.0891201 0.487716 1.88035 0.0761331 0.565153 1.86708 0.048501 0.432115 1.81626 -0.0182203 0.494995 1.76308 0.0255193 0.506385 1.84106 -0.1859 0.331696 2.18201 0.0663608 -2.36364e-005 1.35817 0.206139 0.144337 1.22298 0.190099 -2.36338e-005 1.21388 0.22474 0.13261 1.36606 0.174328 0.23586 1.23592 0.0947342 0.21672 1.37792 0.0867816 0.277241 1.24866 -0.0437632 0.254731 1.38675 -0.0363496 0.242869 1.25984 -0.183608 0.223122 1.39989 -0.153752 0.141574 1.26571 -0.248443 0.130049 1.40535 -0.213397 -2.36244e-005 1.26786 -0.273649 -2.36281e-005 1.40731 -0.236514 0.148853 1.07013 0.194345 -2.36306e-005 1.06069 0.230064 0.160242 0.911073 0.203106 -2.36275e-005 0.900897 0.241521 0.261875 0.925092 0.097767 0.243273 1.08334 0.0960821 0.307973 0.938975 -0.0422131 0.286002 1.09277 -0.0360126 0.269692 0.951174 -0.180441 0.250485 1.10787 -0.174106 0.157277 0.957576 -0.252217 0.146022 1.11393 -0.241029 -2.36178e-005 0.959935 -0.280186 -2.36213e-005 1.11616 -0.266976 0.294494 0.797108 -0.196414 0.33574 0.78774 -0.0492221 0.321182 0.634618 -0.21643 0.366944 0.617499 -0.0595336 0.2858 0.769206 0.0983062 0.311949 0.602807 0.101878 0.186661 0.642503 -0.296967 0.1717 0.803982 -0.273514 -2.36101e-005 0.645334 -0.330328 -2.3614e-005 0.806476 -0.304044 0.1748 0.754177 0.211126 0.190233 0.585689 0.222785 -2.36244e-005 0.742922 0.252978 -2.36212e-005 0.572277 0.268614 0.0985083 0.409854 0.289507 0.365124 0.474217 -0.252352 0.417423 0.452448 -0.0714626 0.211395 0.483181 -0.34684 -2.36056e-005 0.486483 -0.384986 -2.36185e-005 0.402508 0.313971 -2.36167e-005 0.254171 0.376581 0.41129 0.408035 -0.181856 0.416682 0.336057 -0.301618 0.476326 0.311255 -0.0802914 0.126882 0.425153 -0.393343 0.241454 0.346233 -0.413966 0.308377 0.387681 -0.343335 -2.36012e-005 0.350007 -0.45757 0.430969 0.379729 -0.0263077 0.398013 0.448 -0.0124243 0.394306 0.414707 0.0358307 0.404213 0.360386 0.0747179 0.354543 0.437891 0.11994 0.404685 0.294608 0.151616 0.288159 0.428523 0.187538 0.377592 0.443215 0.0499164 0.433193 0.327295 0.0282151 0.383119 0.49511 -0.00312375 0.371122 0.49511 0.0312479 0.211935 0.41255 0.259314 0.285396 0.26327 0.275017 0.197916 0.345357 0.295909 0.136654 0.293058 0.33082 -0.1181 2.10343 0.266323 -2.36508e-005 1.96332 0.28398 -0.176869 1.97026 0.259314 -2.36535e-005 2.0762 0.301031 -0.0743607 1.8294 0.273938 -0.202884 1.84794 0.228379 -0.308357 2.03523 0.170284 -0.253565 2.15263 0.17817 -0.325745 2.13187 0.143326 -0.297237 1.9276 0.121355 -0.15018 1.76733 0.15694 -0.249993 1.80426 0.0633954 -2.36455e-005 1.78479 0.209441 -2.36478e-005 1.84227 0.261201 -0.30027 1.88918 0.034348 -0.259361 1.823 -0.0601401 -0.264011 1.93353 -0.0804936 -0.20194 1.8569 -0.183541 -0.152674 1.7277 -0.116348 -2.36364e-005 1.74138 -0.17606 -2.36331e-005 1.58624 -0.180239 -0.143643 1.57943 -0.120931 -0.175049 1.56528 0.0033462 -0.184889 1.7118 0.00617683 -2.36383e-005 1.87072 -0.215891 -0.148428 2.04628 -0.216969 -2.3642e-005 2.05908 -0.228359 -0.267448 2.03361 -0.155774 -0.118774 1.54755 0.148448 -0.122683 1.7002 0.152088 -2.36434e-005 1.70176 0.196838 -2.36399e-005 1.54075 0.190705 -0.331676 2.18201 0.0663608 -0.421851 2.11024 0.106461 -0.42886 2.14394 -0.0536703 -0.325745 2.13187 0.143326 -0.328104 2.19623 -0.0317668 -0.298585 2.12803 -0.117426 -0.366452 2.04096 -0.144721 -0.267448 2.03361 -0.155774 -0.308357 2.03523 0.170284 -0.359375 1.98104 0.117514 -0.297237 1.9276 0.121355 -0.324869 1.91115 0.0245757 -0.332619 1.95725 -0.0738888 -0.264011 1.93353 -0.0804936 -0.30027 1.88918 0.034348 -0.324869 1.91115 0.0245757 -0.30027 1.88918 0.034348 -0.479743 2.03482 0.0583408 -0.41774 1.9497 0.0949364 -0.368609 1.88959 -0.0140418 -0.36962 1.91156 -0.117157 -0.435734 1.99856 -0.152607 -0.368609 1.88959 -0.0140418 -0.429062 1.86445 -0.147687 -0.432162 1.81626 -0.0182203 -0.491605 1.94957 -0.175791 -0.552867 2.00234 -0.0929617 -0.578882 1.92982 -0.196751 -0.487696 2.06522 -0.0746976 -0.554889 1.96979 0.0202623 -0.536895 1.94573 0.0352915 -0.487763 1.88035 0.0761331 -0.432162 1.81626 -0.0182203 -0.455077 1.774 -0.12329 -0.511891 1.88932 -0.193718 -0.494975 1.76308 0.0255192 -0.617028 1.92652 0.0108271 -0.591687 1.96608 -0.036417 -0.621813 1.96992 -0.0891202 -0.565133 1.86708 0.048501 -0.506432 1.84106 -0.1859 -0.331676 2.18201 0.0663608 -2.36364e-005 1.35817 0.206139 -0.144317 1.22298 0.190099 -0.13259 1.36606 0.174328 -2.36338e-005 1.21388 0.22474 -0.23584 1.23592 0.0947342 -0.2167 1.37792 0.0867816 -0.277288 1.24866 -0.0437632 -0.25471 1.38675 -0.0363497 -0.242849 1.25984 -0.183608 -0.223102 1.39989 -0.153752 -0.141621 1.26571 -0.248443 -0.130097 1.40535 -0.213397 -2.36244e-005 1.26786 -0.273649 -2.36281e-005 1.40731 -0.236514 -0.148832 1.07013 0.194345 -2.36306e-005 1.06069 0.230064 -0.160222 0.911073 0.203106 -2.36275e-005 0.900897 0.241521 -0.261922 0.925092 0.097767 -0.243253 1.08334 0.0960821 -0.307953 0.938975 -0.0422131 -0.286049 1.09277 -0.0360127 -0.26974 0.951174 -0.180441 -0.250465 1.10787 -0.174106 -0.157257 0.957576 -0.252217 -0.146069 1.11393 -0.241029 -2.36178e-005 0.959935 -0.280186 -2.36213e-005 1.11616 -0.266976 -0.294474 0.797108 -0.196414 -0.33572 0.78774 -0.0492221 -0.32123 0.634618 -0.21643 -0.366991 0.617499 -0.0595336 -0.285847 0.769206 0.0983062 -0.311929 0.602807 0.101878 -0.186641 0.642503 -0.296967 -0.171747 0.803982 -0.273514 -2.36101e-005 0.645334 -0.330328 -2.3614e-005 0.806476 -0.304044 -0.17478 0.754177 0.211126 -0.190281 0.585689 0.222785 -2.36244e-005 0.742922 0.252978 -2.36212e-005 0.572277 0.268614 -0.0985556 0.409854 0.289507 -0.365171 0.474217 -0.252352 -0.417403 0.452448 -0.0714626 -0.211375 0.483181 -0.34684 -2.36056e-005 0.486483 -0.384986 -0.41127 0.408035 -0.181856 -0.476306 0.311255 -0.0802914 -0.126862 0.425153 -0.393343 -0.241434 0.346233 -0.413966 -0.308357 0.387681 -0.343335 -0.416729 0.336057 -0.301618 -0.430949 0.379729 -0.0263077 -0.39806 0.448 -0.0124244 -0.394286 0.414707 0.0358307 -0.404193 0.360386 0.0747179 -0.35459 0.437891 0.11994 -0.404665 0.294608 0.151616 -0.288139 0.428523 0.187538 -0.377572 0.443215 0.0499164 -0.433173 0.327295 0.028215 -0.383166 0.49511 -0.00312377 -0.371102 0.49511 0.0312478 -0.211914 0.41255 0.259314 -0.285375 0.26327 0.275017 -0.197896 0.345357 0.295909 -0.136634 0.293058 0.33082 -2.36185e-005 0.402508 0.313971 -2.36167e-005 0.254171 0.376581 -2.36012e-005 0.350007 -0.45757 0.142585 1.89424 0.26457 -2.36489e-005 1.81882 0.338503 0.139283 1.86451 0.315117 -2.36481e-005 1.83911 0.278993 0.212541 1.99877 0.273938 0.213619 2.002 0.238151 0.257966 2.16624 0.19057 0.267401 2.17844 0.215641 0.230536 2.30966 0.11037 0.248732 2.34255 0.143933 0.128971 2.45584 0.0652151 0.0855684 2.39721 0.0505229 -2.36562e-005 2.4648 0.037246 -2.3655e-005 2.41743 0.0301695 0.206206 2.20816 0.261605 0.188211 2.34343 0.217528 0.19859 2.25554 0.32617 0.16004 2.12763 0.380019 0.174193 2.04689 0.325024 0.193131 2.35953 0.288361 0.102215 2.45503 0.160512 0.0921058 2.45395 0.240645 -2.36603e-005 2.46474 0.233771 -2.36583e-005 2.46373 0.141439 0.0715502 2.01036 0.44492 0.121692 1.9369 0.379345 -2.36552e-005 1.98832 0.466891 -2.36519e-005 1.89653 0.401989 0.0555775 2.06064 0.432452 -2.36559e-005 2.04278 0.444381 0.128701 2.25554 0.349084 0.118794 2.14373 0.387567 -2.366e-005 2.39647 0.287957 0.0658889 2.3877 0.295033 0.120412 2.33015 0.323204 0.128701 2.25554 0.349084 0.118794 2.14373 0.387567 -2.36534e-005 2.10545 0.267131 0.0555775 2.06064 0.432452 -2.36559e-005 2.04278 0.444381 0.195355 2.41244 -0.120392 -2.36523e-005 2.45449 -0.135084 0.363439 2.28169 -0.0826502 0.358991 2.14596 -0.234155 0.195895 2.29362 -0.351962 -2.36446e-005 2.32179 -0.369754 0.172104 2.0173 -0.453998 -2.36362e-005 2.02674 -0.473947 0.314915 1.93872 -0.302494 0.13753 1.76558 -0.478665 -2.36306e-005 1.77832 -0.490055 0.277241 1.7463 -0.339696 0.109763 1.54014 -0.464849 -2.36261e-005 1.55288 -0.476171 0.252507 1.53118 -0.376898 -2.36217e-005 1.29334 -0.426366 0.42888 2.14394 -0.0536703 0.353667 2.20014 0.0663608 0.427937 2.03846 -0.162648 0.386286 1.90846 -0.223843 0.20998 1.38338 -0.352568 0.128634 1.28053 -0.382627 0.22757 1.22298 -0.326554 -2.36184e-005 1.06069 -0.350277 0.461297 1.53111 -0.28396 0.287283 1.19932 -0.41747 0.560908 1.16556 -0.346166 0.322059 0.858572 -0.496255 0.660518 0.799938 -0.409248 0.436428 1.86869 -0.174375 0.435687 0.587374 -0.542556 0.389926 0.549565 -0.571603 0.489334 0.564527 -0.533727 0.50288 0.487561 -0.557113 0.760128 0.434386 -0.49174 0.645624 0.416324 -0.539321 0.538465 0.317186 -0.620802 0.619137 0.377842 -0.56547 0.625203 0.30647 -0.594922 0.650409 0.330395 -0.575647 0.721713 0.331069 -0.550576 0.653643 0.241838 -0.613725 0.807777 0.259563 -0.552059 0.724746 0.207129 -0.604223 0.750895 0.128749 -0.629698 0.859738 0.0687669 -0.617971 0.710323 0.387142 -0.529818 0.490951 0.449415 -0.578343 0.430161 0.455144 -0.596809 0.48556 0.305459 -0.644727 0.516561 0.238333 -0.66407 0.566973 0.250262 -0.640751 0.431509 0.289217 -0.671213 0.375773 0.331474 -0.671887 0.356767 0.517822 -0.594315 0.391543 0.177004 -0.736183 0.481246 0.211308 -0.688669 0.333853 2.14616 0.143326 0.308377 2.03523 0.183224 0.26794 1.92773 0.217528 0.421871 2.11024 0.106461 0.420186 1.73336 -0.246893 -2.36414e-005 2.20304 -0.4017 0.0650802 2.17164 -0.46067 0.0369091 2.15856 -0.410528 -2.36406e-005 2.23425 -0.46896 -2.36377e-005 2.11866 -0.49457 -2.3639e-005 2.11678 -0.428321 0.0782897 2.15694 -0.546869 -2.3638e-005 2.21861 -0.580432 -2.36338e-005 2.07708 -0.637853 -2.36511e-005 2.42396 -0.16002 0.0806486 2.45348 -0.239412 0.0458725 2.38696 -0.1921 -2.36521e-005 2.51656 -0.207736 -2.36483e-005 2.42363 -0.293732 -2.36482e-005 2.36034 -0.236783 0.0997889 2.49459 -0.305594 -2.36512e-005 2.57466 -0.308829 -2.36459e-005 2.48927 -0.472937 -2.36327e-005 1.86344 -0.475902 0.0408179 1.8414 -0.512632 0.0241713 1.83601 -0.47698 -2.3632e-005 1.88055 -0.52692 -2.36303e-005 1.79853 -0.52564 -2.36315e-005 1.81168 -0.482237 0.0558471 1.81188 -0.570525 -2.36297e-005 1.84692 -0.598426 -2.36272e-005 1.73862 -0.610558 -0.142565 1.89424 0.26457 -2.36489e-005 1.81882 0.338503 -2.36481e-005 1.83911 0.278993 -0.13933 1.86451 0.315117 -0.212521 1.99877 0.273938 -0.213599 2.002 0.238151 -0.257945 2.16624 0.19057 -0.267381 2.17844 0.215641 -0.230516 2.30966 0.11037 -0.248712 2.34255 0.143933 -0.129018 2.45584 0.0652151 -0.0855483 2.39721 0.0505229 -2.36562e-005 2.4648 0.037246 -2.3655e-005 2.41743 0.0301695 -0.206186 2.20816 0.261605 -0.188191 2.34343 0.217528 -0.19857 2.25554 0.32617 -0.16002 2.12763 0.380019 -0.174173 2.04689 0.325024 -0.193111 2.35953 0.288361 -0.102262 2.45503 0.160512 -0.0920857 2.45395 0.240645 -2.36603e-005 2.46474 0.233771 -2.36583e-005 2.46373 0.141439 -0.0715974 2.01036 0.44492 -0.12174 1.9369 0.379345 -2.36552e-005 1.98832 0.466891 -2.36519e-005 1.89653 0.401989 -0.0555574 2.06064 0.432452 -2.36559e-005 2.04278 0.444381 -0.128681 2.25554 0.349084 -0.118774 2.14373 0.387567 -2.366e-005 2.39647 0.287957 -0.0659363 2.3877 0.295033 -0.120392 2.33015 0.323204 -0.128681 2.25554 0.349084 -2.36534e-005 2.10545 0.267131 -0.118774 2.14373 0.387567 -0.0555574 2.06064 0.432452 -2.36559e-005 2.04278 0.444381 -0.195335 2.41244 -0.120392 -2.36523e-005 2.45449 -0.135084 -0.363419 2.28169 -0.0826502 -0.358971 2.14596 -0.234155 -0.195874 2.29362 -0.351962 -2.36446e-005 2.32179 -0.369754 -0.172084 2.0173 -0.453998 -2.36362e-005 2.02674 -0.473947 -0.314894 1.93872 -0.302494 -0.137577 1.76558 -0.478665 -2.36306e-005 1.77832 -0.490055 -0.277221 1.7463 -0.339696 -0.109743 1.54014 -0.464849 -2.36261e-005 1.55288 -0.476171 -0.252554 1.53118 -0.376898 -2.36217e-005 1.29334 -0.426366 -0.42886 2.14394 -0.0536703 -0.353714 2.20014 0.0663608 -0.427916 2.03846 -0.162648 -0.386266 1.90846 -0.223843 -0.20996 1.38338 -0.352568 -0.128614 1.28053 -0.382627 -0.22755 1.22298 -0.326554 -2.36184e-005 1.06069 -0.350277 -0.461345 1.53111 -0.28396 -0.287262 1.19932 -0.41747 -0.560955 1.16556 -0.346166 -0.322038 0.858572 -0.496255 -0.660498 0.799938 -0.409248 -0.436408 1.86869 -0.174375 -0.435734 0.587374 -0.542556 -0.389905 0.549565 -0.571603 -0.489313 0.564527 -0.533727 -0.50286 0.487561 -0.557113 -0.760108 0.434386 -0.49174 -0.645603 0.416324 -0.539321 -0.538512 0.317186 -0.620802 -0.490931 0.449415 -0.578343 -0.619184 0.377842 -0.56547 -0.625183 0.30647 -0.594922 -0.650388 0.330395 -0.575647 -0.721693 0.331069 -0.550576 -0.653623 0.241838 -0.613725 -0.807756 0.259563 -0.552059 -0.724725 0.207129 -0.604223 -0.750942 0.128749 -0.629698 -0.859718 0.0687668 -0.617971 -0.710303 0.387142 -0.529818 -0.430208 0.455144 -0.596809 -0.485607 0.305459 -0.644727 -0.516541 0.238333 -0.66407 -0.566953 0.250262 -0.640751 -0.431556 0.289217 -0.671214 -0.375752 0.331474 -0.671887 -0.356747 0.517822 -0.594315 -0.391523 0.177004 -0.736183 -0.481226 0.211308 -0.688669 -0.3339 2.14616 0.143326 -0.308357 2.03523 0.183224 -0.26792 1.92773 0.217528 -0.421851 2.11024 0.106461 -0.420166 1.73336 -0.246893 -2.36414e-005 2.20304 -0.4017 -0.0651275 2.17164 -0.46067 -2.36406e-005 2.23425 -0.46896 -0.0368889 2.15856 -0.410528 -2.36377e-005 2.11866 -0.49457 -2.3639e-005 2.11678 -0.428321 -0.078337 2.15694 -0.546869 -2.3638e-005 2.21861 -0.580432 -2.36338e-005 2.07708 -0.637853 -2.36511e-005 2.42396 -0.16002 -0.0806284 2.45348 -0.239412 -2.36521e-005 2.51656 -0.207736 -0.0458525 2.38696 -0.1921 -2.36483e-005 2.42363 -0.293732 -2.36482e-005 2.36034 -0.236783 -0.0997687 2.49459 -0.305594 -2.36512e-005 2.57466 -0.308829 -2.36459e-005 2.48927 -0.472937 -2.36327e-005 1.86344 -0.475902 -0.0408652 1.8414 -0.512632 -2.3632e-005 1.88055 -0.52692 -0.0241511 1.83601 -0.47698 -2.36303e-005 1.79853 -0.52564 -2.36315e-005 1.81168 -0.482237 -0.0558943 1.81188 -0.570525 -2.36297e-005 1.84692 -0.598426 -2.36272e-005 1.73862 -0.610558 -2.36441e-005 2.23121 -0.303505 0.427937 2.03846 -0.162648 -2.36375e-005 1.96817 -0.353984 0.386286 1.90846 -0.216767 0.420186 1.73336 -0.23867 0.436428 1.86869 -0.174375 -2.36325e-005 1.75264 -0.375146 0.252507 1.53118 -0.369485 -2.36276e-005 1.53293 -0.385053 0.20998 1.38338 -0.34192 0.128634 1.28053 -0.358095 0.22757 1.22298 -0.326554 -2.36228e-005 1.29334 -0.376022 -2.36187e-005 1.06069 -0.336461 0.461297 1.53111 -0.276546 0.287283 1.19932 -0.409248 0.560908 1.16556 -0.337944 0.322059 0.857427 -0.485539 0.660518 0.79886 -0.398599 0.435687 0.586228 -0.53184 0.389926 0.548419 -0.560955 0.489334 0.563381 -0.523011 0.50288 0.486483 -0.546465 0.760128 0.433241 -0.481024 0.645624 0.415246 -0.528605 0.538465 0.31604 -0.610086 0.490951 0.44827 -0.567627 0.619137 0.376763 -0.554754 0.625203 0.305392 -0.584273 0.650409 0.32925 -0.564998 0.721713 0.329991 -0.539927 0.653643 0.240692 -0.603077 0.807777 0.258485 -0.54141 0.724746 0.205984 -0.593507 0.750895 0.127603 -0.619049 0.859738 0.0676885 -0.607323 0.710323 0.385996 -0.51917 0.430161 0.453998 -0.586093 0.48556 0.304313 -0.634079 0.516561 0.237188 -0.653354 0.566973 0.249117 -0.630035 0.431509 0.288071 -0.660565 0.375773 0.330395 -0.661172 0.356767 0.516676 -0.5836 0.391543 0.175925 -0.725534 0.481246 0.210162 -0.67802 -2.36441e-005 2.23121 -0.303505 -2.36375e-005 1.96817 -0.353984 -0.427916 2.03846 -0.162648 -0.386266 1.90846 -0.216767 -0.420166 1.73336 -0.23867 -0.436408 1.86869 -0.174375 -2.36325e-005 1.75264 -0.375146 -0.252554 1.53118 -0.369485 -2.36276e-005 1.53293 -0.385053 -0.20996 1.38338 -0.34192 -0.128614 1.28053 -0.358095 -0.22755 1.22298 -0.326554 -2.36228e-005 1.29334 -0.376022 -2.36187e-005 1.06069 -0.336461 -0.461345 1.53111 -0.276546 -0.287262 1.19932 -0.409248 -0.560955 1.16556 -0.337944 -0.322038 0.857427 -0.485539 -0.660498 0.79886 -0.398599 -0.435734 0.586228 -0.53184 -0.389905 0.548419 -0.560955 -0.489313 0.563381 -0.523011 -0.50286 0.486483 -0.546465 -0.760108 0.433241 -0.481024 -0.645603 0.415246 -0.528605 -0.538512 0.31604 -0.610086 -0.619184 0.376763 -0.554754 -0.625183 0.305392 -0.584273 -0.650388 0.32925 -0.564998 -0.721693 0.329991 -0.539927 -0.653623 0.240692 -0.603077 -0.807756 0.258485 -0.54141 -0.724725 0.205984 -0.593507 -0.750942 0.127603 -0.619049 -0.859718 0.0676884 -0.607323 -0.710303 0.385996 -0.51917 -0.490931 0.44827 -0.567627 -0.430208 0.453998 -0.586093 -0.485607 0.304313 -0.634079 -0.516541 0.237188 -0.653354 -0.566953 0.249117 -0.630035 -0.431556 0.288071 -0.660565 -0.375752 0.330395 -0.661172 -0.356747 0.516676 -0.5836 -0.391523 0.175925 -0.725534 -0.481226 0.210162 -0.67802 -1.62129 2.94924 0.15074 -1.71166 2.95349 0.208902 -1.6779 2.97182 0.137261 -1.63968 2.92936 0.226155 -1.67844 2.87632 0.295909 -1.74448 2.90166 0.279532 -1.72804 2.85341 0.311478 -1.78977 2.83325 0.29382 -1.7366 2.77813 0.311747 -1.7641 2.76161 0.299683 -1.72555 2.75353 0.281217 -1.7461 2.74611 0.278926 -1.74057 2.71895 0.288631 -1.687 2.77893 0.281958 -1.69839 2.80609 0.321856 -1.67217 2.80326 0.307299 -1.66388 2.791 0.288765 -1.62506 2.81728 0.262751 -1.59392 2.84316 0.208093 -1.58253 2.81984 0.202634 -1.60781 2.79032 0.269625 -1.65424 2.77354 0.293955 -1.64979 2.73641 0.28425 -1.62776 2.75332 0.233434 -1.68504 2.73095 0.181674 -1.57923 2.83865 0.138474 -1.64245 2.94297 0.0805812 -1.58631 2.82982 0.0914318 -1.6843 2.92714 0.0396722 -1.63193 2.78419 0.049512 -1.73282 2.96313 0.0998562 -1.6599 2.77772 0.10363 -1.63193 2.78419 0.049512 -1.63928 2.686 0.256011 -1.62465 2.7021 0.231749 -1.65 2.64387 0.182079 -1.62122 2.6618 0.222246 -1.64164 2.62002 0.238219 -1.66307 2.64387 0.263559 -1.68585 2.69766 0.284519 -1.69481 2.74288 0.295505 -1.65 2.64387 0.182079 -1.66408 2.60162 0.237275 -1.68956 2.63296 0.25992 -1.71321 2.67683 0.270434 -1.77164 2.94439 0.182011 -1.79645 2.89384 0.262077 -1.80292 2.87565 0.048164 -1.81801 2.91049 0.148853 -1.84308 2.847 0.111313 -1.78526 2.92835 0.0766723 -1.85373 2.80535 0.196905 -1.83203 2.86614 0.230064 -1.83574 2.8098 0.25062 -1.78977 2.83325 0.29382 -1.79193 2.75575 0.280543 -1.7641 2.76161 0.299683 -1.75904 2.73991 0.262279 -1.7461 2.74611 0.278926 -1.74057 2.71895 0.288631 -1.78694 2.7385 0.225481 -1.82812 2.75353 0.24853 -1.82468 2.74146 0.221168 -1.80676 2.73317 0.208093 -1.81484 2.74038 0.155592 -1.79813 2.7604 0.0927124 -1.78526 2.73776 0.0881295 -1.81141 2.7079 0.154716 -1.80453 2.71268 0.209104 -1.77845 2.68431 0.211598 -1.75661 2.70109 0.160647 -1.68504 2.73095 0.181674 -1.74785 2.77038 0.0433116 -1.73869 2.90402 0.0262606 -1.70472 2.7819 0.0245757 -1.6843 2.92714 0.0396722 -1.63193 2.78419 0.049512 -1.73282 2.96313 0.0998562 -1.6599 2.77772 0.10363 -1.63193 2.78419 0.049512 -1.73303 2.64799 0.203038 -1.72844 2.66005 0.173115 -1.65 2.64387 0.182079 -1.70041 2.62979 0.177563 -1.74489 2.6738 0.251159 -1.70742 2.62588 0.238488 -1.68261 2.60344 0.215035 -1.65 2.64387 0.182079 -1.66408 2.60162 0.237275 -1.68956 2.63296 0.25992 -1.71321 2.67683 0.270434 -1.77481 2.71046 0.250283 -1.77164 2.94439 0.182011 -1.79645 2.89384 0.262077 -1.52835 2.65857 0.165364 -1.55847 2.68667 0.222718 -1.55807 2.68654 0.169408 -1.51965 2.65385 0.216989 -1.53084 2.63437 0.275758 -1.56595 2.66632 0.280206 -1.55787 2.6341 0.301436 -1.60093 2.63754 0.310736 -1.57883 2.5911 0.315049 -1.60093 2.58794 0.31788 -1.58752 2.57237 0.297998 -1.60093 2.57324 0.303255 -1.60093 2.55579 0.31141 -1.56097 2.57762 0.284317 -1.5491 2.59818 0.306558 -1.54001 2.58915 0.291461 -1.54385 2.57904 0.280341 -1.52511 2.58383 0.250957 -1.51932 2.58949 0.207015 -1.51992 2.5723 0.204252 -1.51959 2.56334 0.254259 -1.54088 2.56623 0.283306 -1.54951 2.54238 0.282026 -1.54944 2.54514 0.244082 -1.60093 2.54501 0.232692 -1.53354 2.58066 0.163343 -1.56245 2.65809 0.131195 -1.55362 2.57574 0.139215 -1.60093 2.65816 0.121018 -1.60093 2.55889 0.133891 -1.60093 2.69449 0.163612 -1.60093 2.56408 0.173722 -1.60093 2.55889 0.133891 -1.56346 2.50841 0.270232 -1.55942 2.51346 0.249811 -1.60093 2.48354 0.236399 -1.56932 2.48812 0.249339 -1.58455 2.46885 0.270232 -1.58321 2.48954 0.287215 -1.57734 2.52856 0.297527 -1.56892 2.55842 0.299616 -1.60093 2.48354 0.236399 -1.60093 2.46359 0.278454 -1.60093 2.48981 0.29382 -1.60093 2.5227 0.299818 -1.60093 2.69597 0.224538 -1.60093 2.67467 0.285126 -1.67352 2.65857 0.165364 -1.64339 2.68667 0.222718 -1.68221 2.65385 0.216989 -1.6438 2.68654 0.169408 -1.67102 2.63437 0.275758 -1.63591 2.66632 0.280206 -1.644 2.6341 0.301436 -1.60093 2.63754 0.310736 -1.62304 2.5911 0.315049 -1.60093 2.58794 0.31788 -1.61434 2.57237 0.297998 -1.60093 2.57324 0.303255 -1.60093 2.55579 0.31141 -1.6409 2.57762 0.284317 -1.65276 2.59818 0.306558 -1.66186 2.58915 0.291461 -1.65802 2.57904 0.280341 -1.67675 2.58383 0.250957 -1.68255 2.58949 0.207015 -1.68194 2.5723 0.204252 -1.68228 2.56334 0.254259 -1.66098 2.56623 0.283306 -1.65235 2.54238 0.282026 -1.65242 2.54514 0.244082 -1.60093 2.54501 0.232692 -1.66833 2.58066 0.163343 -1.63941 2.65809 0.131195 -1.64824 2.57574 0.139215 -1.60093 2.65816 0.121018 -1.60093 2.55889 0.133891 -1.60093 2.69449 0.163612 -1.60093 2.56408 0.173722 -1.60093 2.55889 0.133891 -1.6384 2.50841 0.270232 -1.64245 2.51346 0.249811 -1.60093 2.48354 0.236399 -1.63254 2.48812 0.249339 -1.62452 2.52856 0.297527 -1.61866 2.48954 0.287215 -1.61731 2.46885 0.270232 -1.60093 2.48354 0.236399 -1.60093 2.46359 0.278454 -1.60093 2.48981 0.29382 -1.60093 2.5227 0.299818 -1.63294 2.55842 0.299616 -1.60093 2.69597 0.224538 -1.60093 2.67467 0.285126 -1.53091 2.80414 0.0738417 -1.5051 2.84896 0.156334 -1.55773 2.84269 0.105315 -1.47086 2.80367 0.114481 -1.42139 2.78345 0.182752 -1.4532 2.82753 0.219753 -1.42153 2.78567 0.234175 -1.45354 2.79107 0.285732 -1.42402 2.72792 0.27104 -1.44195 2.72367 0.295977 -1.44754 2.70015 0.26484 -1.45516 2.70183 0.283172 -1.44545 2.67872 0.292135 -1.43635 2.70615 0.225009 -1.40481 2.73708 0.23276 -1.41034 2.72306 0.20998 -1.42415 2.70783 0.203982 -1.43602 2.7112 0.157007 -1.4747 2.71403 0.109157 -1.47645 2.69011 0.108348 -1.42557 2.6835 0.156131 -1.41721 2.69051 0.204791 -1.42463 2.65756 0.213822 -1.4625 2.65702 0.177563 -1.52282 2.65493 0.218202 -1.53091 2.69685 0.0826031 -1.59729 2.79922 0.0755266 -1.5735 2.68701 0.080042 -1.64406 2.79774 0.104237 -1.62236 2.66274 0.123445 -1.60498 2.85253 0.142113 -1.58314 2.6744 0.160916 -1.62236 2.66274 0.123445 -1.44653 2.6093 0.219011 -1.46345 2.61402 0.195288 -1.51352 2.57082 0.226088 -1.47099 2.57897 0.206476 -1.46297 2.55471 0.242869 -1.44673 2.58517 0.256146 -1.4344 2.63997 0.257359 -1.42698 2.68135 0.2488 -1.51352 2.57082 0.226088 -1.46992 2.54824 0.267401 -1.45704 2.58605 0.280071 -1.45401 2.63195 0.283441 -1.54452 2.86149 0.199803 -1.48232 2.83919 0.258842 -1.66907 2.80252 0.218809 -1.5859 2.84801 0.241184 -1.62553 2.80192 0.276836 -1.63935 2.84175 0.190975 -1.5547 2.7819 0.322665 -1.51979 2.82672 0.289641 -1.50341 2.78473 0.320172 -1.45354 2.79107 0.285732 -1.46607 2.72744 0.315184 -1.44195 2.72367 0.295977 -1.47308 2.69988 0.291663 -1.45516 2.70183 0.283172 -1.44545 2.67872 0.292135 -1.51237 2.7052 0.304805 -1.50348 2.73587 0.336279 -1.52633 2.72165 0.331763 -1.53286 2.70655 0.318015 -1.58031 2.70952 0.308512 -1.63005 2.71221 0.272186 -1.63065 2.68835 0.270164 -1.58038 2.68175 0.318621 -1.53151 2.68916 0.324687 -1.52248 2.65641 0.316532 -1.56049 2.65587 0.280408 -1.52282 2.65493 0.218202 -1.65909 2.69536 0.217191 -1.67048 2.79834 0.152357 -1.66361 2.686 0.174598 -1.64406 2.79774 0.104237 -1.62236 2.66274 0.123445 -1.60498 2.85253 0.142113 -1.58314 2.6744 0.160916 -1.62236 2.66274 0.123445 -1.51783 2.60849 0.29382 -1.54237 2.61314 0.278117 -1.51352 2.57082 0.226088 -1.53118 2.57823 0.269625 -1.47928 2.63949 0.304401 -1.48043 2.58477 0.291528 -1.49418 2.55431 0.275623 -1.51352 2.57082 0.226088 -1.46992 2.54824 0.267401 -1.45704 2.58605 0.280071 -1.45401 2.63195 0.283441 -1.48784 2.68067 0.312691 -1.54452 2.86149 0.199803 -1.48232 2.83919 0.258842 -1.64696 2.90847 0.0787615 -1.5977 2.90955 0.00523325 -1.60713 2.93785 0.0650803 -1.64952 2.87558 0.0216777 -1.62742 2.822 -0.0317668 -1.58058 2.8557 -0.0470655 -1.58968 2.80778 -0.0554226 -1.53448 2.80657 -0.0596011 -1.56508 2.75171 -0.0440327 -1.53745 2.74652 -0.0413369 -1.55867 2.73958 -0.0133679 -1.54115 2.73762 -0.0172768 -1.54122 2.71349 -0.017142 -1.59345 2.75299 -0.00581959 -1.60275 2.76444 -0.0437632 -1.61731 2.76229 -0.0238141 -1.61529 2.75683 -0.00521306 -1.64299 2.77799 0.0216777 -1.657 2.80791 0.0669 -1.65822 2.78999 0.0791659 -1.65101 2.75305 0.0277433 -1.61953 2.74065 -0.00238243 -1.61104 2.7143 0.0133207 -1.61724 2.73769 0.0543644 -1.55531 2.74335 0.076807 -1.64743 2.82126 0.123175 -1.61043 2.92606 0.123714 -1.62701 2.82847 0.156603 -1.5644 2.93138 0.142248 -1.5706 2.81196 0.180326 -1.55429 2.94978 0.0753244 -1.56353 2.79652 0.13288 -1.5706 2.81196 0.180326 -1.59857 2.68202 0.0470857 -1.60653 2.69867 0.0664955 -1.55982 2.67171 0.105113 -1.59648 2.67009 0.0822661 -1.57573 2.637 0.0718872 -1.57283 2.65149 0.0416267 -1.57505 2.69017 0.00840076 -1.58267 2.72293 -0.0112787 -1.55982 2.67171 0.105113 -1.5545 2.62662 0.0684501 -1.54971 2.64812 0.0374481 -1.54594 2.68222 0.0133207 -1.54398 2.91891 0.0061768 -1.53563 2.86237 -0.0505027 -1.46702 2.90779 0.105922 -1.49243 2.90914 0.0211385 -1.44801 2.87484 0.052073 -1.50085 2.93745 0.081053 -1.45374 2.82133 -0.00555006 -1.49377 2.85536 -0.0339909 -1.48299 2.80737 -0.039315 -1.53448 2.80657 -0.0596011 -1.51029 2.7515 -0.0357431 -1.53745 2.74652 -0.0413369 -1.52545 2.73944 -0.00838068 -1.54115 2.73762 -0.0172768 -1.54122 2.71349 -0.017142 -1.49438 2.75258 0.00914213 -1.47423 2.76397 -0.0243533 -1.46621 2.76175 -0.00103453 -1.47369 2.75622 0.0160839 -1.45495 2.77732 0.0500511 -1.45468 2.80717 0.09743 -1.45731 2.78918 0.109494 -1.44929 2.75225 0.0581386 -1.47059 2.74005 0.0200602 -1.48353 2.71383 0.0325284 -1.48953 2.73722 0.0735721 -1.55531 2.74335 0.076807 -1.48036 2.82065 0.148313 -1.51507 2.92565 0.138069 -1.50968 2.828 0.174261 -1.5644 2.93138 0.142248 -1.5706 2.81196 0.180326 -1.55429 2.94978 0.0753244 -1.56353 2.79652 0.13288 -1.5706 2.81196 0.180326 -1.50563 2.68162 0.0611039 -1.50368 2.69833 0.0819965 -1.55982 2.67171 0.105113 -1.5181 2.66982 0.0941276 -1.51662 2.68997 0.0172296 -1.52889 2.65129 0.0482988 -1.53509 2.63687 0.0780202 -1.55982 2.67171 0.105113 -1.5545 2.62662 0.0684501 -1.54971 2.64812 0.0374481 -1.54594 2.68222 0.0133207 -1.50334 2.72266 0.000650374 -1.54398 2.91891 0.0061768 -1.53563 2.86237 -0.0505027 -1.47922 3.00774 0.249541 -1.45502 3.01967 0.232355 -1.48151 2.9665 0.180731 -1.42159 2.964 0.154379 -1.44154 2.93078 0.0799746 -1.39214 2.93206 0.0624518 -1.38803 3.02048 0.126006 -1.35959 3.01158 0.0621823 -1.36983 2.97425 0.000111193 -1.35231 3.01475 -0.0175464 -1.38466 3.08848 0.0489728 -1.4412 3.0438 0.204656 -1.44013 3.06563 0.168465 -1.41546 3.07224 0.125736 -1.42516 3.11241 0.167117 -1.47719 3.08747 0.206476 -1.47416 3.12204 0.208969 -1.45893 3.14658 0.193738 -1.43298 3.14853 0.158895 -1.41169 3.13943 0.126477 -1.47632 3.12211 0.259583 -1.45206 3.16989 0.24051 -1.41081 3.1891 0.175339 -1.39052 3.18445 0.130589 -1.40589 3.10371 0.115088 -1.39403 3.13849 0.0773462 -1.39929 3.09178 0.0731677 -1.48771 3.06644 0.274478 -1.48751 3.09576 0.261403 -1.39073 3.04434 0.0850967 -1.37698 3.17252 0.0631932 -1.41586 3.22745 0.0931167 -1.42004 3.21478 0.0349545 -1.47362 3.20386 0.124793 -1.46735 3.17542 0.0490402 -1.37549 3.16235 0.0123098 -1.43871 3.23116 0.187538 -1.49546 3.20609 0.198456 -1.55982 3.1823 0.127354 -1.46634 3.20791 0.23249 -1.50402 3.19207 0.246104 -1.50665 3.16855 0.268547 -1.55908 3.18782 0.25965 -1.3823 3.08248 -0.0160637 -1.55982 3.18196 0.03145 -1.55726 3.20265 0.235186 -1.56097 3.17306 0.275758 -1.54183 3.15857 0.360878 -1.50948 3.13121 0.329472 -1.51541 3.09475 0.349084 -1.54284 3.1238 0.371594 -1.54007 3.10338 0.386017 -1.56245 3.161 0.37119 -1.56629 3.12993 0.376447 -1.56919 3.10661 0.389589 -1.5396 3.08875 0.401113 -1.57054 3.0961 0.405831 -1.57263 3.07918 0.404348 -1.54917 3.07244 0.399698 -1.5152 3.0473 0.375166 -1.50065 3.07426 0.373549 -1.49836 3.03012 0.312286 -1.48528 3.05364 0.309388 -1.49741 3.12595 0.276634 -1.59156 2.92734 0.110774 -1.48151 2.9665 0.180731 -1.51413 2.91157 0.118323 -1.5797 3.02223 0.180933 -1.44154 2.93078 0.0799746 -1.4931 2.8989 0.0439181 -1.59204 2.92329 0.0305065 -1.47922 3.00774 0.249541 -1.49836 3.03012 0.312286 -1.5152 3.0473 0.375166 -1.54917 3.07244 0.399698 -1.57263 3.07918 0.404348 -1.3823 3.08248 -0.0160637 -1.47302 3.04171 0.0230256 -1.35231 3.01475 -0.0175464 -1.36983 2.97425 0.000111193 -1.57465 3.06287 0.00712034 -1.4931 2.8989 0.0439181 -1.59204 2.92329 0.0305065 -1.4931 2.8989 0.0439181 -1.52006 3.06381 0.368292 -1.5086 3.05141 0.348612 -1.52174 3.01118 0.352589 -1.53354 3.01569 0.368292 -1.55106 3.01691 0.361013 -1.5514 2.95436 0.355284 -1.54776 3.07055 0.356228 -1.54014 3.01522 0.339042 -1.54014 3.01522 0.339042 -1.5334 3.05755 0.325159 -1.5334 3.05755 0.325159 -1.56231 3.04461 0.375301 -1.56777 3.07709 0.37894 -1.55362 3.07615 0.385815 -1.54627 3.07386 0.378064 -1.54627 3.07386 0.378064 -1.55625 3.07446 0.363641 -1.56231 3.04461 0.375301 -1.56231 3.04461 0.375301 -1.55625 3.07446 0.363641 -1.56777 3.07709 0.37894 -1.48198 2.87517 0.168195 -1.52033 2.81014 0.220292 -1.52201 2.84822 0.241117 -1.47834 2.83703 0.135643 -1.56198 2.81775 0.328865 -1.56198 2.76478 0.311949 -1.61084 2.77226 0.325159 -1.60511 2.8185 0.340592 -1.55146 2.80953 0.209306 -1.51797 2.83251 0.131397 -1.5082 2.89479 0.16496 -1.54021 2.86554 0.237343 -1.55146 2.80953 0.209306 -1.51797 2.83251 0.131397 -1.57411 2.83885 0.315252 -1.58685 2.78055 0.279128 -1.49519 2.9175 0.146561 -1.60882 2.78844 0.282902 -1.60235 2.8404 0.319632 -1.46196 2.90004 0.149998 -1.47632 2.95106 0.157816 -1.44525 2.97216 0.087523 -1.47578 2.91083 0.0697305 -1.47706 2.84687 0.0338763 -1.44033 2.93367 0.161793 -1.41067 2.958 0.12796 -1.44134 2.90031 0.077144 -1.41074 2.95726 0.0951385 -1.43736 2.84734 0.0490402 -1.47578 2.91083 0.0697305 -1.44525 2.97216 0.087523 -1.47706 2.84687 0.0338763 -1.44525 2.97216 0.087523 -1.58685 2.78055 0.279128 -1.60882 2.78844 0.282902 -1.55733 2.82409 0.311073 -1.56501 2.82085 0.323609 -1.56157 2.84532 0.334796 -1.55274 2.84748 0.325765 -1.56009 2.85132 0.318082 -1.55894 2.88077 0.337559 -1.56474 2.83029 0.303255 -1.57209 2.85152 0.325428 -1.56009 2.85132 0.318082 -1.56474 2.83029 0.303255 -1.57728 2.82867 0.312758 -1.68073 3.03281 0.249541 -1.68868 2.99224 0.180731 -1.70128 3.05033 0.232355 -1.74731 3.00457 0.154379 -1.73613 2.96744 0.0799746 -1.78371 2.98085 0.0624518 -1.76598 3.06752 0.126006 -1.79577 3.0659 0.0621823 -1.79496 3.02715 0.000111184 -1.80204 3.07076 -0.0175465 -1.75264 3.13431 0.0489728 -1.70876 3.07709 0.204656 -1.70438 3.09852 0.168465 -1.72669 3.11099 0.125736 -1.70748 3.14752 0.167117 -1.66314 3.11059 0.206476 -1.65761 3.14489 0.208969 -1.66631 3.17239 0.193738 -1.69104 3.18061 0.158895 -1.71389 3.17704 0.126477 -1.65545 3.14442 0.259583 -1.66732 3.19665 0.24051 -1.70256 3.22543 0.175339 -1.72339 3.2259 0.130588 -1.72824 3.14388 0.115088 -1.73127 3.18048 0.0773462 -1.73761 3.13391 0.0731676 -1.65808 3.08767 0.274478 -1.65107 3.11618 0.261403 -1.75749 3.08996 0.0850967 -1.73943 3.21761 0.0631932 -1.68828 3.26135 0.0931167 -1.68733 3.24807 0.0349545 -1.638 3.22435 0.124793 -1.65107 3.19834 0.0490402 -1.74341 3.20817 0.0123098 -1.66516 3.25933 0.187538 -1.61637 3.22111 0.198456 -1.55982 3.1823 0.127354 -1.64413 3.23001 0.23249 -1.61151 3.20541 0.246104 -1.61468 3.18203 0.268547 -1.55908 3.18782 0.25965 -1.75635 3.12905 -0.0160637 -1.55982 3.18196 0.03145 -1.55726 3.20265 0.235186 -1.56097 3.17306 0.275758 -1.58307 3.16369 0.360878 -1.62108 3.14509 0.329472 -1.62432 3.10829 0.349084 -1.59062 3.12979 0.371594 -1.59824 3.11059 0.386017 -1.56245 3.161 0.37119 -1.56629 3.12993 0.376447 -1.56919 3.10661 0.389589 -1.60235 3.09657 0.401113 -1.57054 3.0961 0.405831 -1.57263 3.07918 0.404348 -1.59702 3.07837 0.399698 -1.63611 3.0624 0.375166 -1.64366 3.09212 0.373549 -1.65667 3.04986 0.312286 -1.66361 3.07588 0.309388 -1.63409 3.143 0.276634 -1.59156 2.92734 0.110774 -1.68868 2.99224 0.180731 -1.5797 3.02223 0.180933 -1.67042 2.93105 0.118323 -1.73613 2.96744 0.0799746 -1.69394 2.9239 0.0439181 -1.59204 2.92329 0.0305065 -1.68073 3.03281 0.249541 -1.65667 3.04986 0.312286 -1.63611 3.0624 0.375166 -1.59702 3.07837 0.399698 -1.57263 3.07918 0.404348 -1.75635 3.12905 -0.0160637 -1.80204 3.07076 -0.0175465 -1.67837 3.06725 0.0230256 -1.79496 3.02715 0.000111184 -1.57465 3.06287 0.00712034 -1.69394 2.9239 0.0439181 -1.59204 2.92329 0.0305065 -1.69394 2.9239 0.0439181 -1.62681 3.07716 0.368292 -1.63813 3.02567 0.352589 -1.64096 3.06793 0.348612 -1.62553 3.02715 0.368292 -1.60828 3.02405 0.361013 -1.62331 2.96333 0.355284 -1.59837 3.07682 0.356228 -1.61926 3.02506 0.339042 -1.61926 3.02506 0.339042 -1.61542 3.06779 0.325159 -1.61542 3.06779 0.325159 -1.59062 3.04818 0.375301 -1.59123 3.08087 0.385815 -1.57728 3.0783 0.37894 -1.59891 3.08039 0.378064 -1.59891 3.08039 0.378064 -1.59062 3.04818 0.375301 -1.58914 3.07857 0.363641 -1.59062 3.04818 0.375301 -1.57728 3.0783 0.37894 -1.58914 3.07857 0.363641 -1.71058 2.90362 0.168195 -1.68929 2.83117 0.220292 -1.72346 2.86756 0.135643 -1.67837 2.86769 0.241117 -1.64703 2.82834 0.328865 -1.6601 2.77698 0.311949 -1.61084 2.77226 0.325159 -1.60511 2.8185 0.340592 -1.6593 2.82294 0.209306 -1.68612 2.85347 0.131397 -1.68039 2.91622 0.16496 -1.65647 2.88003 0.237343 -1.6593 2.82294 0.209306 -1.68612 2.85347 0.131397 -1.63018 2.84579 0.315252 -1.63207 2.78615 0.279128 -1.6874 2.94142 0.146561 -1.60882 2.78844 0.282902 -1.60235 2.8404 0.319632 -1.72386 2.93266 0.149998 -1.69744 2.97856 0.157816 -1.72238 3.00666 0.0875229 -1.70782 2.93974 0.0697305 -1.72231 2.8774 0.0338763 -1.7366 2.97054 0.161793 -1.75938 3.00141 0.12796 -1.74381 2.93799 0.077144 -1.75951 3.00066 0.0951385 -1.76059 2.88758 0.0490402 -1.70782 2.93974 0.0697305 -1.72238 3.00666 0.0875229 -1.72231 2.8774 0.0338763 -1.72238 3.00666 0.0875229 -1.63207 2.78615 0.279128 -1.60882 2.78844 0.282902 -1.65195 2.83332 0.313702 -1.64265 2.8528 0.337425 -1.64535 2.82827 0.326237 -1.65067 2.85705 0.328461 -1.64258 2.859 0.320711 -1.63652 2.88785 0.340255 -1.64326 2.8375 0.305884 -1.63099 2.8563 0.328057 -1.64258 2.859 0.320711 -1.64326 2.8375 0.305884 -1.63153 2.83285 0.315454 -1.65451 0.0717996 0.178439 -1.62924 0.0622294 0.167521 -1.62728 0.0439653 0.189222 -1.65208 0.0796173 0.167521 -1.60161 0.0926921 0.167521 -1.58631 0.0809654 0.18747 -1.58853 0.123964 0.167521 -1.56959 0.129894 0.184437 -1.6192 0.165681 0.167521 -1.60653 0.178891 0.182416 -1.65053 0.201064 0.182416 -1.66678 0.191157 0.167521 -1.62647 0.505488 0.167521 -1.61057 0.505286 0.184168 -1.58624 0.217373 0.18774 -1.5675 0.504814 0.190638 -1.59723 0.778911 0.184033 -1.56191 0.780529 0.190503 -1.61818 0.995318 0.190368 -1.58112 1.0001 0.195423 -1.63443 0.993228 0.167521 -1.6593 1.19393 0.167521 -1.64123 1.19656 0.195086 -1.69239 1.80447 0.167521 -1.67264 1.80561 0.211193 -1.6905 1.98906 0.167521 -1.67136 1.99048 0.216989 -1.64117 2.32611 0.167521 -1.61758 2.34006 0.219416 -1.59446 1.99364 0.216989 -1.56393 2.33547 0.219416 -1.61428 2.43138 0.232355 -1.55389 2.45207 0.234377 -1.56508 1.99472 0.167521 -1.56609 1.81073 0.167521 -1.59729 1.80925 0.211193 -1.5977 1.20337 0.195086 -1.57741 1.20532 0.167521 -1.56238 1.00246 0.167521 -1.54304 2.33325 0.167521 -1.52949 2.45867 0.167521 -1.6347 2.35515 0.203173 -1.72352 2.36169 0.167521 -1.71335 2.37631 0.196366 -1.75136 2.42652 0.167521 -1.74111 2.43232 0.194344 -1.81168 2.53388 0.195827 -1.82617 2.51663 0.167521 -1.8414 2.54217 0.167521 -1.76814 2.54676 0.192053 -1.76302 2.56772 0.167521 -1.69219 2.44047 0.167521 -1.6963 2.41783 0.196232 -1.63604 2.41567 0.206745 -1.63726 2.43731 0.167521 -1.64258 2.57115 0.233636 -1.68356 2.56785 0.167521 -1.54162 2.57405 0.233636 -1.64878 2.72246 0.239162 -1.51217 2.72765 0.239162 -1.50334 2.57601 0.167521 -1.45367 2.72657 0.167521 -1.69495 2.72448 0.167521 -1.66597 2.59326 0.167521 -1.57755 2.76721 0.167521 -1.61515 0.777563 0.167521 -1.67668 0.0614881 0.175878 -1.63166 0.00608918 0.189222 -1.57674 0.030621 0.191649 -1.53745 0.0843351 0.189896 -1.68949 0.0637796 0.167521 -1.63476 -0.0116358 0.167521 -1.56245 0.0140417 0.167521 -1.52262 0.0778651 0.167521 -1.52417 0.153011 0.167521 -1.5396 0.149102 0.187335 -1.57539 0.22573 0.167521 -1.55072 0.50468 0.167521 -1.54681 0.78255 0.167521 -1.65451 0.0717996 0.156603 -1.62924 0.0622294 0.167521 -1.65208 0.0796173 0.167521 -1.62728 0.0439653 0.14582 -1.60161 0.0926921 0.167521 -1.58631 0.0809654 0.147572 -1.58853 0.123964 0.167521 -1.56959 0.129894 0.150605 -1.6192 0.165681 0.167521 -1.60653 0.178891 0.152627 -1.65053 0.201064 0.152627 -1.66678 0.191157 0.167521 -1.62647 0.505488 0.167521 -1.61057 0.505286 0.150874 -1.58624 0.217373 0.147302 -1.5675 0.504814 0.144404 -1.59723 0.778911 0.151009 -1.56191 0.780529 0.144539 -1.61818 0.995318 0.144674 -1.58112 1.0001 0.139619 -1.63443 0.993228 0.167521 -1.6593 1.19393 0.167521 -1.64123 1.19656 0.139956 -1.69239 1.80447 0.167521 -1.67264 1.80561 0.123849 -1.6905 1.98906 0.167521 -1.67136 1.99048 0.118053 -1.64117 2.32611 0.167521 -1.61758 2.34006 0.115627 -1.59446 1.99364 0.118053 -1.56393 2.33547 0.115627 -1.61428 2.43138 0.102687 -1.55389 2.45207 0.100665 -1.56508 1.99472 0.167521 -1.56609 1.81073 0.167521 -1.59729 1.80925 0.123849 -1.5977 1.20337 0.139956 -1.57741 1.20532 0.167521 -1.56238 1.00246 0.167521 -1.54304 2.33325 0.167521 -1.52949 2.45867 0.167521 -1.6347 2.35515 0.131869 -1.72352 2.36169 0.167521 -1.71335 2.37631 0.138676 -1.75136 2.42652 0.167521 -1.74111 2.43232 0.140698 -1.81168 2.53388 0.139215 -1.82617 2.51663 0.167521 -1.8414 2.54217 0.167521 -1.76814 2.54676 0.142989 -1.76302 2.56772 0.167521 -1.69219 2.44047 0.167521 -1.6963 2.41783 0.138811 -1.63604 2.41567 0.128297 -1.63726 2.43731 0.167521 -1.64258 2.57115 0.101406 -1.68356 2.56785 0.167521 -1.54162 2.57405 0.101406 -1.64878 2.72246 0.0958799 -1.51217 2.72765 0.0958799 -1.50334 2.57601 0.167521 -1.45367 2.72657 0.167521 -1.69495 2.72448 0.167521 -1.66597 2.59326 0.167521 -1.57755 2.76721 0.167521 -1.61515 0.777563 0.167521 -1.67668 0.0614881 0.159164 -1.63166 0.00608918 0.14582 -1.57674 0.030621 0.143394 -1.53745 0.0843351 0.145146 -1.68949 0.0637796 0.167521 -1.63476 -0.0116358 0.167521 -1.56245 0.0140417 0.167521 -1.52262 0.0778651 0.167521 -1.52417 0.153011 0.167521 -1.5396 0.149102 0.147707 -1.57539 0.22573 0.167521 -1.55072 0.50468 0.167521 -1.54681 0.78255 0.167521 -1.52484 2.83905 0.235253 -1.53259 2.83582 0.247856 -1.52916 2.86028 0.259044 -1.52033 2.86244 0.250013 -1.52767 2.86628 0.24233 -1.52646 2.89573 0.261807 -1.53226 2.84525 0.227503 -1.5396 2.86648 0.249609 -1.52767 2.86628 0.24233 -1.53226 2.84525 0.227503 -1.54486 2.84363 0.237006</float_array>
                    <technique_common>
                        <accessor count="3063" source="#ID69" stride="3">
                            <param name="X" type="float"/>
                            <param name="Y" type="float"/>
                            <param name="Z" type="float"/>
                        </accessor>
                    </technique_common>
                </source>
                <source id="ID70">
                    <float_array id="ID71" count="9624">-0.458452 0.158281 0.874511 0.414813 0.778796 0.470539 0.174203 0.703827 0.688681 0.72093 0.622241 -0.305085 0.665818 0.589432 -0.457446 0.260892 -0.15304 -0.95316 0.365744 -0.217247 -0.905006 -0.0906078 -0.430073 -0.898236 -0.293548 -0.418356 -0.859539 0.285368 0.0313897 -0.957904 -0.111128 0.181362 -0.977117 0.641684 0.695968 -0.322289 0.618688 0.550354 0.560657 0.608537 0.735406 -0.298097 0.0256613 0.274871 -0.961138 0.607228 0.687827 -0.397704 -0.428354 -0.255763 -0.866659 0.160461 0.417175 -0.894549 0.667238 0.736559 -0.110792 0.684363 0.523977 0.507046 0.612605 0.513905 0.600514 0.248577 -0.0968745 0.963756 0.0929595 -0.272643 0.957614 -0.070853 -0.129967 0.988984 -0.620098 -0.771855 0.140425 -0.664504 -0.708057 0.238936 -0.509862 -0.755375 0.411642 -0.683099 -0.645967 -0.340738 -0.679997 -0.667908 -0.302495 -0.696943 -0.641099 -0.321346 -0.616372 -0.758713 -0.210807 -0.838652 -0.533383 0.110299 -0.602797 0.128467 0.787484 -0.8025 -0.534885 0.264371 -0.725516 -0.650193 -0.225556 -0.782645 -0.571873 -0.245821 -0.329444 0.137647 0.934088 0.551023 0.590546 0.5896 0.916467 0.285925 -0.279884 0.47905 -0.326391 -0.814849 0.41717 0.574623 0.704115 0.870649 0.257102 -0.419369 0.805497 0.523986 0.276792 0.355045 -0.329819 -0.874736 0.411429 -0.197506 -0.889785 0.872306 0.283925 -0.398082 -0.541603 0.0937617 0.835389 0.10653 -0.457478 -0.882817 0.121599 -0.535391 -0.835805 0.104703 -0.439561 -0.892089 0.122963 -0.35011 -0.928603 -0.472523 0.235877 0.849166 -0.856433 -0.445975 0.260054 -0.942608 -0.308106 0.128688 -0.795894 -0.519351 0.311171 -0.704366 -0.699255 -0.122111 -0.634144 -0.758717 -0.149031 -0.686163 -0.687268 -0.23842 0.327922 0.454086 0.828416 -0.427376 -0.139796 -0.8932 -0.390632 -0.190872 -0.900541 0.885556 0.460715 -0.059432 0.619696 0.678499 0.394481 0.770014 0.575221 0.276042 0.972911 0.225979 -0.0487528 0.345733 0.635972 0.689934 0.217394 0.751069 0.623407 0.672167 0.734416 0.093942 0.415988 0.669712 0.615175 0.864784 0.401317 0.301816 0.379763 0.418348 0.825085 -0.31799 0.336745 0.886276 -0.193817 0.364286 0.910896 -0.341423 0.342831 0.875156 0.543624 0.367473 0.75461 0.3778 -0.459773 -0.803664 0.354706 -0.406796 -0.841844 0.363976 -0.549409 -0.752111 -0.137827 0.451633 0.881494 -0.297322 0.456636 0.838501 0.792884 0.40034 0.459416 0.338294 -0.375858 -0.862721 0.329926 -0.333923 -0.882975 0.944649 -0.133663 -0.299619 0.294273 -0.411686 -0.862507 0.806086 -0.28046 -0.521122 0.520633 0.219078 0.825195 -0.154181 0.258308 0.95368 0.251541 0.0866982 0.963956 -0.234862 0.127903 0.963577 0.446947 -0.0509319 0.89311 0.925109 -0.201885 0.321583 0.916118 -0.375276 0.14105 0.856957 -0.505042 0.102746 0.487602 -0.667561 -0.562679 0.512662 -0.795426 0.323226 -0.0183394 -0.58914 -0.807823 0.946737 -0.319129 0.0429516 0.98767 0.0776882 0.135916 0.931369 0.154294 0.329766 0.94616 -0.161894 0.280305 0.437724 0.0508431 0.897671 0.221073 0.292649 0.930314 0.0569047 -0.0962033 0.993734 0.458702 -0.356873 0.813778 0.86827 -0.486975 0.0946761 0.66284 -0.739681 0.116258 0.402003 -0.711582 -0.576234 0.746951 -0.653024 0.124997 0.231121 -0.960763 0.153353 0.00641211 -0.61731 -0.786694 -0.050045 -0.0656632 0.996586 0.384722 -0.385527 0.838665 0.293818 -0.926996 0.233127 0.816343 -0.545264 0.190448 0.662827 -0.743537 0.0883911 0.252467 -0.734674 -0.629695 0.479024 -0.612207 -0.629078 0.947759 -0.288294 -0.136523 0.537617 -0.420849 -0.730653 0.0261583 -0.410947 -0.911284 0.662293 -0.277767 -0.695854 0.0875455 -0.523343 -0.847613 -0.0561393 -0.501709 -0.863213 0.189462 -0.377493 -0.906423 0.66512 -0.0277111 -0.746222 0.176682 -0.294439 -0.939196 0.678665 0.0443058 -0.733111 0.525017 -0.0555311 -0.849278 0.161592 -0.259093 -0.952239 0.302265 -0.114512 -0.946321 0.868437 0.386202 -0.310909 0.907171 0.36299 -0.212787 0.785839 0.556424 0.269907 0.690096 0.646368 0.325539 0.256505 0.711293 0.654421 0.168909 0.743687 0.646837 -0.460944 0.612374 0.642284 -0.387591 0.715668 0.581028 -0.925198 0.312173 0.215772 0.457591 0.58484 0.669755 -0.72609 0.521626 0.447996 -0.931559 -0.336114 -0.138653 -0.952516 -0.303483 0.024715 -0.674674 0.293788 0.677129 -0.965486 -0.13654 0.221797 -0.600381 0.279973 0.749104 0.0557445 0.473889 0.878818 0.143838 0.585827 0.79757 0.00496103 0.690481 0.723333 -0.0113764 -0.681617 -0.731621 -0.907377 -0.383313 -0.172448 0.238876 -0.818627 -0.522291 0.704053 -0.516501 -0.487377 0.7063 -0.403851 -0.581416 0.593527 -0.804619 0.017689 -0.0713009 -0.997079 -0.0273607 0.207231 -0.977649 -0.0354657 0.559796 -0.828136 0.0286145 -0.198572 -0.828251 -0.523993 -0.603581 -0.78463 -0.141586 0.56037 -0.76038 -0.328342 -0.168807 -0.971722 -0.165105 -0.16099 -0.911255 -0.379072 -0.702736 0.383306 0.599365 -0.706023 0.563105 0.42947 0.616012 0.370941 0.694933 0.573748 0.364735 0.733336 0.844301 0.0612338 0.53236 0.571799 0.303502 0.762189 0.613611 0.0923937 0.784184 0.663693 0.375062 0.647179 0.285981 0.681279 0.67385 0.677746 0.53538 0.504012 -0.6038 -0.757485 -0.248279 0.574097 0.406459 0.710777 0.36855 0.439611 0.819093 0.167516 0.400178 0.900997 -0.869946 -0.452276 0.196569 -0.763593 -0.640139 0.0845422 -0.633501 -0.760172 0.144276 -0.939178 -0.29024 0.183592 -0.905965 -0.403253 0.128895 -0.964584 -0.212542 0.156219 -0.993536 0.0748823 0.0853169 -0.98147 0.1903 0.0224052 -0.917077 0.397489 -0.0311746 -0.921731 0.383579 -0.0572623 -0.97933 0.186648 0.0779403 -0.939481 0.339642 0.044927 -0.907157 0.420711 -0.00831078 -0.913228 0.402355 -0.0642301 -0.959227 0.251085 0.129772 -0.965125 0.224286 0.135019 -0.773724 -0.633187 -0.0206229 -0.616251 -0.749542 -0.241704 -0.570266 -0.820403 0.0416539 -0.852709 -0.507506 -0.123797 -0.765296 -0.479809 -0.429074 -0.737864 -0.542746 -0.401227 -0.986126 -0.0724193 -0.149371 -0.333184 -0.913555 0.23325 -0.703212 -0.684432 0.192475 -0.873567 -0.484333 -0.047982 -0.816302 -0.564623 -0.121866 -0.954508 -0.175395 -0.241146 -0.9728 -0.0884394 -0.2141 -0.960613 -0.193341 -0.199603 -0.961481 -0.141866 -0.23543 -0.962034 -0.0108308 -0.272715 -0.250633 0.185553 0.950133 0.66534 -0.625153 0.408052 0.720325 -0.508168 -0.472119 0.335657 -0.490574 -0.804159 0.0563604 -0.226793 -0.972311 0.985945 0.137662 -0.0946616 0.458371 0.158244 0.87456 -0.174134 0.703875 0.688649 -0.414843 0.778721 0.470636 -0.720907 0.622226 -0.30517 -0.666265 0.58903 -0.457312 -0.260983 -0.153148 -0.953118 -0.365806 -0.217098 -0.905016 0.0906109 -0.430084 -0.89823 0.293375 -0.418372 -0.859591 -0.285665 0.0310602 -0.957826 0.111179 0.181379 -0.977108 -0.641745 0.696 -0.3221 -0.618534 0.550437 0.560745 -0.608458 0.735489 -0.298051 -0.0255569 0.274667 -0.9612 -0.607238 0.687851 -0.397646 0.428409 -0.255706 -0.866649 -0.160306 0.417153 -0.894587 -0.667127 0.736692 -0.110575 -0.684313 0.523909 0.507183 -0.612604 0.513905 0.600514 -0.248542 -0.0969147 0.963761 -0.0929094 -0.272649 0.957617 0.0707445 -0.130057 0.988979 0.620165 -0.771811 0.140368 0.664161 -0.70835 0.239021 0.510004 -0.755239 0.411717 0.683097 -0.645967 -0.340742 0.67993 -0.667785 -0.302915 0.696987 -0.640995 -0.321456 0.616278 -0.758847 -0.2106 0.838648 -0.533383 0.110327 0.602917 0.12872 0.787351 0.802601 -0.534819 0.264198 0.725532 -0.650377 -0.224973 0.782589 -0.571927 -0.245876 0.338225 0.0322997 0.940511 -0.607587 0.583974 0.538342 -0.879388 0.169336 -0.444974 -0.393351 -0.416211 -0.819782 -0.106546 -0.457448 -0.88283 -0.162294 -0.60001 -0.783357 0.690555 -0.623305 0.366911 0.575138 -0.81039 -0.111738 0.427398 -0.139996 -0.893158 0.390742 -0.191037 -0.900458 -0.370638 0.564827 0.737291 -0.80546 0.523956 0.276955 -0.854983 0.340799 -0.390973 -0.327998 0.453775 0.828556 0.472494 0.235849 0.849191 0.495713 0.184608 0.848639 0.871558 -0.427608 0.239872 0.942972 -0.307059 0.128528 0.686479 -0.686968 -0.238375 0.61864 -0.785122 -0.0294462 -0.871895 0.284744 -0.398397 -0.411354 -0.197528 -0.889815 -0.395646 -0.229617 -0.889236 -0.104952 -0.409707 -0.90616 -0.122962 -0.350111 -0.928602 -0.885556 0.460715 -0.0594324 -0.619696 0.678499 0.394481 -0.972861 0.226215 -0.0486645 -0.770014 0.575221 0.276042 -0.3457 0.635952 0.689968 -0.217286 0.751064 0.62345 -0.672167 0.734416 0.0939424 -0.415956 0.670261 0.614598 -0.864774 0.402283 0.300556 -0.380116 0.418707 0.82474 0.317707 0.336491 0.886474 0.194007 0.364177 0.910899 0.341311 0.342973 0.875144 -0.543053 0.367872 0.754826 -0.354706 -0.406796 -0.841844 -0.377799 -0.459773 -0.803665 -0.363975 -0.54941 -0.752111 0.137827 0.451633 0.881494 0.29732 0.456636 0.838501 -0.792884 0.40034 0.459416 -0.338294 -0.375858 -0.862721 -0.329927 -0.333922 -0.882975 -0.944589 -0.133074 -0.30007 -0.294103 -0.411542 -0.862633 -0.805977 -0.280794 -0.521111 -0.521005 0.219111 0.824951 0.153933 0.258215 0.953745 -0.252583 0.0866502 0.963687 0.234266 0.127814 0.963734 -0.448463 -0.0515177 0.892315 -0.925348 -0.201956 0.320849 -0.916399 -0.374604 0.141014 -0.857071 -0.504747 0.103244 -0.488733 -0.667339 -0.56196 -0.512852 -0.795213 0.323448 0.0183673 -0.589189 -0.807786 -0.946679 -0.319289 0.0430493 -0.987576 0.0781816 0.136314 -0.931053 0.154684 0.330474 -0.945901 -0.162905 0.280593 -0.43723 0.0506055 0.897925 -0.220226 0.292633 0.93052 -0.72007 -0.508785 -0.471845 -0.0568474 -0.0962238 0.993735 -0.458167 -0.355911 0.8145 -0.868428 -0.486596 0.0951699 -0.663293 -0.739059 0.117616 -0.402339 -0.71121 -0.576459 -0.746934 -0.653084 0.124782 -0.231042 -0.960673 0.154038 -0.00641419 -0.6173 -0.786702 0.0500446 -0.0656631 0.996586 -0.384721 -0.385527 0.838665 -0.293944 -0.926783 0.233817 -0.816343 -0.545265 0.190447 -0.663524 -0.742786 0.0894714 -0.253903 -0.734876 -0.62888 -0.479767 -0.612007 -0.628706 -0.947666 -0.288521 -0.13669 -0.537597 -0.421177 -0.730479 -0.0261338 -0.410968 -0.911275 -0.662478 -0.277799 -0.695666 -0.0874398 -0.523444 -0.847562 0.0560984 -0.501781 -0.863174 -0.18953 -0.377361 -0.906464 -0.665101 -0.0273358 -0.746253 -0.176687 -0.294421 -0.939201 -0.678846 0.0442862 -0.732944 -0.525106 -0.0555914 -0.849219 -0.161477 -0.259134 -0.952247 -0.301927 -0.114567 -0.946422 -0.868503 0.386314 -0.310586 -0.907311 0.362893 -0.212355 -0.785785 0.556426 0.270058 -0.68988 0.646465 0.325804 -0.256469 0.711345 0.654379 -0.16879 0.743671 0.646887 0.460844 0.612544 0.642193 0.387597 0.715743 0.580931 0.925132 0.312361 0.215781 -0.457753 0.584784 0.669693 0.72609 0.521625 0.447997 0.931504 -0.336218 -0.138771 0.952516 -0.303484 0.0247151 0.674675 0.293787 0.677128 0.965486 -0.136541 0.221796 0.600382 0.279972 0.749104 -0.0557449 0.473889 0.878818 -0.143463 0.585973 0.79753 -0.00482875 0.69048 0.723335 0.0116029 -0.681638 -0.731598 0.907233 -0.38379 -0.172146 -0.238875 -0.818627 -0.522291 -0.703851 -0.516881 -0.487265 -0.705695 -0.404335 -0.581814 -0.593527 -0.804619 0.0176881 0.0716172 -0.997064 -0.0271139 -0.207206 -0.977649 -0.0356185 -0.559956 -0.82804 0.0282874 0.198515 -0.828277 -0.523974 0.603244 -0.784856 -0.141767 -0.560137 -0.760468 -0.328535 0.168671 -0.971757 -0.165041 0.160791 -0.911459 -0.378668 0.702775 0.383 0.599515 0.706024 0.563103 0.429471 -0.615797 0.37142 0.694868 -0.573334 0.365694 0.733183 -0.844187 0.0618639 0.532468 -0.571799 0.303502 0.762189 -0.613612 0.0923938 0.784183 -0.663603 0.374857 0.647389 -0.285751 0.681189 0.674039 -0.677129 0.535675 0.504529 0.603643 -0.757534 -0.248511 -0.573868 0.406527 0.710923 -0.368575 0.439502 0.81914 -0.167664 0.399957 0.901068 0.869946 -0.452276 0.19657 0.763488 -0.640293 0.0843274 0.939287 -0.290026 0.183368 0.633585 -0.760029 0.144657 0.906065 -0.403217 0.128307 0.964713 -0.212048 0.15609 0.993536 0.0748828 0.0853174 0.98147 0.190303 0.0224057 0.917151 0.397321 -0.031137 0.921731 0.383579 -0.0572624 0.97933 0.186649 0.0779401 0.939543 0.339467 0.0449646 0.907548 0.419869 -0.00812481 0.913229 0.402353 -0.0642294 0.959226 0.251084 0.129775 0.965124 0.224286 0.135022 0.773525 -0.633423 -0.0208397 0.616228 -0.749573 -0.241666 0.570188 -0.820448 0.0418369 0.852709 -0.507505 -0.123796 0.765297 -0.479809 -0.429073 0.737811 -0.542858 -0.401173 0.986158 -0.0722027 -0.149264 0.333019 -0.913621 0.233226 0.703237 -0.684318 0.192788 0.873673 -0.484148 -0.0479136 0.816396 -0.564458 -0.122004 0.954508 -0.175395 -0.241146 0.9728 -0.0884375 -0.2141 0.960614 -0.193341 -0.199601 0.961482 -0.141866 -0.235428 0.962034 -0.0108293 -0.272713 0.250634 0.185553 0.950133 -0.665339 -0.625153 0.408054 -0.335394 -0.490836 -0.804109 -0.05636 -0.226793 -0.972311 -0.985913 0.138019 -0.0944734 0.200323 0.0626002 0.977728 0.0297078 0.0971722 0.994824 0.210595 -0.0256818 0.977236 0.210114 0.211157 0.954602 0.0755277 0.224279 0.971594 -0.433334 0.234316 0.87024 -0.531015 0.127062 0.837782 0.220982 0.212276 0.951896 0.00491177 -0.0351009 0.999372 -0.527996 -0.00345651 0.84924 -0.837315 0.113977 0.534708 -0.857892 0.238442 0.455156 -0.0754397 0.217932 0.973044 -0.477208 0.231397 0.847778 -0.982393 0.181818 0.0429725 -0.934998 0.350955 0.0510763 -0.787112 0.324776 -0.52438 -0.753636 0.159392 -0.637674 -0.826118 0.309235 0.471066 -0.934249 0.356472 -0.0103383 -0.736666 0.429546 -0.522316 -0.949765 0.283662 0.132223 -0.785118 0.243252 0.569577 -0.824475 0.356895 -0.439167 -0.351843 0.223596 -0.908962 -0.331135 0.109393 -0.937221 0.000508806 0.0821941 -0.996616 -0.179556 0.111981 -0.977354 -8.01551e-008 0.20777 -0.978178 -7.29789e-008 0.343353 -0.939206 0.333695 0.267692 -0.903874 0.395809 0.115433 -0.911049 0.183482 0.0873372 -0.979136 0.328223 0.371577 -0.868447 -0.30872 0.382827 -0.870709 0.0254742 0.354255 -0.934802 0.253135 0.375674 -0.891511 0.131062 0.36782 -0.920614 -0.132761 0.368493 -0.920102 -0.376002 0.381163 -0.844593 0.804809 0.27575 -0.52559 0.830734 0.176878 -0.527821 0.982829 0.179869 0.0411719 0.934963 0.351069 0.0509315 0.742643 0.434072 -0.509963 0.934192 0.356619 -0.010413 0.812101 0.300864 0.499974 0.848733 0.206461 0.486853 0.756168 0.368104 -0.541026 0.949778 0.283677 0.132099 0.847554 0.105723 0.520072 0.711757 0.218135 0.667697 0.769867 0.0674704 0.634628 0.684135 0.253395 0.683923 0.693116 0.231101 0.682775 0.785963 0.243662 0.568235 0.793739 0.0400538 0.606938 0.695516 0.23414 0.679291 -0.0437548 0.997749 0.0508227 -0.313847 0.93264 0.177997 -0.0230564 0.997128 0.0721366 -0.0163867 0.991661 0.12783 0.0112188 0.98924 0.145873 -0.536539 0.837823 0.100887 -0.91943 0.393192 0.0069536 0.823678 0.566911 0.0129133 0.217266 0.973125 0.0763138 0.470853 0.878852 0.0769202 0.0175524 0.992579 0.120326 0.0214384 0.992522 0.120166 0.021458 0.995211 0.0953618 -0.577797 0.71877 0.386678 0.0347406 0.995598 0.0870553 0.081247 0.988815 0.125074 0.0995615 0.984618 0.143581 0.413981 0.909876 -0.0273048 0.685274 0.701839 -0.19448 -0.842226 0.128454 0.523599 0.223431 0.0471689 0.973578 0.221517 0.213136 0.951579 0.519141 -0.480525 0.706816 0.37456 -0.711376 0.594683 0.603265 -0.646923 0.466435 0.349783 -0.604067 0.716069 0.379061 -0.914862 0.139071 0.307544 -0.907074 -0.287459 0.108015 -0.954987 -0.276285 0.91971 -0.235964 0.313774 0.863708 -0.263818 -0.429428 0.13546 -0.970639 -0.198772 0.217496 -0.829225 -0.51486 0.368659 -0.537276 -0.758568 0.84744 -0.445283 -0.289081 0.666037 -0.741638 0.0798015 0.483435 -0.853894 -0.192755 0.930421 -0.285965 0.22922 0.875121 -0.338815 0.345497 0.910868 -0.32718 -0.251543 0.944752 0.0651699 0.321242 0.213447 -0.38139 -0.899435 0.125017 -0.944498 -0.303799 0.759827 -0.320522 -0.565622 0.876356 -0.183446 0.445364 0.182535 -0.0647034 -0.981068 0.835538 -0.292569 0.465059 0.408314 -0.272456 0.871233 0.423134 0.0119123 0.905989 0.556614 -0.667559 0.494516 0.426292 -0.493693 0.757986 0.268246 -0.557646 0.785542 0.38061 -0.142406 0.913705 0.588172 0.284597 0.757007 0.62165 0.460512 0.633625 0.176141 0.565833 0.805486 0.204678 0.495927 0.843898 0.587221 0.257298 0.767444 0.135753 0.358518 0.923599 0.371713 0.327834 0.868536 0.472064 -0.00707404 0.881536 0.482423 0.264953 0.834906 0.715524 -0.0336319 0.697778 0.861018 0.26448 0.434394 0.831297 0.13496 0.539194 0.794999 0.0767328 0.601738 0.188748 0.318093 0.929081 0.173239 -0.202359 0.963867 0.177634 0.59025 0.787433 0.437746 0.573386 0.692537 0.145759 0.946872 0.286685 0.193679 0.717959 0.668598 0.618724 -0.25288 0.743796 0.70075 -0.0301939 0.712767 0.730723 0.010857 0.682588 0.897579 -0.0274586 0.439999 0.792055 -0.126127 0.597278 0.838588 -0.204354 0.504985 0.954852 -0.15769 0.251778 0.996916 -0.0332723 0.071073 0.875728 -0.0126866 0.482638 0.942633 -0.325978 0.071977 0.993614 -0.0827154 0.0767473 0.787396 -0.242101 0.566918 0.977415 -0.0177395 0.210582 0.942718 -0.132717 0.306054 0.991398 0.00751127 0.130664 0.943855 0.159804 0.289137 0.998951 -0.03975 0.0227455 0.892079 0.209088 0.400596 0.924241 0.210031 0.318849 0.939499 -0.0760884 -0.333996 0.843039 0.306954 0.441661 0.818231 0.159363 0.55236 0.874061 0.0508672 -0.483146 0.888044 0.0108575 -0.459631 0.725616 0.343729 -0.596097 0.819433 0.270016 -0.505589 0.698903 0.59326 -0.399472 0.807602 0.370706 -0.458646 0.305961 0.82917 -0.46783 0.200664 0.966946 -0.157317 0.050001 0.992016 -0.115772 0.117094 0.992692 0.0291919 0.0933716 0.784046 -0.613639 0.346683 0.523414 -0.778363 0.166756 0.670959 -0.722501 -0.0889238 0.980527 0.175098 0.157221 0.79147 0.590641 0.566836 0.482357 0.667854 0.576135 0.544615 0.609478 0.537001 0.457307 0.708872 0.357545 0.76839 0.53079 0.537517 0.525832 0.659224 0.525467 0.690604 0.496941 0.764457 -0.585572 -0.26965 0.858904 -0.364846 0.359406 0.951742 -0.301232 0.0586992 0.785498 -0.448291 -0.426647 0.466798 0.403258 0.787072 -0.729186 0.118888 -0.673909 0.963817 -0.0405113 0.26347 0.965023 -0.0505899 0.257239 0.514904 0.348584 0.783175 0.211462 0.802984 0.557225 -0.0158628 -0.799299 0.600724 -0.0432418 -0.866455 0.497379 -0.378973 -0.924578 -0.0391799 -0.451494 -0.891351 -0.0405725 0.310485 0.0765525 0.947491 0.505973 -0.368918 0.779674 0.326225 -0.811331 0.485097 0.548324 0.0320299 0.835653 0.288534 0.537078 -0.79265 0.305092 0.442398 -0.843328 0.53127 0.632266 -0.563908 -0.000237732 0.244712 -0.969596 0.065258 0.569045 -0.819713 0.0150316 0.23691 -0.971415 0.317744 0.948027 0.0168389 0.018583 0.968437 0.248563 0.206836 -0.695496 0.688117 0.239297 -0.778407 0.580362 0.627048 -0.708695 0.32336 0.819426 -0.569982 0.0605101 0.972305 -0.0702387 0.222911 0.879074 -0.163975 0.447595 0.848026 -0.244875 0.469987 0.997378 -0.0332072 0.0643071 0.784551 -0.287601 0.549332 0.999164 -0.022347 0.0342338 -0.789159 0.50924 -0.343369 -0.397213 0.753693 0.523612 -0.750791 0.654403 0.0898327 0.0713196 0.533641 0.842699 0.659948 0.126253 0.740627 0.145 -0.10876 -0.983436 -0.0977099 0.625743 0.773885 -0.518977 -0.480354 0.707052 -0.374718 -0.711237 0.594751 -0.349783 -0.604067 0.716069 -0.603141 -0.647058 0.466408 -0.37911 -0.914865 0.138917 -0.30739 -0.907091 -0.28757 -0.10802 -0.954986 -0.276283 -0.919583 -0.235898 0.314197 -0.863871 -0.263608 -0.42923 -0.135223 -0.970646 -0.198901 -0.217265 -0.829212 -0.514979 -0.368631 -0.537282 -0.758577 -0.847505 -0.445134 -0.289122 -0.66643 -0.741268 0.0799559 -0.483545 -0.853923 -0.192356 -0.930528 -0.285532 0.229324 -0.8751 -0.338525 0.345832 -0.911012 -0.326884 -0.251403 -0.944715 0.0651043 0.321364 -0.213534 -0.38143 -0.899397 -0.125023 -0.944485 -0.303838 -0.759798 -0.32056 -0.56564 -0.876254 -0.183034 0.445732 -0.182535 -0.0647035 -0.981068 -0.835375 -0.292335 0.465498 -0.408452 -0.272394 0.871188 -0.422976 0.0120887 0.90606 -0.556425 -0.667726 0.494503 -0.42639 -0.493677 0.757941 -0.26866 -0.557674 0.78538 -0.381107 -0.142219 0.913527 -0.588283 0.284569 0.756931 -0.621559 0.460377 0.633811 -0.17637 0.565812 0.80545 -0.204938 0.495897 0.843852 -0.587075 0.25755 0.76747 -0.135836 0.358479 0.923602 -0.372061 0.327681 0.868445 -0.472221 -0.00699115 0.881453 -0.482497 0.265055 0.834831 -0.715923 -0.0333109 0.697384 -0.861 0.264114 0.434652 -0.831541 0.134173 0.539016 -0.795182 0.0761358 0.601572 -0.188984 0.318081 0.929037 -0.173459 -0.20236 0.963827 -0.177766 0.590269 0.787389 -0.437974 0.573284 0.692477 -0.145794 0.946865 0.286688 -0.19382 0.717864 0.668659 -0.618811 -0.252416 0.743882 -0.70005 -0.030034 0.713462 -0.730712 0.010832 0.6826 -0.897674 -0.0272835 0.439815 -0.875732 -0.0119053 0.482651 -0.99695 -0.0332583 0.0705997 -0.942662 -0.325814 0.0723455 -0.954966 -0.158625 0.250755 -0.993663 -0.0812594 0.0776624 -0.83836 -0.205086 0.505067 -0.787193 -0.242167 0.567171 -0.977416 -0.0172452 0.21062 -0.942473 -0.132471 0.306914 -0.991437 0.00753873 0.13037 -0.943666 0.160345 0.289457 -0.998952 -0.0399127 0.0223881 -0.892201 0.208711 0.40052 -0.924473 0.209612 0.318452 -0.939419 -0.07655 -0.334114 -0.844105 0.306005 0.440282 -0.818055 0.159513 0.552578 -0.873962 0.0506582 -0.483347 -0.887895 0.0104478 -0.459928 -0.725574 0.343719 -0.596155 -0.819463 0.269697 -0.505712 -0.698939 0.592908 -0.399931 -0.807779 0.369873 -0.459006 -0.305931 0.82918 -0.467832 -0.200586 0.966961 -0.157326 -0.0500446 0.992013 -0.115782 -0.117114 0.99269 0.0291805 -0.0934071 0.784053 -0.613625 -0.346885 0.5235 -0.778215 -0.166756 0.670959 -0.722501 0.089206 0.980478 0.175229 -0.157476 0.791336 0.590753 -0.567059 0.482109 0.667844 -0.576085 0.544385 0.60973 -0.537175 0.45673 0.709113 -0.357766 0.768227 0.530877 -0.537897 0.525355 0.659294 -0.525467 0.690604 0.496941 -0.764458 -0.585571 -0.26965 -0.858731 -0.365263 0.359395 -0.951795 -0.300936 0.059366 -0.785498 -0.448291 -0.426647 -0.467738 0.402831 0.786732 0.730109 0.119588 -0.672785 -0.964795 -0.0505931 0.25809 -0.963739 -0.0417403 0.263563 -0.515004 0.348155 0.7833 -0.211994 0.80246 0.557778 0.0161253 -0.799532 0.600407 0.379027 -0.924558 -0.0391333 0.0431577 -0.866399 0.497485 0.451512 -0.891357 -0.0402373 -0.310413 0.0763231 0.947533 -0.505932 -0.368939 0.77969 -0.326241 -0.811152 0.485385 -0.548091 0.0316 0.835821 -0.288379 0.537016 -0.792749 -0.530978 0.632267 -0.564182 -0.304831 0.442453 -0.843394 0.000223414 0.244714 -0.969595 -0.0652461 0.569018 -0.819733 -0.015058 0.236924 -0.971411 -0.317719 0.948037 0.0167209 -0.018588 0.968429 0.248596 -0.206837 -0.695496 0.688117 -0.23959 -0.778539 0.580063 -0.626791 -0.70892 0.323366 -0.819508 -0.569768 0.0614139 -0.972164 -0.0702562 0.223521 -0.878647 -0.162892 0.448828 -0.847931 -0.245046 0.470069 -0.997268 -0.0317307 0.0667117 -0.784551 -0.287601 0.549332 -0.792144 -0.125525 0.597287 -0.999156 -0.0208827 0.0353866 0.789159 0.509241 -0.343369 0.750506 0.654588 0.0908601 0.396137 0.753733 0.524368 -0.0726788 0.533113 0.842917 -0.66078 0.126213 0.739892 -0.145 -0.10876 -0.983436 0.0976965 0.625618 0.773988 0.719198 -0.219385 0.65926 0.889526 -0.456883 -0.00149329 0.709385 -0.266142 0.652643 0.858912 -0.47212 -0.198426 0.144414 0.0219894 0.989273 0.0626189 0.206932 0.976349 0.426601 -0.334377 -0.840359 0.252802 -0.395987 -0.882772 -0.0693441 -0.190305 -0.979273 -0.121955 -0.328632 -0.936551 0.784794 -0.0611999 0.616727 0.758278 -0.628785 -0.172176 0.269615 0.583112 0.766347 0.057509 -0.779812 -0.623367 -0.479797 -0.639875 -0.600296 0.8845 0.0830294 0.459092 0.462324 -0.845694 0.266567 -0.37497 -0.927024 0.00481474 -0.679307 -0.633552 -0.370342 0.729411 0.0341265 0.683224 -0.144563 -0.3894 0.909653 0.897418 0.428384 -0.105491 0.354823 0.934639 0.0234815 0.239371 0.246212 -0.939192 -0.452411 0.705726 -0.545229 -0.375081 0.848212 0.373967 -0.860201 0.493001 -0.130398 -0.613097 0.443094 0.654048 -0.9595 0.27189 -0.0737252 -0.703626 0.277398 0.654187 -0.958908 0.172123 -0.225542 -0.889877 0.128902 -0.437612 -0.884768 0.089289 -0.457398 -0.882921 0.167632 -0.438577 -0.740029 0.280898 -0.611108 -0.291783 0.0406821 -0.955619 0.601568 -0.516687 -0.609221 0.99305 0.0808757 0.0855002 0.140055 -0.610937 -0.779192 0.534303 -0.842581 -0.0676597 0.996413 0.084239 -0.00802474 0.4426 0.513792 0.73493 -0.609868 0.482876 0.628404 -0.842644 -0.519527 0.14157 -0.776139 -0.494111 -0.391743 -0.974207 -0.196643 -0.110694 -0.77808 -0.49375 -0.388334 0.19041 0.97468 0.117227 -0.799967 0.566756 0.197081 -0.950116 -0.311896 0.000954926 -0.824672 -0.565404 -0.0153339 -0.33311 0.939144 -0.0839456 -0.845463 0.172194 0.505511 -0.499952 0.863703 0.063766 -0.0318915 0.738232 -0.673793 0.832356 0.339282 -0.438259 0.650162 -0.706365 0.279888 0.0927197 -0.888837 0.448744 0.0298452 -0.974789 -0.221124 0.780567 -0.596368 0.187247 0.788079 -0.522433 -0.325569 0.257975 -0.47566 0.84095 -0.563938 0.638317 0.523952 -0.393916 0.896947 -0.20079 0.791597 -0.478374 0.380174 0.610925 -0.789486 0.0590192 0.841172 -0.0144261 0.540576 0.894339 0.0210831 0.446892 0.51675 0.658251 0.547426 0.133768 0.921329 0.365047 -0.266653 0.947466 0.176646 0.690909 -0.717456 -0.088893 0.22583 -0.963214 -0.145668 -0.0158285 -0.999276 -0.0345919 -0.603931 0.782823 -0.14985 -0.817873 0.490109 -0.301458 -0.892651 -0.0925751 -0.441139 -0.79408 -0.504497 -0.338999 -0.618851 -0.738613 -0.267347 -0.593875 -0.786489 -0.169548 -0.719079 -0.219293 0.659421 -0.889526 -0.456883 -0.00149351 -0.858909 -0.471972 -0.198789 -0.709258 -0.266066 0.652811 -0.144042 0.0221538 0.989324 -0.0622786 0.207096 0.976336 -0.426501 -0.33422 -0.840472 -0.25269 -0.395822 -0.882878 0.0693382 -0.190318 -0.979271 0.122012 -0.328623 -0.936547 -0.784922 -0.0610721 0.616577 -0.758242 -0.628725 -0.17255 -0.269445 0.583296 0.766267 -0.0574806 -0.779817 -0.623363 0.479807 -0.639886 -0.600276 -0.884555 0.0830889 0.458977 -0.462324 -0.845694 0.266567 0.374899 -0.927054 0.00470649 0.679163 -0.633709 -0.37034 -0.729411 0.0341269 0.683224 0.144594 -0.38965 0.909541 -0.897447 0.428363 -0.105327 -0.354857 0.934625 0.0235243 -0.239573 0.24633 -0.939109 0.452293 0.705875 -0.545134 0.375149 0.848196 0.373935 0.86008 0.493272 -0.130173 0.613188 0.443106 0.653956 0.959514 0.271876 -0.073589 0.703736 0.277431 0.654055 0.958911 0.17246 -0.225272 0.889984 0.129107 -0.437334 0.885031 0.0902921 -0.456693 0.883017 0.167932 -0.438268 0.739914 0.281502 -0.61097 0.291687 0.0408896 -0.955639 -0.601696 -0.516683 -0.609098 -0.99307 0.0808842 0.0852656 -0.140099 -0.610935 -0.779186 -0.53408 -0.842711 -0.0677916 -0.996397 0.0844283 -0.00799821 -0.442436 0.513981 0.734898 0.609802 0.483049 0.628335 0.842655 -0.51948 0.141679 0.776245 -0.49412 -0.391521 0.974278 -0.196301 -0.110675 0.777499 -0.494435 -0.388624 -0.190193 0.974711 0.117321 0.799694 0.567136 0.197097 0.949897 -0.312563 0.00077383 0.823873 -0.566558 -0.0156442 0.332989 0.939189 -0.0839178 0.845355 0.172245 0.505674 0.499892 0.863724 0.0639426 0.0318788 0.738249 -0.673775 -0.832361 0.339509 -0.438074 -0.650094 -0.706382 0.280006 -0.0927095 -0.888854 0.448713 -0.0298732 -0.974791 -0.221113 -0.780501 -0.596501 0.187098 -0.787952 -0.522585 -0.325634 -0.258128 -0.475871 0.840783 0.563668 0.638168 0.524424 0.39381 0.897047 -0.200549 -0.791489 -0.478815 0.379843 0.379205 -0.692042 0.614232 0.446075 -0.492726 0.747153 0.441817 -0.593503 0.67272 0.480285 -0.435918 0.761119 0.453158 -0.333454 0.826714 0.540794 -0.253673 0.801992 0.457146 -0.195956 0.867536 0.571448 0.0265999 0.820207 0.557075 -0.0927218 0.82527 0.630839 -0.0586546 0.773693 0.349196 -0.403328 0.845807 0.624036 -0.305621 0.719148 0.445214 -0.190695 0.874883 -0.138723 -0.134018 0.981221 0.325404 -0.511892 0.795034 0.262489 -0.516402 0.815125 0.854036 -0.210587 0.475684 0.711579 -0.288368 0.640702 0.959477 -0.0231869 0.28083 0.855342 0.119857 0.504008 0.68639 0.0538635 0.725236 0.705488 0.154881 0.691592 0.874535 0.356657 0.328611 0.786839 0.264594 0.557561 0.750451 0.535083 0.387955 0.344244 -0.432465 0.833349 0.354605 0.617608 0.702008 0.522126 -0.00160295 0.852867 0.450165 0.317392 0.834634 0.788693 0.163869 0.592545 0.34108 0.81177 0.474018 -0.357568 0.548485 0.75585 -0.338283 0.803926 0.489149 -0.447959 0.175209 0.876718 0.359081 0.897542 -0.25589 0.567243 0.738143 -0.365213 -0.102857 -0.481855 0.870193 0.291783 -0.277079 0.915473 0.566206 0.738616 -0.365866 -0.461023 0.205238 0.863328 -0.525433 0.85063 -0.0186465 -0.495504 0.867991 0.0326594 -0.55335 0.830012 -0.069881 -0.864166 -0.483499 0.139447 -0.931528 0.253795 0.260467 -0.694626 0.558403 0.453521 0.381921 0.858373 0.342539 0.333618 0.303156 0.892634 0.250484 -0.101088 0.962829 0.501724 0.29755 0.812242 -0.159281 0.640012 0.751674 0.570621 0.59143 0.569739 -0.991632 0.0537639 -0.117368 -0.995231 0.0709493 -0.0669506 -0.985207 0.0364252 -0.16745 -0.3846 0.915549 0.117701 -0.406168 0.910835 0.0735256 0.901598 0.410878 0.135278 0.896713 0.143652 0.418652 -0.348525 -0.197841 0.916182 0.485388 0.00688738 0.874272 0.820057 -0.443671 0.361473 -0.0664786 -0.926231 0.371048 -0.953647 0.0627827 0.294307 -0.953646 0.0627829 0.294308 -0.770587 -0.597098 0.222866 0.940514 -0.172654 -0.292616 0.943069 0.170981 -0.285283 -0.546362 -0.824263 0.148587 0.575869 -0.794009 -0.194743 0.962233 0.230992 0.144051 0.0502038 0.0402117 0.997929 -0.114722 0.249976 0.961432 0.995187 -0.0586803 -0.078479 0.615267 -0.735709 0.283159 0.419347 -0.741277 0.524077 -0.743662 0.293737 0.600571 -0.780993 -0.0911819 0.617848 -0.756189 -0.278566 0.592097 0.763507 -0.199721 -0.614141 0.777002 0.137744 -0.614243 -0.756624 -0.278889 0.591389 -0.0328134 -0.999452 -0.00431631 -0.0328004 -0.999453 -0.00428233 0.749871 0.301167 -0.58906 0.75558 0.0690955 0.651402 0.741633 0.0847096 0.665436 0.793652 0.0450572 0.606702 0.713474 0.104292 0.692877 0.712386 0.115714 0.692183 -0.687697 0.0404645 0.724869 -0.701828 0.0363314 0.711419 -0.673294 0.0445816 0.73803 0.187908 -0.974403 -0.123411 0.00640391 -0.998012 0.0626963 -0.190218 -0.942175 0.275904 0.188081 -0.974416 -0.123044 0.694967 0.113921 -0.70996 0.694966 0.113921 -0.709961 0.694967 0.113921 -0.70996 -0.358019 -0.820849 0.445004 -0.357823 -0.807982 0.468111 0.498023 0.119971 0.858825 -0.218954 0.223038 0.949901 -0.215804 0.355601 0.909383 0.488635 0.206508 0.847697 0.480649 0.250731 0.840304 0.495165 0.242262 0.834338 -0.805514 0.388292 0.447635 -0.834789 -0.101624 0.541111 -0.637086 -0.592614 0.492879 -0.425303 -0.814755 0.39407 -0.194275 -0.943443 0.26865 0.845687 -0.164045 -0.507841 0.847777 -0.0400521 -0.528839 0.83635 0.0866364 -0.541306 0.846151 -0.164233 -0.507007 0.811957 0.209815 -0.544705 0.81252 0.209781 -0.543878 -0.194275 -0.943443 0.26865 0.7889 0.265772 0.554077 0.36415 -0.0704195 0.928674 0.226389 0.0533216 0.972576 0.893685 -0.352456 0.277671 0.488016 -0.665277 0.56502 -0.423931 -0.192084 0.885091 -0.423545 -0.191855 0.885326 0.325959 0.347284 -0.879286 0.325959 0.347284 -0.879286 0.325959 0.347284 -0.879286 0.0655125 -0.757103 0.650002 0.439627 -0.882838 0.165303 0.563904 -0.819679 -0.100691 0.854501 0.505429 0.119877 0.946888 -0.202873 -0.249492 0.781221 0.492129 0.38406 0.829169 -0.00348488 -0.558988 0.0756342 -0.947266 -0.311395 -0.146342 -0.989095 -0.0165797 -0.461673 -0.884817 0.0629141 -0.996936 -0.0782262 1.03461e-005 -0.967382 0.0929543 -0.23565 -0.886343 0.433657 -0.16229 -0.916294 -0.375321 -0.139787 -0.902785 -0.389078 -0.183294 -0.679107 0.534406 -0.503213 -0.508527 0.327716 -0.796243 -0.396488 0.271856 -0.876864 -0.399228 0.171615 -0.900647 -0.608215 0.699018 -0.376096 -0.335488 0.589683 -0.734658 -0.29134 0.620578 -0.728014 -0.127742 0.315009 -0.940453 -0.138249 0.301166 -0.943497 0.378375 -0.101402 -0.920082 0.442072 0.0127961 -0.896888 0.446636 0.13751 -0.884086 0.481622 0.189726 -0.855596 0.45337 0.308617 -0.836188 0.540535 0.351003 -0.764604 0.457049 0.437734 -0.774271 0.571596 0.570775 -0.589485 0.557261 0.485699 -0.673466 0.630894 0.476668 -0.612176 0.349291 0.270031 -0.897262 0.62397 0.256684 -0.738089 0.445212 0.446748 -0.776017 -0.138677 0.559858 -0.816902 0.325479 0.15488 -0.932778 0.263114 0.165607 -0.950445 0.85427 0.163563 -0.493428 0.711782 0.217418 -0.667904 0.959398 0.17167 -0.223795 0.855643 0.427209 -0.292178 0.686857 0.527149 -0.500342 0.706466 0.579158 -0.406794 0.87448 0.485047 -0.00385581 0.786996 0.570472 -0.234946 0.750538 0.656889 0.0720309 0.344979 0.239501 -0.90754 0.354998 0.928987 -0.104691 0.522451 0.572036 -0.632313 0.450318 0.796008 -0.404455 0.788994 0.519533 -0.327984 0.341152 0.919668 0.194488 -0.357324 0.914323 -0.190614 -0.337796 0.924248 0.177931 -0.448031 0.719122 -0.531161 0.359057 0.492796 0.79261 0.567054 0.301429 0.766544 0.292511 0.408928 -0.864416 -0.102187 0.22741 -0.968423 0.566906 0.301417 0.766659 -0.461132 0.732519 -0.500773 -0.525677 0.617434 0.585183 -0.495708 0.664773 0.558883 -0.553632 0.56773 0.609241 -0.864068 -0.26446 -0.428308 -0.931636 0.362718 -0.0221409 -0.694228 0.718661 0.0396761 0.381298 0.865982 0.323552 0.333268 0.82468 -0.456986 0.250666 0.572345 -0.780761 0.501338 0.766571 -0.401284 -0.158329 0.979227 -0.126676 0.570588 0.820859 -0.0249079 -0.991645 -0.0390285 0.122954 -0.995235 0.00751846 0.0972126 -0.985236 -0.0854645 0.148345 -0.383285 0.758164 0.527523 -0.405006 0.724851 0.55728 0.901571 0.395449 0.175468 0.942998 0.327204 -0.0607637 -0.238932 0.690565 -0.682665 0.850344 -0.0338244 -0.525139 0.5868 0.676321 -0.445259 -0.0370952 -0.191563 -0.980779 -0.909903 0.383767 -0.157477 -0.909634 0.384314 -0.157701 -0.748157 -0.0569676 -0.661072 0.894753 -0.441829 0.0648437 0.9043 -0.247284 0.347984 -0.538294 -0.266267 -0.799589 0.534217 -0.660398 -0.527718 0.962239 0.267876 0.0483659 0.0500523 0.700371 -0.712022 0.995246 -0.0956727 0.0182029 -0.114713 0.831096 -0.544169 0.615167 -0.354596 -0.704153 0.418912 -0.197183 -0.886359 -0.743788 0.620937 -0.247422 -0.781303 0.347337 -0.518577 -0.756593 0.191213 -0.625304 0.764237 -0.560076 0.319775 0.777356 -0.310493 0.547094 -0.757027 0.190498 -0.624996 -0.0333669 -0.743542 -0.667857 -0.0333534 -0.743518 -0.667883 0.749999 -0.17271 0.638493 0.755692 0.488875 -0.435812 0.741772 0.509735 -0.435825 0.713653 0.542601 -0.443039 0.793724 0.441066 -0.418883 0.712594 0.550414 -0.435033 -0.687341 0.517453 -0.509711 -0.701819 0.505061 -0.502358 -0.672576 0.529629 -0.516851 0.00600533 -0.697438 -0.71662 0.187264 -0.804628 -0.563476 -0.190215 -0.5131 -0.836987 0.187366 -0.804489 -0.563642 0.694668 -0.393011 0.602477 0.694666 -0.393012 0.602479 0.69467 -0.39301 0.602475 -0.357817 -0.310143 -0.880783 -0.357588 -0.284443 -0.889507 0.56332 0.742087 -0.363286 -0.145035 0.910252 -0.387822 0.549996 0.783883 -0.288153 -0.150352 0.954797 -0.256431 0.539955 0.804008 -0.249037 0.55376 0.79387 -0.251239 -0.776496 0.630078 -0.0074389 -0.78073 0.421118 -0.461649 -0.571625 0.0847286 -0.816129 -0.362007 -0.135362 -0.922295 -0.138756 -0.323679 -0.935937 0.802457 -0.491251 0.338726 0.805941 -0.54715 0.226022 0.78564 -0.426793 0.447904 0.805092 -0.548006 0.226972 0.756175 -0.356781 0.54855 0.755302 -0.357641 0.549192 -0.138631 -0.323079 -0.936163 0.78885 0.56924 -0.231693 0.363832 0.572437 -0.734807 0.893894 -0.0736401 -0.442188 0.226487 0.693021 -0.684417 0.487923 -0.111447 -0.865743 -0.423853 0.452467 -0.784616 -0.423465 0.452797 -0.784635 0.325913 -0.333936 0.884459 0.325913 -0.333936 0.884459 0.325913 -0.333936 0.884459 0.0650044 -0.122284 -0.990364 0.440121 -0.541929 -0.715966 0.564609 -0.674153 -0.476167 0.854487 0.454954 0.250737 0.781138 0.622681 0.0457367 0.946803 -0.318119 0.0486149 0.828957 -0.378374 0.411903 0.0756683 -0.910994 -0.405418 -0.146079 -0.74413 -0.651868 -0.4613 -0.613595 -0.640861 -0.996935 -0.0579264 -0.0525868 -0.886322 0.212075 0.411651 -0.967431 -0.0892969 0.236863 -0.916392 -0.371531 -0.148964 -0.903025 -0.410636 -0.126187 -0.679109 0.057735 0.731763 -0.508643 -0.292863 0.809638 -0.396548 -0.388779 0.831625 -0.3992 -0.480135 0.781095 -0.608169 0.264959 0.748283 -0.335301 -0.0569389 0.940389 -0.291031 -0.0295219 0.956258 -0.127442 -0.39864 0.908209 -0.137987 -0.410973 0.901144 0.484911 0.00257317 0.874559 0.416347 -0.0208296 0.908967 0.595745 -0.0779424 0.799383 0.294709 -0.00716789 0.95556 0.217143 -0.0898969 0.971991 0.175356 -0.145013 0.973767 0.1204 -0.214553 0.969263 0.103492 -0.248855 0.962996 0.0814153 -0.257591 0.962818 0.0798749 -0.267451 0.960255 0.0527672 -0.120851 0.991267 0.0565953 -0.174632 0.983006 0.0745202 -0.331759 0.940416 0.0288533 0.0192597 0.999398 0.0181723 0.0516157 0.998502 -0.00650604 0.111808 0.993708 -0.0120377 0.125586 0.99201 -0.0291973 0.166792 0.98556 -0.809961 -0.348949 0.471378 -0.809443 -0.342379 0.477052 -0.814745 -0.344896 0.466088 -0.788495 -0.357695 0.50033 -0.772227 -0.367917 0.517979 -0.751758 -0.385107 0.535306 -0.751109 -0.387453 0.534523 -0.812406 -0.352142 0.46475 -0.300882 0.893724 0.332758 0.0905776 0.640449 0.762641 0.287045 0.399476 0.870646 -0.491175 0.870916 -0.0159076 -0.62675 0.537104 -0.564538 -0.586383 0.244154 -0.772363 0.811139 0.357566 -0.462818 0.811855 0.355404 -0.463227 0.810683 0.350227 -0.469184 -0.463136 -0.0937488 -0.881315 0.243722 0.135992 -0.960263 0.487499 0.0410667 0.872157 0.804581 0.355863 -0.475407 0.530251 -0.064142 0.845411 -0.468477 -0.0835171 -0.879519 -0.00177494 0.212952 -0.977061 0.604406 -0.321536 0.728909 0.772281 0.358177 -0.524683 0.625387 -0.469861 0.622994 -0.557257 0.140418 -0.818381 0.132696 0.360363 -0.923325 0.625371 -0.598574 0.50062 0.626215 -0.597954 0.500305 -0.484943 0.0028842 0.874541 -0.416343 -0.0206725 0.908973 -0.294681 -0.0071972 0.955569 -0.595729 -0.0775078 0.799437 -0.217076 -0.0899858 0.971998 -0.175281 -0.144905 0.973796 -0.120377 -0.214317 0.969318 -0.10347 -0.248622 0.963058 -0.0814364 -0.257457 0.962852 -0.079875 -0.267451 0.960255 -0.0462277 -0.0462504 0.99786 -0.0509075 -0.115139 0.992044 -0.0446437 -0.0632641 0.996998 -0.0270549 0.0200374 0.999433 -0.0122243 0.0516464 0.998591 0.0215437 0.109467 0.993757 0.0290416 0.122438 0.992051 0.0518441 0.161145 0.985568 0.810571 -0.348153 0.470919 0.815648 -0.343697 0.465393 0.809587 -0.342375 0.47681 0.788649 -0.357933 0.499917 0.772772 -0.367787 0.517258 0.752836 -0.384454 0.534259 0.752308 -0.386366 0.533623 0.813386 -0.350729 0.464103 0.300815 0.893788 0.332646 -0.090304 0.640176 0.762902 0.491594 0.870695 -0.0150399 -0.286788 0.399146 0.870882 0.627879 0.53705 -0.563334 0.587102 0.244198 -0.771802 -0.811167 0.355912 -0.464041 -0.810704 0.349469 -0.469714 -0.811942 0.353559 -0.464484 0.462653 -0.0937411 -0.88157 -0.244454 0.136349 -0.960027 -0.487097 0.040815 0.872394 -0.804649 0.355924 -0.475246 -0.52964 -0.0642266 0.845788 0.46809 -0.0832911 -0.879747 0.00182243 0.213068 -0.977036 -0.603249 -0.322103 0.729617 -0.772442 0.358076 -0.524514 -0.624251 -0.470588 0.623584 0.557472 0.141077 -0.818121 -0.132723 0.360199 -0.923386 -0.624487 -0.599221 0.500948 -0.626218 -0.597952 0.500304 -0.532959 0.49378 0.687122 0.193975 0.184405 0.963519 -0.511082 0.558957 0.652965 0.374949 -0.165209 0.912206 -0.930437 0.306591 -0.200722 -0.450522 0.576375 0.681779 -0.90372 0.171134 -0.392432 -0.719309 0.538201 0.439244 -0.564302 -0.277891 -0.777393 -0.541064 -0.35614 -0.761849 -0.949527 0.226032 -0.217502 -0.375406 -0.366112 -0.851489 -0.401676 -0.296785 -0.866358 -0.920642 0.201916 -0.334137 0.513393 0.105492 0.851645 -0.194302 -0.55418 -0.809402 -0.261177 -0.576901 -0.773933 0.734039 -0.531999 0.422096 0.650813 -0.731905 0.201887 -0.0552447 -0.505829 -0.860863 -0.0181418 -0.493116 -0.869774 0.880371 -0.391722 0.267396 0.447183 0.220564 0.866821 0.918764 -0.318117 0.233825 0.775185 -0.61864 -0.127953 0.639998 -0.761314 -0.103938 0.625239 -0.760835 -0.1738 0.847654 -0.497725 -0.183717 -0.453667 -0.818718 0.351976 -0.454736 -0.819313 0.3492 -0.455802 -0.819901 0.346421 -0.369708 -0.809419 0.456242 -0.44041 -0.782627 0.439925 -0.296793 -0.831369 0.469828 0.613493 0.67675 -0.406984 0.575599 0.702257 -0.418951 0.536422 0.726199 -0.429984 0.560397 0.719805 -0.409677 0.561652 0.720324 -0.407038 0.559138 0.71928 -0.412313 -0.698865 0.155626 0.698117 -0.0561312 -0.155065 0.986308 0.213721 0.19348 0.957543 -0.825664 -0.151469 0.543448 0.898935 -0.0459477 0.435665 0.843694 0.348455 0.408362 -0.963166 0.000519848 0.268908 -0.968389 -0.103106 0.227138 0.838688 0.191701 -0.509757 0.811583 0.0236417 -0.583759 0.0973155 0.0734964 -0.992536 -0.203995 0.280852 -0.937821 -0.620046 0.0199069 -0.784313 -0.820048 0.165063 -0.547974 -0.78596 0.294174 -0.54381 -0.132126 0.43092 -0.892665 -0.984718 0.114879 -0.130897 0.0598606 0.618986 0.783117 -0.934115 0.230181 0.272849 -0.728475 0.356923 0.584748 0.570663 0.348942 -0.743359 0.908777 0.254552 -0.330648 0.896049 0.434338 0.0919066 -0.146312 0.916842 0.371476 -0.796654 0.544199 0.26304 0.0171969 0.9479 0.318105 0.460254 0.861101 0.216035 -0.266785 0.693238 0.669513 0.58257 0.662657 0.470636 0.942052 0.295365 -0.159054 0.904194 0.370334 0.212806 0.9506 -0.125806 -0.283782 0.946418 0.237797 -0.21851 0.827377 0.559948 -0.0436457 0.965866 -0.102453 -0.237922 0.954555 0.125964 -0.270108 0.965025 -0.0376404 -0.259442 0.672024 0.229923 -0.703931 0.484694 -0.20013 -0.851481 -0.114027 0.109603 -0.987413 -0.338007 -0.112385 -0.934409 -0.77305 0.180016 -0.608266 -0.92739 -0.119238 -0.354585 -0.997432 0.065855 0.028148 -0.950854 -0.202128 0.234564 -0.962094 0.0602903 0.265971 -0.979308 -0.12648 0.15798 -0.947636 0.303638 0.0989462 -0.99029 0.124458 -0.0619381 -0.876523 0.480101 0.0347872 -0.973868 0.222603 -0.0450413 -0.602442 0.609994 0.514752 -0.426427 0.819946 0.3819 0.301136 0.744152 0.596285 -0.163399 0.53048 -0.8318 0.717502 0.427661 -0.549815 0.922784 0.243674 -0.298484 0.866543 0.349423 0.35638 0.998578 0.02982 -0.0441844 -0.900476 0.156772 0.405665 -0.894531 0.270722 0.355701 0.397014 0.579724 0.711547 -0.948811 0.295298 0.112055 -0.873481 0.349549 -0.33889 2.10719e-008 -1 -5.27219e-012 2.1074e-008 -1 -3.99382e-012 2.10734e-008 -1 1.19667e-011 2.10727e-008 -1 1.90543e-011 2.10742e-008 -1 -1.48388e-013 2.10746e-008 -1 4.24433e-012 2.10796e-008 -1 5.20101e-012 2.10789e-008 -1 4.7834e-011 2.10724e-008 -1 1.32332e-013 2.10828e-008 -1 -2.8484e-012 2.10686e-008 -1 -6.61096e-012 2.10642e-008 -1 -9.32386e-012 2.10818e-008 -1 -1.97104e-012 2.10774e-008 -1 -1.81913e-012 2.10638e-008 -1 6.03812e-012 0.698685 0.155754 0.69827 0.0561226 -0.155078 0.986307 0.825622 -0.151518 0.543498 -0.213725 0.193522 0.957534 -0.898947 -0.045741 0.435663 -0.843796 0.348263 0.408315 0.963088 0.000572998 0.269185 0.968557 -0.102863 0.226533 -0.838784 0.191461 -0.50969 -0.811661 0.0238109 -0.583643 -0.0974133 0.07352 -0.992525 0.203592 0.280859 -0.937906 0.61973 0.0200296 -0.784559 0.819736 0.165231 -0.54839 0.785656 0.294331 -0.544163 0.131562 0.430942 -0.892738 0.984718 0.114879 -0.130897 -0.0601048 0.618999 0.783088 0.933948 0.230631 0.273039 0.728288 0.35751 0.584622 -0.896357 0.433692 0.0919574 -0.570905 0.348633 -0.743319 -0.908989 0.253935 -0.33054 0.146085 0.916843 0.371562 -0.0174427 0.947896 0.318103 0.79652 0.544333 0.263167 -0.460317 0.861072 0.216015 0.266779 0.693365 0.669383 -0.582569 0.662657 0.470636 -0.941899 0.295921 -0.158923 -0.904018 0.370675 0.212956 -0.95082 -0.124672 -0.283546 -0.946323 0.238151 -0.218533 -0.827441 0.55985 -0.0436875 -0.965982 -0.101123 -0.23802 -0.954435 0.126792 -0.270144 -0.965008 -0.0363689 -0.259686 -0.671919 0.230204 -0.703939 -0.484556 -0.200113 -0.851564 0.114199 0.109695 -0.987383 0.338209 -0.111766 -0.934411 0.772901 0.180649 -0.608268 0.927442 -0.118282 -0.354768 0.99745 0.0656135 0.0280779 0.950579 -0.203327 0.234645 0.962121 0.0599886 0.265941 0.97934 -0.126505 0.157763 0.947583 0.303779 0.0990231 0.99035 0.124073 -0.0617385 0.876644 0.479877 0.0348298 0.974128 0.221473 -0.0449931 0.602686 0.609779 0.514722 0.426293 0.820013 0.381908 -0.300993 0.744133 0.59638 0.163309 0.530436 -0.831846 -0.717579 0.42763 -0.549738 -0.922784 0.243673 -0.298484 -0.866459 0.349283 0.356723 -0.998603 0.0289778 -0.0441855 0.900479 0.157123 0.405523 0.894531 0.270723 0.355702 -0.397014 0.579724 0.711547 0.948811 0.295298 0.112055 0.873497 0.349138 -0.339273 2.10783e-008 -1 -1.11314e-012 2.10825e-008 -1 -7.77607e-012 2.10749e-008 -1 4.29209e-012 2.10859e-008 -1 -1.09968e-011 2.10757e-008 -1 1.5623e-012 2.10749e-008 -1 -8.69455e-013 2.10695e-008 -1 8.03977e-013 2.1086e-008 -1 -1.18721e-011 2.10738e-008 -1 -9.63242e-015 2.10662e-008 -1 -1.19691e-012 2.10756e-008 -1 -5.52751e-012 2.10701e-008 -1 -2.19799e-012 2.10579e-008 -1 -3.04083e-012 2.10591e-008 -1 -5.42292e-012 2.10633e-008 -1 -2.99685e-012 0.255865 -0.0786902 0.963505 0.145396 0.595999 0.789712 0.546926 -0.216858 0.808607 -0.173801 0.681936 0.710462 0.501608 0.706604 0.499098 0.861729 -0.198615 0.466879 0.616831 0.775958 0.131943 0.984956 -0.172732 0.00504785 0.545317 0.790275 -0.279455 0.774865 -0.206253 -0.597532 0.286135 0.694332 -0.660325 0.316074 -0.292341 -0.902571 0.147745 0.50498 -0.850392 0.126364 -0.48105 -0.867539 0.439392 -0.550739 0.709663 0.605392 -0.596762 0.526664 0.737507 -0.625037 0.255757 0.768375 -0.630496 -0.109881 0.50646 -0.683077 -0.526218 0.165584 -0.736209 -0.656184 0.0875542 -0.735069 -0.672316 0.0682005 0.961936 -0.264629 0.094548 0.981347 -0.167387 0.0991657 0.994405 0.0364004 0.12796 0.986649 0.100748 0.0812752 0.94426 0.31901 -0.197071 0.869516 0.452886 -0.35231 0.851663 0.388006 -0.255984 -0.0786695 0.963475 -0.145364 0.595971 0.789739 0.173889 0.681899 0.710476 -0.546996 -0.21706 0.808505 -0.502011 0.706229 0.499225 -0.861724 -0.198787 0.466814 -0.617165 0.775706 0.131862 -0.985046 -0.172214 0.00524076 -0.545047 0.790547 -0.279212 -0.774911 -0.206041 -0.597545 -0.286065 0.694427 -0.660256 -0.316014 -0.292424 -0.902565 -0.14782 0.504979 -0.85038 -0.126429 -0.481051 -0.867528 -0.439586 -0.550695 0.709577 -0.605484 -0.596454 0.526908 -0.737865 -0.624497 0.256047 -0.76816 -0.630763 -0.109853 -0.50609 -0.683448 -0.526091 -0.165615 -0.736208 -0.656178 -0.0876027 -0.735065 -0.672313 -0.068226 0.961919 -0.264682 -0.0946147 0.981319 -0.167515 -0.0992964 0.994394 0.0363403 -0.128061 0.986637 0.100732 -0.0812703 0.944258 0.319017 0.197178 0.869485 0.452898 0.35251 0.851594 0.387975 -0.590117 0.422665 0.687835 -0.361545 0.573186 0.735352 -0.70396 0.540515 0.460742 -0.810133 0.39213 0.435797 -0.431929 0.835143 0.340548 0.236474 0.370981 0.898027 0.163927 0.491573 0.855268 0.661565 0.594878 0.456565 0.24533 0.441304 0.863171 0.721911 0.465962 0.511589 0.702302 0.688369 0.181439 0.535224 -0.505444 0.676802 0.951975 -0.0454297 0.302786 0.488194 -0.859971 0.148717 -0.350333 0.404293 0.844875 -0.109642 0.727136 0.677681 -0.536253 0.664928 0.519907 0.457647 0.712371 0.532058 -0.165695 0.725817 0.667634 0.851286 0.451892 0.266659 0.618022 -0.679316 0.395699 -0.131843 -0.207339 0.969344 0.250694 -0.336537 0.907687 -0.316782 -0.139883 0.938127 -0.211775 0.702656 0.679283 -0.224869 0.685005 0.692966 -0.58297 -0.775562 0.242176 -0.677714 -0.492489 0.546039 -0.175328 -0.363084 0.915112 -0.844663 -0.441705 0.302391 -0.246537 0.694328 0.676112 -0.289253 -0.877646 0.382192 -0.763736 -0.637199 0.103368 0.508217 -0.796407 0.327798 -0.814424 -0.573987 -0.0851605 -0.894433 -0.3885 -0.221488 -0.807776 0.303327 0.505461 -0.934237 0.128593 0.332664 0.689416 -0.724366 2.24248e-008 0.490879 -0.871228 3.57923e-008 0.836942 0.547292 -0 0.901018 0.433782 -0 0.19018 -0.0138734 0.981651 -0.285778 0.0998958 0.953075 0.518279 -0.0732935 0.852065 -0.641386 0.110055 0.759284 0.669668 -0.0851328 0.737765 0.783104 -0.118981 0.610403 -0.807345 0.1872 0.559599 -0.862057 0.134594 0.488613 -0.522133 0.0158591 0.852717 0.300118 -0.0106454 0.953843 0.625689 0.000433936 0.780073 -0.859266 0.055178 0.508545 -0.368352 0.000441166 0.929686 0.418351 0.0191559 0.908083 0.62329 0.0250704 0.781589 -0.857555 -0.00704094 0.514345 0.183676 0.0550723 0.981443 -0.301926 0.0210083 0.9531 0.516882 0.11492 0.848308 -0.640876 -0.10731 0.760107 0.65843 0.153532 0.736816 0.789528 0.160339 0.592399 -0.826721 -0.0552406 0.559894 -0.85781 -0.156486 0.489564 -0.355021 -0.108748 0.928512 0.404857 0.114172 0.907224 0.600131 0.17456 0.780622 -0.831962 -0.237067 0.501636 0.319671 0.0132789 0.947435 0.0991953 -0.0797438 0.991867 0.309166 -0.142034 0.940342 0.375597 0.0200633 0.926566 0.0836025 -0.479937 0.873311 0.62761 -0.446151 0.638008 0.615453 -0.0145414 0.788039 0.497512 0.321756 0.805578 0.489641 0.471736 0.733292 0.837695 -0.410874 0.359791 0.506455 -0.64769 0.569211 0.784158 -0.579397 0.222249 0.132762 -0.50749 0.851368 -0.224403 -0.431094 0.873957 0.929333 -0.366768 -0.0426824 0.86124 -0.429066 -0.272338 0.91256 -0.167928 -0.372874 0.556287 -0.300662 -0.774692 0.713314 -0.28757 -0.63913 0.264287 -0.272135 -0.925254 0.374041 0.0151808 -0.927288 0.75377 -0.0256151 -0.656639 0.996503 -0.0627428 -0.0551731 0.913811 -0.379884 0.143657 0.117442 -0.163812 -0.979476 0.22814 -0.0764347 -0.970623 0.0706724 -0.0658799 -0.995322 0.73178 -0.167179 -0.660718 0.693665 -0.0463894 0.718802 0.607643 -0.170444 0.775706 0.339379 -0.0695048 0.938078 0.33686 -0.0358393 0.940872 0.478538 0.831484 0.282197 0.572976 0.743687 -0.344425 0.609489 0.323787 0.723661 0.405892 0.504258 0.762218 0.387661 0.872235 -0.298203 0.217878 0.539108 -0.813567 -0.0564488 0.0824326 -0.994997 0.184015 -0.342371 -0.921369 0.475839 -0.154061 0.865934 0.343417 -0.571424 0.745345 0.606263 -0.619413 0.49877 0.501541 -0.759636 0.414017 -0.082394 -0.743848 -0.663251 0.310706 -0.728647 -0.610357 0.449084 -0.8108 -0.375403 0.558509 -0.767259 -0.315248 0.697897 -0.645875 0.309491 0.698794 0.335356 0.631841 0.136548 -0.360171 0.922839 -0.300733 -0.726573 0.617779 -0.68698 -0.445902 -0.573785 -0.729794 -0.643005 -0.232259 0.0431162 0.346066 -0.937219 -0.658663 -0.728719 -0.187435 -0.692413 -0.279516 -0.665158 -0.865952 -0.475007 -0.156513 -0.154067 0.457929 -0.875537 0.439251 0.865472 -0.240867 0.0512943 0.824643 -0.563323 0.688665 0.694453 -0.208507 0.607437 0.624914 0.490411 0.446363 0.208369 0.870254 -0.950689 -0.297288 -0.0883809 -0.485347 -0.00181349 -0.87432 0.495808 0.56898 0.656077 0.47635 0.831861 0.284778 0.394053 0.872358 0.289333 -0.101836 -0.204032 0.973653 0.364883 0.280431 0.887817 -0.630845 -0.416482 0.654658 -0.70737 -0.316659 0.631945 -0.463059 -0.0898239 -0.881764 0.455999 0.729213 0.510209 0.224228 0.124758 0.966518 0.490247 0.0867818 0.867252 0.22902 0.0641379 0.971307 0.564667 0.135847 0.814062 0.85359 0.0978277 0.511678 0.885949 0.141954 0.441524 0.994178 0.102888 0.03201 0.98411 0.16907 -0.0542449 0.810972 0.105348 -0.575523 0.714868 0.240559 -0.656579 0.36516 0.109324 -0.924503 0.298107 0.255526 -0.919695 0.175305 0.156005 -0.972075 0.172955 0.253464 -0.951758 0.491438 0.0622129 0.868687 0.22938 0.0577668 0.971621 0.486523 0.0887448 0.869149 0.228184 0.0702905 0.971077 0.843028 0.120578 0.52418 0.851558 0.0782195 0.518392 0.986922 0.157274 0.0353557 0.994827 0.0963867 0.0320667 0.801101 0.159131 -0.576988 0.812037 0.0676474 -0.579672 0.36453 0.127388 -0.922437 0.364743 0.0290172 -0.930656 0.175577 0.105731 -0.978771 0.175019 -0.00109127 -0.984564 0.790405 0.19309 -0.581357 0.983483 0.17665 0.039452 0.776126 0.271117 -0.569319 0.961892 0.247593 0.116025 0.837175 0.13407 0.530248 0.800622 0.211711 0.56052 0.385404 0.23684 -0.891836 0.360974 0.16538 -0.917795 0.174496 0.239542 -0.955076 0.175154 0.153695 -0.97247 0.480605 0.0983257 0.871407 0.429545 0.186036 0.883675 0.22729 0.0823917 0.970335 0.218306 0.197264 0.955735 0.213939 0.321819 0.922314 0.779324 0.401755 -0.480882 0.936888 0.33864 0.0869692 0.337723 0.400033 -0.852008 0.16848 0.415444 -0.893879 0.206151 0.317434 0.925601 0.195887 0.381328 0.903447 0.894182 0.397261 -0.206453 0.73759 0.45361 -0.500198 0.922896 0.381987 0.0484632 0.164314 0.461792 -0.871636 0.32994 0.472886 -0.817018 0.490284 0.46076 -0.739812 0.166434 0.46302 -0.870581 0.880889 0.359903 0.307414 0.893876 0.316356 0.317656 0.875973 0.368754 0.310953 0.876405 0.370798 0.307283 0.839658 0.326275 0.434188 0.772067 0.382408 0.50762 0.643051 0.296739 0.705997 0.900759 0.294834 0.318914 0.886095 0.351614 0.301997 0.916205 0.251248 0.312158 0.907855 0.260966 0.328171 0.450953 0.325858 0.830938 0.549573 0.350232 0.75849 0.308103 0.385402 0.869792 0.189495 0.381861 0.904585 -0.319728 0.0133037 0.947416 -0.0991953 -0.0797438 0.991868 -0.375687 0.020101 0.926529 -0.309166 -0.142034 0.940342 -0.0836027 -0.479968 0.873293 -0.627593 -0.446153 0.638024 -0.615499 -0.0144013 0.788006 -0.497586 0.321792 0.805518 -0.489641 0.471737 0.733292 -0.83771 -0.410754 0.359892 -0.50648 -0.647686 0.569193 -0.784065 -0.579581 0.222097 -0.132818 -0.507443 0.851388 0.224403 -0.431094 0.873957 -0.92928 -0.366859 -0.0430382 -0.861188 -0.42905 -0.272527 -0.912498 -0.168088 -0.372954 -0.556305 -0.300672 -0.774674 -0.713477 -0.287522 -0.638969 -0.264309 -0.272097 -0.925259 -0.374041 0.0151808 -0.927288 -0.753935 -0.0256311 -0.656448 -0.996515 -0.0627501 -0.0549554 -0.913855 -0.379814 0.143566 -0.117483 -0.163806 -0.979472 -0.22809 -0.0764544 -0.970634 -0.0707043 -0.0658797 -0.995319 -0.731743 -0.167448 -0.660692 -0.693808 -0.0463933 0.718664 -0.607818 -0.170239 0.775614 -0.339379 -0.0695049 0.938078 -0.33686 -0.0358393 0.940872 -0.478625 0.831403 0.282289 -0.609473 0.323848 0.723647 -0.573047 0.743656 -0.344374 -0.405892 0.504258 0.762218 -0.387894 0.872155 -0.298136 -0.217873 0.539133 -0.813552 0.0564195 0.0825632 -0.994987 -0.184031 -0.342432 -0.921343 -0.475911 -0.153977 0.86591 -0.343533 -0.571358 0.745342 -0.606887 -0.618977 0.498553 -0.502085 -0.759366 0.413852 0.0821377 -0.743786 -0.663352 -0.310705 -0.728639 -0.610367 -0.449679 -0.810508 -0.375322 -0.559618 -0.766611 -0.314858 -0.698876 -0.644987 0.309133 -0.698829 0.335561 0.631694 -0.136626 -0.360082 0.922862 0.300712 -0.726587 0.617773 0.686909 -0.44601 -0.573787 0.729483 -0.643394 -0.232163 -0.0431291 0.346083 -0.937212 0.658419 -0.729024 -0.187104 0.692475 -0.279678 -0.665025 0.866044 -0.47499 -0.156054 0.154067 0.457929 -0.875537 -0.439125 0.86552 -0.240924 -0.0512942 0.824643 -0.563323 -0.688665 0.694453 -0.208507 -0.607349 0.625067 0.490325 -0.446572 0.208711 0.870065 0.101867 -0.203912 0.973675 0.63102 -0.416276 0.654621 0.950777 -0.297166 -0.0878391 0.485269 -0.0021516 -0.874362 0.707674 -0.31622 0.631825 -0.495807 0.568977 0.65608 -0.476147 0.83194 0.284885 -0.394131 0.872472 0.288882 -0.365148 0.280207 0.887778 0.462874 -0.0904971 -0.881793 -0.455999 0.729213 0.510209 -0.224331 0.12476 0.966494 -0.490293 0.0867814 0.867226 -0.564697 0.135847 0.814041 -0.22912 0.0641374 0.971283 -0.853474 0.0978253 0.511871 -0.885857 0.142105 0.44166 -0.994163 0.103049 0.0319413 -0.984049 0.169387 -0.0543745 -0.810965 0.10542 -0.57552 -0.715016 0.240538 -0.656425 -0.365305 0.109326 -0.924446 -0.298208 0.255526 -0.919662 -0.175305 0.156005 -0.972075 -0.172955 0.253464 -0.951758 -0.491429 0.0622634 0.868689 -0.229476 0.0577679 0.971598 -0.486428 0.0887336 0.869203 -0.228272 0.070292 0.971057 -0.843061 0.120711 0.524096 -0.851511 0.0782626 0.518463 -0.986944 0.15712 0.0354226 -0.994829 0.0963151 0.0322147 -0.801121 0.159101 -0.576967 -0.811934 0.0677044 -0.57981 -0.364513 0.127423 -0.922439 -0.364892 0.028974 -0.930599 -0.175626 0.105707 -0.978765 -0.17502 -0.00109128 -0.984564 -0.79048 0.193042 -0.581271 -0.983455 0.176848 0.0392686 -0.776029 0.271288 -0.56937 -0.961861 0.247618 0.116228 -0.837138 0.134024 0.530318 -0.80059 0.211679 0.560577 -0.385393 0.236821 -0.891845 -0.36102 0.165349 -0.917782 -0.174541 0.239526 -0.955072 -0.175178 0.153719 -0.972462 -0.480597 0.0983344 0.871411 -0.429646 0.18603 0.883627 -0.227343 0.0824232 0.97032 -0.218306 0.197264 0.955735 -0.213997 0.321786 0.922312 -0.77942 0.401617 -0.480841 -0.936999 0.33841 0.0866642 -0.337679 0.4 -0.85204 -0.168545 0.41542 -0.893879 -0.894338 0.397044 -0.206191 -0.922896 0.381987 0.048463 -0.164361 0.461769 -0.871639 -0.32994 0.472886 -0.817018 -0.490159 0.460708 -0.739927 -0.737686 0.4536 -0.500067 -0.88102 0.35963 0.30736 -0.894155 0.315981 0.317242 -0.876111 0.368564 0.31079 -0.876548 0.370628 0.30708 -0.839801 0.326272 0.433913 -0.772173 0.382098 0.507692 -0.642979 0.29665 0.7061 -0.900999 0.294942 0.318134 -0.886096 0.351613 0.301997 -0.916149 0.251461 0.312151 -0.907765 0.26108 0.328328 -0.45102 0.325784 0.830931 -0.549573 0.350232 0.75849 -0.308171 0.385361 0.869786 -0.189571 0.381782 0.904602 -0.206151 0.317434 0.925601 -0.195887 0.381328 0.903447 -0.16652 0.463014 -0.870568 0.581407 -0.760668 -0.288706 0.334317 -0.942156 -0.0239429 0.622474 -0.714237 0.319988 0.316177 -0.897962 -0.306098 0.920173 -0.264694 0.288478 0.831092 -0.177198 0.52715 0.89538 0.138897 0.423087 0.99268 -0.00171512 0.120763 0.865714 0.48422 -0.12677 0.863268 0.475183 0.170205 0.464697 0.706269 -0.53408 0.281491 0.0638179 -0.957439 0.232834 0.52322 -0.819774 0.26074 0.142612 -0.954817 0.868958 0.102351 0.484186 0.910669 0.370352 0.183086 0.782773 0.195552 0.590784 0.669647 0.0710686 0.739272 0.827069 -0.0742289 0.557178 0.648066 0.58393 0.488914 0.455135 0.885552 0.093003 0.214759 0.803959 0.554552 0.0785737 0.953161 0.292081 0.0776312 0.996932 0.010021 0.48382 0.0239615 0.874839 0.5953 -0.344971 0.725681 0.274142 -0.0904268 0.957428 0.325278 -0.575407 0.7504 0.174152 0.328505 0.928308 0.075348 0.380931 0.921528 0.290551 0.308439 0.905784 0.270451 0.296715 0.915869 0.00780617 0.627945 0.778219 0.113077 0.59354 0.796821 0.251713 0.415952 0.873856 -0.726381 0.280344 0.627518 -0.691941 0.495366 0.525196 -0.561591 0.673039 0.481284 -0.433172 0.822469 0.368655 -0.225363 0.918538 0.324807 0.184841 0.960495 0.208047 0.421248 0.900578 -0.107279 0.285653 0.920807 0.26555 0.218479 0.965486 -0.141784 0.783056 0.621752 0.0157422 0.784457 0.313486 -0.53512 0.552399 0.467499 -0.690145 0.172648 0.639668 -0.749011 0.459181 0.156626 -0.874426 0.112188 0.159722 -0.980766 0.705076 0.102424 -0.701696 0.38833 -0.0047535 -0.921508 0.0866633 -0.0223885 -0.995986 0.613922 0.0721476 -0.786063 0.309514 -0.175547 -0.93455 0.0874482 -0.124786 -0.988322 0.515328 -0.0182175 -0.856799 0.216431 -0.253794 -0.942733 0.90688 0.401478 -0.127998 0.648405 0.573 0.501241 0.808718 0.164453 -0.564739 0.754109 0.107276 -0.647928 0.503344 -0.195672 -0.84164 0.398943 -0.221447 -0.889835 0.44846 -0.094961 -0.888744 0.28046 -0.298378 -0.912312 0.408305 0.189683 -0.892921 0.316409 0.210111 -0.925062 0.274941 0.237639 -0.93163 0.300284 0.267974 -0.915434 0.271625 0.281055 -0.92045 0.732564 0.0833088 -0.675581 0.295603 0.284726 -0.911893 0.312406 0.312996 -0.896903 0.251209 0.303359 -0.919167 0.286138 0.354243 -0.890302 0.299636 0.360401 -0.883362 0.305399 0.383589 -0.871545 0.306511 0.38721 -0.869551 0.308129 0.38182 -0.871361 0.30334 0.385154 -0.871574 0.302087 0.384498 -0.872298 0.303484 0.384717 -0.871717 0.303584 0.385275 -0.871435 0.304388 0.384405 -0.871539 0.304394 0.384842 -0.871344 0.305015 0.384486 -0.871285 0.305587 0.384194 -0.871213 0.303077 0.384327 -0.872031 0.302899 0.388304 -0.870329 0.300063 0.38494 -0.872802 0.306348 0.391281 -0.867784 0.307342 0.390737 -0.867678 0.308905 0.390145 -0.86739 0.307946 0.391676 -0.867041 0.306894 0.391999 -0.867268 0.304589 0.346832 -0.887093 0.30856 0.391914 -0.866715 0.309266 0.391599 -0.866605 0.526108 0.426192 0.735915 0.48511 0.152051 0.861132 0.471883 0.101959 0.875746 0.493766 0.44026 0.749911 0.626687 0.182175 -0.757678 0.676847 0.598594 0.428444 0.934039 0.0866209 0.346508 0.87008 -0.415271 0.26554 0.668974 0.740086 0.0688923 0.614788 -0.776018 0.140827 0.753083 -0.657659 -0.0187306 0.691125 0.647781 -0.32051 0.545926 -0.806439 0.227203 0.661194 0.582089 -0.473281 0.569688 0.30898 -0.761569 0.54826 -0.803169 0.233091 0.620291 0.277724 0.733558 0.635879 0.375291 0.6744 0.656251 0.17837 0.733157 0.605142 0.559141 0.566714 0.60288 -0.682683 -0.412892 0.664841 -0.554668 -0.500329 0.549523 -0.722961 -0.41875 0.743466 -0.447356 -0.497123 0.654565 0.726886 0.207801 0.524861 -0.790819 -0.314842 0.625169 0.780206 0.0210536 0.587792 0.717672 -0.373426 0.531065 -0.795633 -0.291442 0.661787 0.671778 0.332794 0.923465 0.180195 0.338737 0.866062 -0.35111 0.355892 0.671561 0.735922 -0.086166 0.618874 -0.70203 0.352347 0.668739 -0.711591 0.215467 0.668884 0.548904 -0.501297 0.551552 -0.678849 0.484722 0.607534 0.44442 -0.658326 0.49265 0.0968689 -0.864819 0.549857 -0.682485 0.48153 -0.581376 -0.760572 -0.289019 -0.334359 -0.94214 -0.0240211 -0.316311 -0.89792 -0.306084 -0.622598 -0.714254 0.319707 -0.920252 -0.264605 0.288305 -0.831091 -0.177198 0.527151 -0.895307 0.138938 0.423229 -0.99268 -0.00171536 0.120763 -0.865707 0.484233 -0.126768 -0.863329 0.475056 0.17025 -0.464794 0.706164 -0.534133 -0.281501 0.06364 -0.957448 -0.232922 0.523141 -0.819799 -0.260931 0.142605 -0.954766 -0.868958 0.102351 0.484186 -0.910713 0.37023 0.183116 -0.782773 0.195552 0.590784 -0.669693 0.0711223 0.739224 -0.827166 -0.0740701 0.557055 -0.648074 0.583844 0.489005 -0.455217 0.885496 0.0931377 -0.214742 0.803914 0.554625 -0.0786039 0.953147 0.292116 -0.0776312 0.996932 0.0100209 -0.48386 0.0241521 0.874812 -0.595435 -0.344847 0.725629 -0.27415 -0.090367 0.957432 -0.325278 -0.575407 0.7504 -0.174049 0.328653 0.928275 -0.0754389 0.380928 0.921522 -0.290551 0.308439 0.905784 -0.270361 0.296831 0.915858 -0.00781149 0.627945 0.778219 -0.113134 0.593532 0.796819 -0.251733 0.415914 0.873868 0.726574 0.280292 0.627317 0.561793 0.672985 0.481123 0.692117 0.495339 0.52499 0.433369 0.822421 0.368531 0.225622 0.918481 0.324787 -0.18493 0.96047 0.208081 -0.421288 0.900561 -0.107267 -0.218551 0.965471 -0.141781 -0.285709 0.92078 0.265584 -0.783024 0.621795 0.0156233 -0.784457 0.313486 -0.535121 -0.552416 0.467492 -0.690136 -0.172707 0.63966 -0.749004 -0.459239 0.156655 -0.874391 -0.11222 0.15973 -0.980761 -0.705076 0.102424 -0.701696 -0.38838 -0.00472197 -0.921487 -0.086682 -0.0223958 -0.995984 -0.613988 0.0722516 -0.786002 -0.309486 -0.17559 -0.934551 -0.0875015 -0.124785 -0.988318 -0.515297 -0.0182381 -0.856817 -0.216541 -0.253783 -0.942711 -0.906875 0.40145 -0.128121 -0.648358 0.573098 0.501189 -0.808718 0.164453 -0.564739 -0.754109 0.107276 -0.647929 -0.503278 -0.195732 -0.841666 -0.399009 -0.221437 -0.889808 -0.44846 -0.094961 -0.888744 -0.280595 -0.298366 -0.912274 -0.408287 0.189735 -0.892918 -0.31637 0.210079 -0.925082 -0.274898 0.237617 -0.931649 -0.300199 0.267968 -0.915463 -0.271677 0.281019 -0.920445 -0.732564 0.0833085 -0.675581 -0.29557 0.284668 -0.911922 -0.312242 0.313027 -0.89695 -0.251339 0.303262 -0.919163 -0.286104 0.354282 -0.890297 -0.299636 0.360401 -0.883363 -0.305181 0.383885 -0.871491 -0.306462 0.387301 -0.869528 -0.302938 0.388447 -0.870251 -0.307982 0.38201 -0.87133 -0.30346 0.385026 -0.871589 -0.302216 0.384372 -0.87231 -0.303484 0.384717 -0.871717 -0.303585 0.385275 -0.871435 -0.304396 0.384443 -0.87152 -0.30432 0.384942 -0.871326 -0.305038 0.384599 -0.871227 -0.305782 0.38422 -0.871133 -0.303077 0.384326 -0.872031 -0.299987 0.385004 -0.8728 -0.306378 0.3912 -0.86781 -0.307434 0.390492 -0.867756 -0.308999 0.389897 -0.867468 -0.307797 0.391642 -0.867109 -0.30657 0.392021 -0.867372 -0.304452 0.34688 -0.887121 -0.30843 0.391825 -0.866801 -0.309366 0.391407 -0.866656 -0.526063 0.426093 0.736004 -0.485062 0.151928 0.861181 -0.471883 0.101959 0.875746 -0.494031 0.440005 0.749886 -0.626685 0.182233 -0.757666 -0.677002 0.59811 0.428874 -0.933931 0.0862681 0.346886 -0.668974 0.740086 0.0688923 -0.86992 -0.415297 0.266023 -0.614899 -0.775899 0.140995 -0.753679 -0.656977 -0.0187113 -0.691125 0.647781 -0.32051 -0.545926 -0.806439 0.227203 -0.661194 0.582089 -0.473281 -0.569688 0.30898 -0.761569 -0.54826 -0.803169 0.233091 -0.620679 0.277464 0.733329 -0.636236 0.375023 0.674211 -0.605435 0.558957 0.566582 -0.656679 0.177948 0.732876 -0.665247 -0.554476 -0.500002 -0.60322 -0.682516 -0.41267 -0.549804 -0.722874 -0.418532 -0.743954 -0.446993 -0.496719 -0.654842 0.726647 0.207765 -0.525131 -0.790682 -0.314736 -0.625426 0.78 0.0210523 -0.588052 0.717505 -0.373339 -0.531323 -0.795481 -0.291386 -0.662071 0.671157 0.333482 -0.923319 0.179769 0.339359 -0.671561 0.735922 -0.0861664 -0.865833 -0.351041 0.356515 -0.619032 -0.701789 0.352552 -0.669771 -0.710702 0.215197 -0.668885 0.548903 -0.501297 -0.551552 -0.678849 0.484721 -0.607534 0.44442 -0.658326 -0.492651 0.0968688 -0.864819 -0.549857 -0.682485 0.48153 -0.377862 -0.174492 0.90927 -0.48084 -0.175433 0.859079 -0.351245 -0.177674 0.919271 -0.473266 -0.178598 0.862625 -0.342878 -0.212877 0.914941 -0.681463 -0.0843032 0.726981 -0.229753 -0.156845 0.960528 -0.252086 -0.117002 0.960606 -0.114161 0.0490393 0.992251 -0.177251 0.0890038 0.980133 -0.18143 0.0676108 0.981077 -0.269992 0.0624385 0.960836 -0.127311 0.102096 0.986594 -0.119814 0.166432 0.978747 -0.357106 -0.209707 0.910219 -0.316279 -0.206306 0.925962 -0.274477 -0.23231 0.93311 -0.299888 -0.265245 0.916358 -0.271147 -0.279798 0.920973 -0.295782 -0.28472 0.911837 -0.311963 -0.312825 0.897117 -0.250388 -0.303669 0.919288 -0.285402 -0.354117 0.890588 -0.299863 -0.360675 0.883173 -0.305337 -0.383788 0.87148 -0.306224 -0.387243 0.869638 -0.301468 -0.387994 0.870964 -0.307659 -0.382449 0.871251 -0.303049 -0.385758 0.871408 -0.301886 -0.385497 0.871927 -0.303446 -0.385035 0.87159 -0.303659 -0.384655 0.871683 -0.304304 -0.384365 0.871587 -0.303921 -0.384355 0.871724 -0.304313 -0.384686 0.871442 -0.305342 -0.384162 0.871313 -0.303308 -0.384967 0.871668 -0.300018 -0.385024 0.872781 -0.306925 -0.391416 0.86752 -0.307895 -0.390528 0.867577 -0.308905 -0.390145 0.86739 -0.307799 -0.391944 0.866971 -0.306713 -0.392258 0.867214 -0.303903 -0.346606 0.887416 -0.308496 -0.392129 0.86664 -0.309462 -0.391698 0.866491 0.377913 -0.174488 0.90925 0.351297 -0.177669 0.919252 0.480873 -0.175423 0.859062 0.4733 -0.178592 0.862608 0.342911 -0.212922 0.914919 0.681463 -0.0843029 0.72698 0.229783 -0.156862 0.960518 0.252095 -0.117017 0.960602 0.114188 0.049054 0.992247 0.177264 0.0890234 0.980129 0.181472 0.0676183 0.981069 0.269992 0.0624386 0.960836 0.127376 0.102095 0.986586 0.119876 0.166431 0.978739 0.357085 -0.209718 0.910225 0.31624 -0.206274 0.925982 0.274434 -0.232288 0.933128 0.299803 -0.265239 0.916387 0.271199 -0.279763 0.920969 0.295749 -0.284662 0.911866 0.311799 -0.312855 0.897164 0.250519 -0.303573 0.919285 0.285368 -0.354156 0.890584 0.299863 -0.360675 0.883174 0.305119 -0.384083 0.871426 0.306175 -0.387333 0.869615 0.307511 -0.382639 0.87122 0.303168 -0.385631 0.871423 0.302015 -0.38537 0.871939 0.303446 -0.385035 0.871589 0.30366 -0.384655 0.871683 0.304311 -0.384402 0.871567 0.303847 -0.384454 0.871706 0.304336 -0.384798 0.871384 0.305537 -0.384188 0.871233 0.303308 -0.384967 0.871668 0.301507 -0.388137 0.870887 0.299942 -0.385088 0.872778 0.306955 -0.391335 0.867546 0.307987 -0.390282 0.867655 0.308999 -0.389897 0.867467 0.30765 -0.39191 0.86704 0.306389 -0.39228 0.867319 0.303766 -0.346655 0.887444 0.308367 -0.39204 0.866727 0.309562 -0.391506 0.866542 0.680615 0.722285 0.122748 0.0364442 0.897049 0.440426 0.0762301 0.997076 0.00538843 0.544671 0.655993 0.522501 0.410704 0.453313 0.791094 -0.208049 0.67245 0.7103 -0.162875 0.282134 0.945448 -0.353119 0.206229 0.912566 -0.00120479 -0.400885 0.916128 -0.0129399 -0.5537 0.832616 -0.00924568 -0.223232 0.974721 -0.0179905 -0.249393 0.968235 -0.172048 -0.0208682 0.984867 0.0683545 -0.362114 0.929624 0.23524 -0.232462 0.943728 0.522249 -0.367355 0.769614 0.273088 -0.212146 0.938305 0.63609 0.26532 0.724566 0.845901 0.338639 0.412038 0.977138 -0.149263 0.151399 0.784659 -0.0781512 0.614982 0.146214 0.11537 0.982503 0.640611 -0.304047 0.705105 0.94175 -0.336268 -0.005606 0.755132 -0.400897 -0.518708 0.986776 -0.133254 -0.0922895 0.568809 0.700695 -0.430677 0.890653 -0.211229 -0.40264 0.484448 0.475471 -0.734329 0.57855 0.156847 -0.800425 -0.00225924 0.967308 -0.253593 0.617259 -0.786597 0.0160133 0.587826 -0.781145 0.210413 0.741225 -0.140273 0.656437 0.956401 0.136145 -0.258382 0.718373 0.243304 -0.651724 0.986538 -0.161171 0.0277018 0.785269 -0.520549 0.335234 0.338019 -0.360726 0.869264 0.130351 -0.298389 0.945501 -0.143409 0.141953 0.97943 0.698383 -0.615376 -0.365477 0.449248 -0.726036 0.520623 -0.0324948 -0.412128 0.910546 -0.163593 -0.396151 0.903494 -0.266797 0.917307 0.295579 -0.327 0.657203 0.679084 -0.725261 0.152672 -0.671333 -0.83803 0.543022 -0.0532147 -0.946143 0.0520161 -0.319543 -0.575134 0.733325 -0.362568 -0.99336 -0.115037 -0.00135774 -0.835779 0.418054 0.355954 -0.817624 0.0171538 0.575497 -0.684761 0.0721292 0.72519 -0.479017 -0.594036 0.64627 -0.326698 -0.680597 0.655786 -0.617507 -0.469475 0.631093 -0.594805 -0.48329 0.642369 -0.679292 -0.226435 0.698062 -0.533459 -0.606381 0.58968 -0.673652 -0.600483 0.430829 -0.566378 -0.809449 0.154944 -0.692628 -0.605017 0.392709 -0.918571 -0.364255 -0.153446 -0.793693 -0.325158 -0.514124 -0.374697 -0.696129 -0.612378 -0.699989 -0.678507 -0.222809 -0.862087 -0.29259 0.413759 -0.594695 -0.803907 0.00839844 -0.140693 -0.774279 -0.617007 0.350795 -0.564441 -0.747228 -0.200999 -0.614175 -0.763144 -0.253231 0.367808 -0.894758 0.111099 -0.526711 -0.842753 0.130411 0.332172 -0.93416 0.322154 0.0529531 -0.945205 -0.334429 0.832838 -0.441065 0.202038 -0.954636 -0.218749 0.0611882 -0.994306 -0.087244 -0.681391 -0.716972 -0.147161 -0.210583 -0.337202 -0.917578 0.11293 -0.00290652 -0.993599 -0.276537 -0.672915 -0.686085 -0.602629 -0.595128 0.531659 -0.58318 -0.733621 0.348856 -0.245036 -0.937472 -0.24719 0.370377 -0.747823 -0.550983 -0.157438 -0.971458 0.177433 -0.457961 -0.584208 0.670054 -0.415469 -0.498065 0.761128 -0.773423 -0.113502 0.623646 -0.633044 0.769007 0.088791 -0.76302 0.480283 0.432585 0.856188 0.396282 -0.331515 0.532052 0.828892 0.172794 0.39678 0.883152 -0.250216 0.907832 0.409202 0.0916252 0.854828 0.290069 0.430265 0.381733 0.733838 0.561927 0.39823 0.370061 0.839326 0.20206 0.374811 0.904814 0.291252 -0.320775 0.901263 0.191299 -0.46089 0.866594 0.369989 -0.152662 0.916407 0.349378 -0.174904 0.920513 0.308502 0.0981661 0.946145 0.36618 -0.313395 0.876182 0.553049 -0.260872 0.791254 0.662982 -0.507344 0.550506 0.587811 -0.257879 0.766797 0.946576 0.0246958 0.321534 0.99834 -0.00695661 -0.057174 0.823155 -0.518546 -0.231356 0.903841 -0.353306 0.241342 0.613515 0.0960196 0.783824 0.751891 -0.49818 0.431828 0.659279 -0.683258 -0.313863 0.245989 -0.693393 -0.67727 0.723081 -0.520071 -0.454621 0.500662 0.393727 -0.770919 0.473751 -0.568666 -0.672442 0.214666 0.205514 -0.954821 0.155482 -0.127026 -0.979638 0.202575 0.87436 -0.440974 0.252157 -0.965738 -0.0613837 0.320719 -0.939236 0.12237 0.866117 -0.392399 0.309618 0.710806 -0.269936 -0.64953 0.368327 -0.0965804 -0.924666 0.768517 -0.540605 -0.342239 0.627682 -0.773089 0.0913711 0.561282 -0.422887 0.711428 0.446391 -0.278128 0.850518 0.383585 0.23507 0.893087 0.200525 -0.859434 -0.47028 0.370289 -0.818692 0.438895 0.259766 -0.320106 0.911073 0.155532 -0.252489 0.955018 0.222788 0.960947 0.164152 0.265338 0.76559 0.586062 -0.856188 0.396279 -0.331518 -0.532054 0.828892 0.172793 -0.907833 0.409201 0.0916226 -0.396782 0.883151 -0.250217 -0.854829 0.290069 0.430264 -0.381734 0.733837 0.561927 -0.398231 0.370061 0.839325 -0.20206 0.374811 0.904814 -0.291252 -0.320776 0.901263 -0.1913 -0.46089 0.866593 -0.36999 -0.152662 0.916407 -0.349383 -0.174904 0.920511 -0.308503 0.0981658 0.946144 -0.36618 -0.313395 0.876183 -0.553052 -0.260873 0.791251 -0.662984 -0.507341 0.550505 -0.587811 -0.257875 0.766797 -0.946576 0.0246928 0.321533 -0.99834 -0.0069562 -0.0571784 -0.823154 -0.518548 -0.231357 -0.90384 -0.353313 0.241337 -0.613518 0.0960143 0.783822 -0.751892 -0.498182 0.431825 -0.65928 -0.683257 -0.313862 -0.245989 -0.693393 -0.67727 -0.723081 -0.52007 -0.454621 -0.500664 0.393727 -0.770918 -0.473753 -0.568666 -0.672441 -0.214666 0.205514 -0.954821 -0.155482 -0.127026 -0.979638 -0.202575 0.874359 -0.440975 -0.252157 -0.965737 -0.0613833 -0.320719 -0.939236 0.12237 -0.866117 -0.3924 0.309618 -0.710806 -0.269936 -0.64953 -0.368327 -0.0965804 -0.924666 -0.768516 -0.540607 -0.342238 -0.446391 -0.27813 0.850517 -0.561283 -0.422888 0.711426 -0.627681 -0.77309 0.0913699 -0.200526 -0.859434 -0.470279 -0.370291 -0.818693 0.438892 -0.259766 -0.320106 0.911073 -0.155532 -0.25249 0.955018 -0.383584 0.23507 0.893088 -0.222788 0.960947 0.164152 -0.265338 0.76559 0.586062 0.325263 0.374327 -0.868379 0.437308 0.844586 -0.308928 0.0355553 0.862433 -0.50492 0.665615 0.423011 -0.614833 0.880808 0.331876 -0.337691 0.620979 0.780508 0.0720576 0.855773 0.441329 0.269965 0.767662 0.449552 0.456725 0.871752 -0.24274 0.425588 0.786395 -0.386286 0.482044 0.925849 -0.073802 0.370617 0.916088 -0.0957105 0.389386 0.888776 0.178108 0.422321 0.905127 -0.236979 0.352966 0.969321 -0.189139 0.15698 0.88776 -0.454061 -0.075574 0.975307 -0.18898 0.114291 0.883095 0.059254 -0.465438 0.647594 -0.00318552 -0.761979 0.43455 -0.529126 -0.728829 0.820599 -0.325404 -0.469818 0.98234 0.16428 0.0895505 0.861968 -0.455673 -0.222199 0.272945 -0.70206 -0.657734 -0.273011 -0.745169 -0.608431 0.205148 -0.549604 -0.809846 -0.23577 0.332755 -0.913064 -0.119792 -0.6181 -0.776918 -0.553106 0.128083 -0.823206 -0.590716 -0.205969 -0.780148 -0.235109 0.836373 -0.49518 0.193661 -0.965288 -0.175256 0.369948 -0.923671 -0.0998521 0.846486 -0.358047 -0.394035 0.0394057 -0.31695 -0.947623 -0.406063 -0.169536 -0.897981 0.319121 -0.559928 -0.764619 0.550665 -0.757261 -0.351175 0.928067 -0.357246 0.105198 0.939323 -0.204057 0.275741 0.893376 0.310487 0.324772 -0.143913 -0.893902 -0.424532 0.626805 -0.77544 0.0762081 0.857165 -0.241536 0.454894 0.812023 -0.172116 0.557669 0.209165 0.972957 -0.0980007 0.555831 0.813439 0.171373 -0.855865 0.360443 0.370911 -0.296441 0.836053 0.461669 -0.586303 0.408384 0.699622 -0.512284 0.855986 0.0696661 -0.298355 0.318324 0.899808 0.0930869 0.774499 0.625689 0.305465 0.434741 0.847167 0.488502 0.446503 0.749667 0.470134 -0.247728 0.847115 0.523847 -0.389309 0.757643 0.415993 -0.0799075 0.90585 0.434879 -0.101265 0.894777 0.462968 0.172578 0.869412 0.398489 -0.243347 0.884301 0.206019 -0.198152 0.958276 -0.0276945 -0.465537 0.884595 0.162346 -0.200799 0.966087 -0.422853 0.0432474 0.905166 -0.72943 -0.0197732 0.683769 -0.700768 -0.542584 0.46317 -0.4262 -0.339249 0.838608 0.135287 0.154742 0.978648 -0.174778 -0.466997 0.866814 -0.636438 -0.712251 0.296049 -0.612705 -0.74912 -0.251816 -0.792702 -0.561423 0.237545 -0.927043 0.3245 -0.187859 -0.775073 -0.625512 -0.0894245 -0.85047 0.124647 -0.511042 -0.805488 -0.208424 -0.55475 -0.515377 0.832989 -0.201287 -0.155294 -0.969318 0.190542 -0.0718541 -0.928571 0.364134 -0.348627 -0.371857 0.860338 -0.941176 -0.32809 0.0808979 -0.914549 -0.175037 -0.364641 -0.74265 -0.57185 0.348509 0.323481 -0.210813 0.922452 0.154896 -0.365663 0.917768 -0.315068 -0.76763 0.5581 -0.420424 -0.897241 -0.134915 0.116579 -0.781558 0.612844 0.498525 -0.245272 0.831453 0.59715 -0.174566 0.782904 0.363729 0.304091 0.880471 -0.0984926 0.969341 0.225114 0.188438 0.809014 0.556765 -0.864099 0.503318 0.00207237 -0.447698 0.678082 -0.582899 -0.366699 0.907022 -0.206987 -0.857989 0.334292 -0.390006 -0.768504 0.0822565 -0.634536 -0.254048 0.425347 -0.868642 -0.257859 -0.0221545 -0.965928 -0.0536116 -0.0465512 -0.997476 -0.189001 -0.674326 -0.713837 -0.105443 -0.785164 -0.610245 -0.255306 -0.527826 -0.810073 -0.239885 -0.547977 -0.801359 -0.173472 -0.314614 -0.933234 -0.266953 -0.656231 -0.70576 -0.459048 -0.571378 -0.680296 -0.616098 -0.691649 -0.376889 -0.497967 -0.557566 -0.66419 -0.891464 -0.110345 -0.439449 -0.995187 0.0229278 -0.0952783 -0.880183 -0.365959 0.302244 -0.885305 -0.418972 -0.201736 -0.496475 -0.245094 -0.832731 -0.719403 -0.632241 -0.287631 -0.739418 -0.48161 0.470438 -0.37996 -0.337306 0.86131 -0.810926 -0.273015 0.517554 -0.571254 0.687137 0.448901 -0.596283 -0.225283 0.770515 -0.325006 0.594387 0.735578 -0.292233 0.304259 0.906657 -0.200641 0.979657 -0.00394241 -0.322559 -0.846256 0.424036 -0.363889 -0.900364 0.238597 -0.84153 -0.483508 -0.24093 -0.807247 0.0355988 0.589139 -0.493998 0.308577 0.812863 -0.841976 -0.33947 0.419329 -0.659701 -0.736459 0.149742 -0.488211 -0.683398 -0.542786 -0.346766 -0.613052 -0.709874 -0.244284 -0.168014 -0.955038 -0.316707 -0.576158 0.753484 -0.36119 -0.926671 -0.104027 -0.156895 -0.676994 -0.719071 -0.0433238 -0.635508 -0.770878 -0.134598 0.800034 -0.584662 -0.133559 0.443223 -0.886406 0.828575 0.497048 0.257694 0.604654 0.674063 -0.424302 0.937218 0.327632 -0.119498 0.417923 0.904148 -0.0886391 0.92195 0.0757631 -0.379827 0.502182 0.422313 -0.754629 0.531006 -0.0255351 -0.846983 0.345499 -0.048326 -0.937174 0.386548 -0.676013 -0.627365 0.274788 -0.786598 -0.552952 0.47836 -0.530258 -0.699999 0.458788 -0.550889 -0.697162 0.438165 -0.316865 -0.841194 0.457955 -0.658227 -0.597507 0.634953 -0.575227 -0.515702 0.69518 -0.695668 -0.18103 0.666567 -0.561609 -0.490188 0.980578 -0.117663 -0.156912 0.979057 0.0150694 0.203027 0.74829 -0.373053 0.548537 0.901793 -0.426743 0.0682587 0.717655 -0.250481 -0.649793 0.767297 -0.63815 -0.0633988 0.563708 -0.486714 0.66734 0.106739 -0.33909 0.934679 0.619647 -0.278614 0.733766 0.418559 0.683187 0.598384 0.341757 -0.228997 0.911462 0.0992679 0.592681 0.799297 0.0150821 0.303036 0.95286 0.200444 0.978068 0.0566129 0.177604 -0.848249 0.49893 0.270939 -0.90277 0.334063 0.871631 -0.489829 0.0180768 0.597199 0.0315457 0.801472 0.234285 0.306937 0.922443 0.678189 -0.343867 0.649473 0.5362 -0.616434 -0.576627 0.62122 -0.687796 -0.37553 0.580464 -0.74138 0.336776 0.0761622 -0.577797 0.812619 0.368878 -0.929457 0.00617625 0.357644 -0.678963 -0.641171 0.264873 -0.636616 -0.724267 0.51385 -0.170654 -0.840735 0.307004 0.798343 -0.518071 0.392312 0.441232 -0.807097 0.701961 -0.562989 0.436227 0.812385 -0.281067 0.510913 0.34125 -0.80696 0.482042 0.596574 -0.599138 0.533978 0.174001 -0.983782 0.0435417 0.677387 -0.715318 0.171659 0.886413 0.176895 0.427762 0.946722 0.066671 0.315075 0.669283 -0.730304 -0.136812 0.9901 0.12758 0.0585295 0.946777 0.118385 0.299331 0.844203 0.288376 0.451842 0.816319 0.236969 0.526753 0.924067 0.0857404 0.372491 0.813142 -0.00307641 0.582057 0.903757 0.0797049 0.420561 0.896018 -0.233281 0.377799 0.82053 -0.305401 0.483177 0.813533 -0.202604 0.545083 0.898913 -0.0925173 0.428247 0.849246 -0.132454 0.511114 0.824756 -0.151139 0.544917 0.85239 -0.125892 0.507526 0.937543 -0.0195663 0.347319 0.952958 -0.0828768 0.291552 0.906765 -0.199897 0.371239 0.909791 0.0696193 0.409187 0.918757 0.285388 0.272836 0.936999 -0.0370528 0.347362 0.839246 0.396925 0.371642 0.976828 0.184428 0.1086 0.381966 0.921751 -0.0669083 0.00463629 0.867047 -0.498204 -0.345388 0.921174 -0.17929 -0.211273 0.432008 -0.876774 0.949158 0.312857 -0.0349161 -0.33474 0.221336 -0.915947 0.259713 0.93421 0.24454 -0.236159 0.96998 0.0580353 -0.216627 0.971612 -0.0950954 0.239956 0.720546 0.650564 -0.00548757 0.854773 0.518974 0.457583 0.582929 0.671425 0.113587 0.755153 0.645634 0.997053 0.070156 0.0310427 0.0339908 0.845471 -0.532939 0.00986795 0.974076 0.226005 0.149099 0.932189 0.329838 0.55429 0.547514 0.626891 0.915792 0.224723 0.332904 0.837963 0.40423 0.366629 0.557156 0.384757 0.735893 0.470949 0.620426 0.627119 0.394331 0.667517 0.631605 0.303508 0.36328 0.880858 0.201829 0.673119 0.71146 0.36847 0.214716 0.904504 0.230861 0.40359 0.885335 0.135506 -0.135846 0.981419 0.273937 -0.241519 0.930928 0.6106 -0.337848 0.716258 0.864494 0.170747 0.472753 0.832839 -0.421531 0.358735 0.954876 0.035087 0.294924 0.847226 0.144162 0.511298 -0.258024 -0.791301 0.554316 -0.135976 -0.745949 0.651975 0.0336948 -0.939426 0.341092 -0.334473 -0.862036 0.380817 0.41036 -0.839451 0.356268 0.0642191 -0.980612 0.18514 -0.227277 -0.971169 0.0719472 -0.369908 -0.856072 0.360984 -0.263072 -0.939517 0.21932 -0.340495 -0.9115 0.230719 -0.336834 -0.906368 0.255031 -0.221958 -0.943138 0.247438 -0.37749 0.136017 -0.91597 -0.197052 -0.0459674 -0.979315 -0.350046 -0.185449 -0.918192 -0.318578 -0.170549 -0.932427 0.150914 0.00432793 -0.988537 -0.0231808 -0.147964 -0.988721 0.0896399 -0.175435 -0.980402 0.523007 -0.852309 0.005684 0.249578 -0.0632055 0.96629 0.787019 -0.199369 0.583825 0.749442 -0.249827 0.613126 0.21582 -0.163556 0.962638 -0.380779 0.0429465 0.923668 0.19399 -0.257268 0.946668 -0.375445 0.105249 0.92085 0.527924 -0.281836 -0.801165 0.553768 -0.299607 -0.776902 0.519006 -0.308715 -0.797075 0.570832 -0.294851 -0.766299 -0.893182 0.0457901 -0.447358 -0.898517 0.0224147 -0.438366 -0.894171 0.0305575 -0.446681 -0.900964 0.0107203 -0.433762 0.602821 -0.333721 -0.724733 -0.906791 0.00612067 -0.421535 0.0982617 -0.33897 0.935652 -0.439634 -0.17263 0.881431 0.60472 -0.396859 0.690519 0.758492 -0.364947 -0.539911 -0.802473 -0.0684492 -0.592749 0.701172 0.192057 0.686638 0.73989 -0.665877 0.0957631 0.760264 0.389423 0.519951 0.695342 -0.697731 0.172253 0.636612 0.181387 0.74955 0.639603 -0.233845 0.732274 0.224256 -0.315985 0.92188 0.229676 0.360362 0.904095 0.124732 -0.955503 -0.267313 0.104269 -0.985069 -0.13699 0.436009 0.643597 0.62903 0.558244 0.668284 0.491692 -0.899522 0.329707 -0.286624 -0.908599 0.30577 -0.28452 -0.905538 0.320908 -0.277522 -0.913613 0.276843 -0.297773 -0.539378 0.527936 -0.656014 0.327855 0.663783 0.672237 -0.501127 0.532288 -0.682306 -0.879207 0.404904 -0.251092 -0.0267097 0.552843 -0.832857 -0.093298 0.582425 -0.807513 0.149261 0.673735 0.723742 0.0866138 0.286441 0.954175 0.57525 -0.325727 0.750326 -0.0402881 0.384306 0.922326 -0.829019 0.510232 -0.228891 -0.822459 0.530909 -0.204198 -0.896519 0.335057 -0.28981 -0.911493 0.214866 -0.350732 0.390755 -0.0566916 0.918747 0.813906 -0.558183 0.161209 0.243642 0.904891 0.349014 0.926088 -0.0927005 -0.365742 0.59409 -0.0719234 -0.801177 0.449498 -0.888323 0.0939891 0.285211 0.257876 -0.923122 0.27111 0.141263 -0.952126 0.0581779 -0.990891 -0.12145 0.31499 0.461079 -0.829571 0.31139 0.463496 -0.829583 0.225241 0.963506 0.144646 0.40021 0.916171 -0.0215202 -0.0740959 -0.944689 -0.319489 -0.197934 -0.923666 -0.328119 -0.298669 -0.916821 -0.265023 -0.234978 -0.903965 -0.357256 0.99214 -0.108839 -0.0617505 0.842847 -0.317211 0.434725 0.255096 -0.329777 0.908941 0.999709 -0.00515766 0.0235872 0.770447 0.266708 -0.579033 0.671899 0.184089 0.717401 0.79014 0.226774 -0.569431 -0.704476 -0.140241 0.695734 -0.717158 -0.205023 0.666071 -0.444164 0.506178 -0.739257 -0.476846 0.529914 -0.701291 -0.430994 0.54546 -0.718831 -0.492699 0.541215 -0.681421 -0.7186 -0.205259 0.664442 -0.564661 0.494643 -0.660671 -0.818279 -0.373861 0.436632 -0.529349 -0.69806 0.482184 -0.856527 -0.0728918 0.510929 -0.725722 -0.434118 0.533732 -0.410714 -0.910718 0.0436656 -0.83224 -0.527132 0.171779 -0.815871 0.389221 0.427624 -0.901288 0.296679 0.315691 -0.827871 -0.543991 -0.136762 -0.928673 0.366316 0.0581261 -0.88877 0.347036 0.299422 -0.74765 0.486992 0.451507 -0.733441 0.429834 0.526599 -0.874999 0.309373 0.372377 -0.789207 0.196374 0.581884 -0.856591 0.298793 0.420684 -0.925877 -0.006373 0.37777 -0.870483 -0.0944735 0.483046 -0.838224 0.00334136 0.545315 -0.894212 0.130557 0.428183 -0.855733 0.0795496 0.511266 -0.836852 0.0554932 0.544609 -0.857088 0.0873668 0.507707 -0.913661 0.211182 0.347312 -0.944151 0.153219 0.291723 -0.927914 0.0284021 0.37171 -0.864602 0.290027 0.410303 -0.820445 0.502567 0.272574 -0.91741 0.19366 0.347641 -0.716087 0.590544 0.372126 -0.90176 0.418324 0.108787 -0.144688 0.98722 -0.0667985 0.207456 0.842173 -0.497701 0.560666 0.80847 -0.178968 0.310643 0.367115 -0.876771 -0.843803 0.535613 -0.0333823 0.378542 0.132656 -0.916029 -0.0223267 0.969344 0.244691 0.466935 0.882357 0.0584652 0.448519 0.888733 -0.0947838 -0.0554989 0.75762 0.650332 0.214994 0.827567 0.518566 -0.30057 0.677609 0.671195 0.0749943 0.760326 0.645198 -0.949411 0.312515 0.0308774 0.174832 0.82797 -0.532822 0.228711 0.946883 0.226062 0.0841286 0.940274 0.32986 -0.403222 0.666752 0.62678 -0.832758 0.44237 0.332901 -0.713097 0.597717 0.366371 -0.44546 0.508436 0.736925 -0.303888 0.716879 0.627484 -0.21878 0.74351 0.631924 -0.204339 0.425825 0.88143 -0.0307751 0.702601 0.710918 -0.304441 0.298964 0.904399 -0.124649 0.448062 0.88527 -0.164551 -0.0986765 0.98142 -0.324718 -0.167409 0.930877 -0.674631 -0.178743 0.716187 -0.795944 0.37815 0.472732 -0.910416 -0.205506 0.359039 -0.917053 0.268494 0.29483 -0.786084 0.347384 0.511269 0.056057 -0.830521 0.554159 -0.0509304 -0.756801 0.651658 0.112863 -0.917709 0.380883 -0.262779 -0.902608 0.340949 -0.603119 -0.713752 0.356097 -0.302423 -0.934974 0.185375 -0.0178515 -0.997239 0.0720813 0.148943 -0.920485 0.361279 0.0247919 -0.975255 0.219687 0.105747 -0.967252 0.230741 0.104085 -0.961338 0.254943 -0.015047 -0.968791 0.247424 0.399139 0.0393767 -0.916044 0.293738 -0.265438 -0.918292 0.17968 -0.0928428 -0.979334 0.266947 -0.243314 -0.93249 -0.145223 0.0411758 -0.988542 -0.0138036 -0.149148 -0.988719 -0.129916 -0.148084 -0.980404 -0.715893 -0.69819 0.00537969 -0.256535 0.00022923 0.966535 -0.786906 -0.05811 0.614331 -0.811969 0.000532052 0.5837 -0.24787 -0.105579 0.963023 0.380392 -0.0517239 0.923378 -0.249724 -0.201718 0.947073 0.390575 0.010143 0.920515 -0.580167 -0.143426 -0.80177 -0.578111 -0.171989 -0.797626 -0.609875 -0.154387 -0.777314 -0.625395 -0.145466 -0.76663 0.877379 -0.175006 -0.446743 0.874695 -0.189552 -0.446071 0.87696 -0.198378 -0.437707 0.876544 -0.210019 -0.433085 -0.666337 -0.175559 -0.724689 0.881087 -0.215938 -0.42078 -0.178247 -0.304292 0.935753 0.383501 -0.276331 0.881231 -0.683077 -0.235088 0.691476 -0.825941 -0.166336 -0.53866 0.759808 -0.26483 -0.593765 -0.632971 0.357797 0.686534 -0.880525 -0.464218 0.0958049 -0.8452 -0.506015 0.172003 -0.641857 0.563464 0.520124 -0.57271 0.331928 0.749551 -0.67722 -0.0688839 0.732549 -0.29494 -0.251305 0.921876 -0.134843 0.405865 0.903931 -0.355376 -0.895648 -0.267437 -0.342425 -0.929487 -0.137109 -0.265235 0.730774 0.628984 -0.377357 0.7846 0.49194 0.955951 0.0739935 -0.284046 0.952885 0.0994306 -0.286571 0.956535 0.0889646 -0.277714 0.953749 0.0445849 -0.297281 0.652002 0.379931 -0.656159 -0.155546 0.72392 0.67212 0.61589 0.393785 -0.682358 0.951823 0.176975 -0.250425 0.160456 0.529584 -0.832943 0.232108 0.542022 -0.807674 0.0197593 0.689937 0.7236 -0.0137964 0.29877 0.954225 -0.637605 -0.174842 0.75026 0.133392 0.362498 0.922389 0.928951 0.29119 -0.228601 0.92767 0.312705 -0.204068 0.951342 0.10497 -0.289706 0.936155 -0.0155807 -0.351241 -0.392753 0.0405924 0.918748 -0.925816 -0.341837 0.161283 -0.0143526 0.936958 0.349147 -0.920622 0.136973 -0.36564 -0.593642 0.0759143 -0.801141 -0.653469 -0.75112 0.0937904 -0.213192 0.320002 -0.923118 -0.228133 0.20351 -0.952123 -0.299531 -0.946379 -0.121025 -0.192646 0.524078 -0.829596 -0.188956 0.525397 -0.82961 0.0177266 0.989299 0.144824 -0.163737 0.986267 -0.0216091 -0.159758 -0.934222 -0.318915 -0.0342945 -0.944212 -0.327547 0.0653816 -0.962276 -0.264102 0.00633433 -0.934003 -0.357209 -0.988561 0.137902 -0.061076 -0.326625 -0.258979 0.90898 -0.896257 -0.0987107 0.432412 -0.970832 0.238333 0.0261418 -0.683042 0.447768 -0.577025 -0.605623 0.34012 0.719402 -0.710542 0.414455 -0.568646 0.64971 -0.308528 0.694757 0.64558 -0.373773 0.665973 0.55639 0.382727 -0.73753 0.553154 0.42324 -0.717558 0.59439 0.39608 -0.699873 0.612785 0.402329 -0.680167 0.64457 -0.373335 0.667196 0.671873 0.338547 -0.658766 0.0208603 0.663516 0.747871 0.141689 0.74948 0.646687 -0.182767 0.341274 0.922024 0.0866036 0.800793 0.592647 -0.59937 0.475049 0.644271 -0.353746 0.241213 0.903704 -0.670313 0.0570322 0.739884 -0.36117 -0.070094 0.929862 -0.423435 -0.48889 0.762686 -0.22248 -0.241346 0.944592 -0.397598 -0.200535 0.895378 -0.5543 -0.273217 0.786196 -0.715146 0.0702603 0.695435 -0.441042 0.0294081 0.897004 0.309683 0.114697 0.943897 0.404321 -0.027598 0.914201 -0.469748 -0.0275105 0.882372 0.393465 -0.00851061 0.9193 -0.451135 -0.0649795 0.890087 0.579144 0.0390197 0.814291 -0.766186 -0.0855413 0.6369 -0.822806 -0.0843037 0.562035 -0.587993 -0.0596442 0.806664 -0.887486 -0.0313188 0.459768 -0.548473 -0.02746 0.835717 -0.925228 0.0467433 0.376522 -0.560016 0.0402276 0.827505 -0.824969 -0.233608 0.514639 -0.472122 -0.0936299 0.876547 0.482169 -0.0306819 0.875541 0.533944 -0.107363 0.838676 -0.540541 -0.00978199 0.841261 0.564703 -0.0931146 0.820025 0.883525 -0.0485322 0.465864 0.823946 -0.0166423 0.566423 0.364975 -0.0304397 0.93052 0.370422 -0.00803677 0.928829 0.811856 0.0375302 0.582651 0.826357 0.0598611 0.559957 0.92758 -0.0963012 0.360999 0.913461 -0.128408 0.386135 -0.546342 -0.394459 0.738859 -0.488776 -0.662942 0.567103 -0.432506 -0.299943 0.850278 -0.756911 -0.448294 0.47552 -0.375353 -0.203736 0.904213 -0.57068 -0.143041 0.808618 -0.647375 -0.457012 0.609955 -0.485796 0.511573 0.708728 0.224094 0.516663 0.826342 0.295743 0.694907 0.65547 0.415855 0.703942 0.575787 0.104276 0.310878 0.944712 -0.367394 0.437553 0.820712 -0.794029 0.303696 0.52658 -0.645798 -0.0410086 0.762407 -0.846216 0.123694 0.518284 0.52048 -0.104258 0.847485 -0.31103 0.426155 0.849501 0.513083 0.361814 0.778355 0.820881 -0.206752 0.532361 0.695865 0.447794 0.561474 -0.864494 0.265862 0.426576 -0.911175 0.165087 0.3775 -0.0214821 0.939797 0.341059 -0.69256 0.00110024 0.721359 -0.474407 -0.0149123 0.88018 -0.112554 -0.455683 0.882997 0.277294 -0.268154 0.922606 0.398672 -0.0413529 0.916161 -0.495876 0.395937 0.772878 -0.381824 -0.620002 0.685425 0.410811 -0.640427 0.648912 0.735579 -0.292364 0.611103 0.759215 0.254843 0.598872 0.259248 0.0988487 0.960739 0.823601 0.118987 0.554548 0.817944 -0.0331041 0.574345 0.831995 0.0357374 0.553631 0.0208605 0.663517 -0.74787 0.14169 0.74948 -0.646686 0.0866038 0.800795 -0.592645 -0.182767 0.341274 -0.922024 -0.59937 0.475049 -0.644271 -0.353746 0.241213 -0.903703 -0.670313 0.0570322 -0.739884 -0.36117 -0.0700942 -0.929862 -0.423436 -0.488891 -0.762685 -0.22248 -0.241347 -0.944592 -0.397599 -0.200535 -0.895377 -0.554301 -0.273218 -0.786195 -0.715147 0.0702605 -0.695434 -0.441043 0.0294083 -0.897004 0.309684 0.114696 -0.943897 0.404321 -0.0275979 -0.914201 -0.469749 -0.0275104 -0.882371 0.393465 -0.00851066 -0.9193 -0.451136 -0.0649796 -0.890087 0.579145 0.0390197 -0.81429 -0.766186 -0.0855413 -0.6369 -0.822807 -0.0843038 -0.562034 -0.587994 -0.0596443 -0.806664 -0.887487 -0.0313188 -0.459768 -0.548473 -0.0274601 -0.835717 -0.925228 0.0467432 -0.376522 -0.560016 0.0402275 -0.827504 -0.824969 -0.233608 -0.514639 -0.472122 -0.0936298 -0.876547 0.482169 -0.0306819 -0.875541 0.533944 -0.107363 -0.838676 -0.540541 -0.00978219 -0.841261 0.564702 -0.0931148 -0.820025 0.883525 -0.0485321 -0.465863 0.823947 -0.0166423 -0.566423 0.364975 -0.0304398 -0.93052 0.370422 -0.0080368 -0.928829 0.811856 0.0375302 -0.58265 0.826357 0.0598611 -0.559956 0.92758 -0.0963013 -0.360999 0.913461 -0.128408 -0.386135 -0.546342 -0.394459 -0.738859 -0.488776 -0.662942 -0.567103 -0.432506 -0.299943 -0.850278 -0.756911 -0.448294 -0.475519 -0.375353 -0.203736 -0.904213 -0.57068 -0.143041 -0.808618 -0.647376 -0.457012 -0.609955 -0.485797 0.511573 -0.708727 0.224094 0.516663 -0.826342 0.295743 0.694907 -0.65547 0.415855 0.703942 -0.575786 0.104275 0.310879 -0.944712 -0.367394 0.437553 -0.820713 -0.794029 0.303696 -0.526579 -0.645798 -0.0410086 -0.762407 -0.846216 0.123694 -0.518284 0.52048 -0.104258 -0.847485 -0.31103 0.426155 -0.849501 0.513084 0.361814 -0.778354 0.820882 -0.206752 -0.53236 0.695866 0.447794 -0.561473 -0.864494 0.265862 -0.426576 -0.911175 0.165087 -0.3775 -0.0214821 0.939797 -0.341059 -0.692561 0.00110031 -0.721359 -0.474407 -0.0149124 -0.880179 -0.112554 -0.455684 -0.882997 0.277294 -0.268154 -0.922606 0.398672 -0.0413525 -0.916161 -0.495878 0.395939 -0.772876 -0.381825 -0.620003 -0.685424 0.410811 -0.640428 -0.648911 0.735579 -0.292364 -0.611102 0.759216 0.254843 -0.598871 0.259248 0.0988483 -0.960739 0.823602 0.118988 -0.554547 0.817944 -0.0331041 -0.574344 0.831996 0.0357374 -0.55363 0.992386 -0.106946 -0.0610997 0.841889 -0.317751 0.436184 0.253014 -0.32989 0.909481 0.999706 -0.00492234 0.0237617 0.769898 0.268396 -0.578982 0.672001 0.184485 0.717202 0.788606 0.23018 -0.570192 -0.707066 -0.137778 0.693596 -0.718941 -0.202325 0.664973 -0.442602 0.507255 -0.739456 -0.475375 0.530037 -0.702196 -0.429752 0.545607 -0.719462 -0.49129 0.540876 -0.682706 -0.718022 -0.202174 0.66601 -0.562789 0.494761 -0.662178</float_array>
                    <technique_common>
                        <accessor count="3208" source="#ID71" stride="3">
                            <param name="X" type="float"/>
                            <param name="Y" type="float"/>
                            <param name="Z" type="float"/>
                        </accessor>
                    </technique_common>
                </source>
                <source id="ID72">
                    <float_array id="ID73" count="2930">0.108519 1.0593 0.109484 1.08439 0.134574 1.08246 0.138435 1.11238 0.113344 1.11238 0.114309 1.13361 0.14133 1.13071 0.115274 1.15387 0.102729 1.15387 0.102729 1.13457 0.0921138 1.13264 0.103694 1.11431 0.0940438 1.08729 0.0911488 1.11045 0.0477231 1.13264 0.0477231 1.10948 0.0911488 1.15387 0.0139475 1.12975 0.0139475 1.10659 0.0496531 1.08536 0.0139475 1.0815 0.0139475 1.06027 0.0506181 1.06123 0.0950088 1.0622 0.0525481 1.03711 0.0940438 1.03614 0.0139475 1.03421 0.0139475 1.01105 0.0525481 1.01105 0.0921138 1.01105 0.0988689 1.01105 0.108519 1.03711 0.133609 1.05737 0.133609 1.03614 0.107554 1.01105 0.133609 1.01105 0.175105 1.05834 0.177035 1.0815 0.178965 1.11045 0.180895 1.12975 0.213706 1.0786 0.215636 1.10852 0.229146 1.09115 0.216601 1.13168 0.229146 1.12975 0.229146 1.10852 0.213706 1.05544 0.14519 1.15387 0.184755 1.15387 0.217566 1.15387 0.229146 1.15387 0.229146 1.05641 0.211776 1.03614 0.229146 1.03035 0.17414 1.03711 0.208881 1.01105 0.17414 1.01105 0.229146 1.01105 0.229146 1.07378 0.0139475 1.15387 0.0486881 1.15387 0.18958 1.37872 0.16642 1.35363 0.17028 1.37872 0.188615 1.35556 0.157735 1.38162 0.151945 1.36425 0.14905 1.34688 0.14133 1.3546 0.146155 1.34495 0.138435 1.3517 0.129749 1.36039 0.14133 1.37293 0.122994 1.35267 0.129749 1.34591 0.165455 1.34012 0.169315 1.33819 0.17607 1.34012 0.151945 1.33433 0.138435 1.33723 0.144225 1.32758 0.132644 1.33337 0.17607 1.33144 0.169315 1.32661 0.173175 1.31889 0.16835 1.31407 0.173175 1.31021 0.17993 1.31889 0.178 1.31117 0.18958 1.31503 0.18186 1.30828 0.171245 1.29477 0.188615 1.30538 0.19344 1.32854 0.182825 1.32951 0.128784 1.33723 0.122994 1.33144 0.119134 1.33433 0.124924 1.34012 0.194405 1.30635 0.196336 1.31696 0.198266 1.30731 0.202126 1.30731 0.205021 1.31696 0.200196 1.29477 0.208881 1.30924 0.211776 1.31214 0.222391 1.30635 0.209846 1.32082 0.214671 1.31503 0.218531 1.31793 0.214671 1.32275 0.205021 1.33144 0.211776 1.3324 0.222391 1.33144 0.210811 1.34591 0.222391 1.34302 0.222391 1.32082 0.222391 1.35942 0.206951 1.35653 0.222391 1.3739 0.206951 1.37776 0.206951 1.40188 0.222391 1.40092 0.210811 1.42794 0.19537 1.43083 0.19151 1.40478 0.177035 1.4096 0.18186 1.43469 0.161595 1.41732 0.16835 1.43855 0.15677 1.44338 0.14712 1.42697 0.132644 1.43566 0.16063 1.39416 0.127819 1.41346 0.118169 1.41829 0.112379 1.40478 0.118169 1.40092 0.104659 1.39513 0.112379 1.3903 0.122994 1.39706 0.119134 1.38644 0.136505 1.40767 0.0921138 1.40092 0.0988689 1.38548 0.0892187 1.39127 0.0757085 1.3903 0.0786036 1.40381 0.0795686 1.38162 0.0872887 1.38355 0.0882537 1.37776 0.0834286 1.37583 0.0988689 1.41346 0.0940438 1.37969 0.0814986 1.41732 0.0988689 1.42987 0.0901838 1.36135 0.100799 1.37486 0.108519 1.38355 0.100799 1.36618 0.105624 1.36328 0.108519 1.37004 0.112379 1.36425 0.121064 1.36714 0.112379 1.37583 0.129749 1.37583 0.0921138 1.37293 0.13747 1.38837 0.150015 1.39899 0.14905 1.38548 0.0477231 1.44048 0.0602683 1.45785 0.0564082 1.44145 0.0515831 1.45785 0.0689534 1.4733 0.0573732 1.4733 0.0409679 1.45882 0.045793 1.4733 0.0332478 1.46557 0.0361429 1.4733 0.0371079 1.43952 0.0293878 1.45303 0.0158775 1.46364 0.0197376 1.4733 0.0255277 1.43855 0.00622737 1.44338 0.0805336 1.4733 0.102729 1.45303 0.0834286 1.43469 0.107554 1.4733 0.127819 1.4733 0.117204 1.44241 0.138435 1.45689 0.0757085 1.42408 0.0573732 1.42794 0.0496531 1.42794 0.0380729 1.42697 0.0255277 1.42697 0.00719239 1.4318 0.115274 1.34012 0.109484 1.31986 0.125889 1.32854 0.130714 1.32275 0.222391 1.41925 0.194405 1.34302 0.638313 1.08246 0.604537 1.08053 0.638313 1.10273 0.638313 1.05448 0.600677 1.05062 0.564972 1.05158 0.568832 1.07957 0.638313 1.03228 0.606467 1.10852 0.567867 1.10852 0.534091 1.10852 0.535056 1.07764 0.603572 1.01105 0.568832 1.01105 0.499351 1.10852 0.501281 1.07571 0.469435 1.07571 0.467505 1.10852 0.534091 1.05062 0.501281 1.04869 0.4704 1.04965 0.502246 1.01105 0.536021 1.01105 0.469435 1.01105 0.438554 1.07667 0.436624 1.10852 0.406709 1.10273 0.411534 1.10852 0.406709 1.07667 0.406709 1.05158 0.373898 1.07571 0.375828 1.10852 0.401884 1.10852 0.371003 1.05062 0.442415 1.05158 0.406709 1.03132 0.375828 1.01105 0.405744 1.01105 0.409604 1.01105 0.440485 1.01105 0.343018 1.07474 0.344948 1.10852 0.314067 1.10852 0.310207 1.07571 0.342053 1.04869 0.310207 1.04869 0.275467 1.05062 0.274502 1.07764 0.344948 1.01105 0.308277 1.01105 0.273537 1.10852 0.241691 1.08246 0.241691 1.10273 0.241691 1.05351 0.241691 1.03035 0.275467 1.01105 0.253271 1.10852 0.246516 1.01105 0.0477231 1.41153 0.0380729 1.38741 0.0332478 1.41443 0.0207026 1.41057 0.0129825 1.39899 0.0110525 1.38837 0.0110525 1.38451 0.0120175 1.38162 0.0158775 1.371 0.0245627 1.36135 0.0380729 1.36039 0.0593033 1.40574 0.0525481 1.36521 0.0631633 1.37486 0.0660584 1.38837 0.0631633 1.39899 0.0631633 1.40188 0.622873 1.10852 0.631558 1.01105 0.271607 1.66147 0.202126 1.69621 0.257132 1.70586 0.204056 1.65954 0.188615 1.72999 0.243621 1.74253 0.150015 1.7821 0.306347 1.71648 0.297662 1.75508 0.18958 1.81588 0.233006 1.76859 0.250376 1.75604 0.249411 1.78596 0.199231 1.83035 0.159665 1.85641 0.209846 1.84579 0.167385 1.88729 0.133609 1.87474 0.159665 1.92492 0.112379 1.83035 0.125889 1.81877 0.0892187 1.86799 0.111414 1.91334 0.0834286 1.83518 0.122029 1.93168 0.0930788 1.93361 0.0872887 1.92396 0.0728135 1.89983 0.130714 1.96159 0.0882537 1.95773 0.0747435 1.94808 0.140365 1.96256 0.17028 1.95773 0.171245 1.98958 0.220461 1.98958 0.216601 1.95001 0.251341 1.98958 0.254236 1.96352 0.222391 1.93361 0.252306 1.94036 0.203091 1.91624 0.190545 1.92975 0.18379 1.90562 0.200196 1.89018 0.132644 1.98958 0.116239 1.98475 0.309242 1.98958 0.309242 1.9558 0.367143 1.96931 0.291872 1.93554 0.224321 1.92299 0.246516 1.92203 0.208881 1.89887 0.269677 1.90659 0.215636 1.90466 0.243621 1.91141 0.260027 1.9008 0.276432 1.88439 0.277397 1.9172 0.288012 1.87957 0.265817 1.88536 0.229146 1.91238 0.268712 1.86509 0.302487 1.85544 0.288977 1.8429 0.267747 1.84772 0.260992 1.81684 0.228181 1.86509 0.253271 1.86413 0.292837 1.77921 0.231076 1.87474 0.218531 1.88343 0.346878 1.76762 0.318893 1.785 0.364248 1.80912 0.333368 1.80623 0.351703 1.84 0.325648 1.82939 0.396094 1.83132 0.378724 1.86702 0.418289 1.88439 0.384514 1.91141 0.430834 1.84 0.398989 1.78982 0.436624 1.79947 0.367143 1.9365 0.341088 1.93843 0.335298 1.91913 0.315032 1.90369 0.336263 1.89018 0.308277 1.91527 0.319858 1.8786 0.301522 1.89115 0.310207 1.86606 0.356528 1.87088 0.335298 1.85158 0.285117 1.92589 0.303452 1.91238 0.428904 1.91624 0.459785 1.9365 0.424079 1.98572 0.455925 1.98572 0.435659 1.88825 0.471365 1.92589 0.520581 1.98572 0.48777 1.91624 0.528301 1.9172 0.550496 1.92878 0.535056 1.8786 0.563042 1.89983 0.48584 1.87571 0.482945 1.86799 0.0477231 1.91913 0.0390379 1.89694 0.0612333 1.88632 0.00912242 1.85255 0.242656 1.88246 0.228181 1.88632 0.235901 1.89597 0.254236 1.88922 0.223356 1.90273 0.255201 1.88246 0.0255277 1.98861 0.045793 1.96931 0.0120175 1.98475 0.0110525 1.9751 0.0110525 1.95001 0.0351778 1.94422 0.355563 1.9172 0.649893 1.17897 0.694284 1.14229 0.694284 1.17897 0.649893 1.14229 0.694284 1.20213 0.649893 1.20213 0.694284 1.12878 0.649893 1.12878 0.694284 1.11817 0.649893 1.11817 0.582342 1.17897 0.582342 1.14229 0.582342 1.20213 0.582342 1.12878 0.582342 1.11817 0.516721 1.17897 0.516721 1.14229 0.516721 1.12878 0.516721 1.11817 0.44724 1.17897 0.44724 1.14229 0.44724 1.22818 0.516721 1.22818 0.44724 1.26389 0.516721 1.26389 0.582342 1.22818 0.582342 1.26389 0.649893 1.22818 0.649893 1.26389 0.694284 1.22818 0.694284 1.26389 0.649893 1.2938 0.694284 1.2938 0.582342 1.2938 0.516721 1.2938 0.44724 1.2938 0.393199 1.26389 0.393199 1.22818 0.393199 1.2938 0.341088 1.26389 0.341088 1.22722 0.393199 1.17897 0.393199 1.14229 0.44724 1.12878 0.44724 1.11817 0.393199 1.12878 0.393199 1.11817 0.341088 1.17897 0.341088 1.14229 0.341088 1.13071 0.341088 1.11817 0.309242 1.16835 0.274502 1.13747 0.261957 1.19634 0.260027 1.22046 0.302487 1.2166 0.293802 1.26099 0.288977 1.27643 0.341088 1.2938 0.246516 1.24748 0.241691 1.25424 0.239761 1.178 0.201161 1.2195 0.952908 1.21467 0.943258 1.18379 0.988614 1.18572 0.929748 1.15484 0.988614 1.13554 0.925888 1.12106 0.988614 1.21757 0.988614 1.26003 0.962558 1.26003 0.988614 1.08632 0.934573 1.08343 0.988614 1.04965 0.952908 1.05062 0.988614 1.01009 0.962558 1.01009 0.434694 1.7599 0.47233 1.78403 0.442415 1.74929 0.47233 1.76666 0.501281 1.77052 0.540846 1.80816 0.592957 1.79272 0.595852 1.81877 0.563042 1.84772 0.616117 1.83421 0.627698 1.80333 0.645068 1.82842 0.626733 1.87957 0.663403 1.85062 0.662438 1.80333 0.607432 1.77149 0.591992 1.75218 0.630593 1.76473 0.615152 1.72227 0.591027 1.72227 0.514791 1.74157 0.545671 1.72227 0.660508 1.72227 0.669193 1.74639 0.715514 1.74446 0.655683 1.77824 0.702969 1.77149 0.678843 1.78017 0.715514 1.80623 0.49163 1.72227 0.7435 1.72227 0.738674 1.73385 0.724199 1.76666 0.728059 1.79368 0.73964 1.8207 0.732884 1.8593 0.74543 1.80623 0.752185 1.74736 0.756045 1.82842 0.744465 1.86316 0.726129 1.86799 0.680774 1.86606 0.754115 1.73385 0.674983 1.88343 0.655683 1.88246 0.648928 1.94615 0.673053 1.90369 0.700074 1.93747 0.705864 1.91527 0.702969 1.95484 0.657613 1.98475 0.716479 1.91527 0.710689 1.9394 0.710689 1.90659 0.613222 1.63349 0.685599 1.60068 0.613222 1.60068 0.683669 1.63349 0.700074 1.61226 0.613222 1.59006 0.688494 1.59006 0.687529 1.6441 0.613222 1.6441 0.708759 1.60261 0.708759 1.62191 0.599712 1.65858 0.564007 1.70007 0.599712 1.69525 0.565937 1.65182 0.539881 1.65858 0.539881 1.69525 0.599712 1.70779 0.564007 1.71262 0.539881 1.64603 0.566902 1.63928 0.539881 1.70779 0.529266 1.69525 0.529266 1.65858 0.599712 1.64603 0.612257 1.69814 0.686564 1.66533 0.612257 1.66533 0.685599 1.69814 0.689459 1.67305 0.612257 1.65279 0.686564 1.65279 0.701039 1.67305 0.698144 1.69814 0.682704 1.70876 0.612257 1.70876 0.699109 1.66244 0.244586 1.58813 0.248446 1.62673 0.254236 1.59585 0.232041 1.61322 0.233971 1.64024 0.213706 1.63928 0.262922 1.59875 0.256166 1.63059 0.237831 1.647 0.224321 1.6084 0.235901 1.58427 0.206951 1.63349 0.214671 1.64893 0.718409 1.69718 0.783065 1.66147 0.714549 1.66147 0.784995 1.69718 0.788855 1.66919 0.716479 1.64989 0.784995 1.64989 0.784995 1.70876 0.718409 1.70876 0.794645 1.65665 0.79947 1.66726 0.796575 1.69718 0.502246 1.83035 0.479085 1.84965 0.525406 1.83711 0.48391 1.83035 0.463645 1.83035 0.461715 1.84 0.446275 1.83711 0.564972 1.98475 0.564007 1.97028 0.596817 1.98475 0.548566 1.98475 0.549531 1.97993 0.593922 1.95387 0.565937 1.9558 0.570762 1.93264 0.559182 1.94615 0.626733 1.98475 0.605502 1.94422 0.628663 1.93361 0.600677 1.91527 0.593922 1.92492 0.920097 1.18765 0.923958 1.2195 0.923958 1.19055 0.920097 1.21853 0.923958 1.24845 0.920097 1.24845 0.923958 1.27161 0.920097 1.2745 0.923958 1.28994 0.920097 1.29477 0.927818 1.03614 0.932643 1.01009 0.940363 1.02553 0.879567 1.01009 0.879567 1.03614 0.828421 1.01009 0.829386 1.03614 0.806226 1.02649 0.658578 1.08922 0.675948 1.07185 0.676913 1.08825 0.655683 1.07667 0.672088 1.05351 0.659543 1.05255 0.672088 1.03421 0.669193 1.09308 0.670158 1.09887 0.654718 1.09308 0.681739 1.09115 0.682704 1.07088 0.648928 1.07667 0.678843 1.05158 0.652788 1.04965 0.678843 1.03325 0.666298 1.03035 0.356528 1.30924 0.392234 1.33626 0.356528 1.33626 0.392234 1.30924 0.313102 1.33626 0.356528 1.38451 0.313102 1.38451 0.356528 1.40671 0.284152 1.33626 0.284152 1.30924 0.313102 1.30924 0.284152 1.38451 0.284152 1.40671 0.313102 1.40671 0.392234 1.38451 0.253271 1.33626 0.253271 1.30924 0.424079 1.33626 0.424079 1.30924 0.253271 1.38451 0.253271 1.40671 0.424079 1.38451 0.392234 1.40671 0.424079 1.40671 0.46268 1.38451 0.46268 1.33626 0.46268 1.30924 0.46268 1.40671 0.218531 1.18572 0.197301 1.18572 0.233006 1.16642 0.18765 1.16642 0.225286 1.26968 0.253271 1.26968 0.211776 1.29766 0.272572 1.29766 0.159665 1.18669 0.0892187 1.20213 0.159665 1.20213 0.0892187 1.18862 0.0892187 1.2166 0.161595 1.21757 0.161595 1.16449 0.0892187 1.16449 0.16642 1.24073 0.0892187 1.24073 0.0892187 1.2581 0.16835 1.2581 0.0892187 1.27354 0.16256 1.27354 0.18958 1.2774 0.19537 1.26389 0.175105 1.29187 0.178965 1.20213 0.182825 1.16449 0.17993 1.18862 0.19344 1.25134 0.18765 1.23494 0.182825 1.21081 0.264852 1.48777 0.223356 1.48777 0.228181 1.47523 0.261957 1.46075 0.289942 1.47909 0.280292 1.44917 0.260027 1.4482 0.287047 1.44627 0.260027 1.43662 0.222391 1.44724 0.225286 1.46364 0.219496 1.43469 0.197301 1.44917 0.194405 1.44241 0.17414 1.46075 0.171245 1.45882 0.171245 1.47619 0.16642 1.47716 0.177035 1.4926 0.17414 1.49549 0.202126 1.50611 0.199231 1.51286 0.223356 1.50418 0.224321 1.51769 0.243621 1.50128 0.245551 1.51672 0.266782 1.50321 0.270642 1.51479 0.297662 1.509 0.289942 1.50418 0.290907 1.49356 0.18379 1.47619 0.188615 1.4675 0.203091 1.46268 0.298627 1.4897 0.275467 1.48777 0.297662 1.48198 0.205021 1.49163 0.190545 1.48584 0.136505 1.28705 0.1394 1.30828 0.15291 1.30538 0.15098 1.28994 0.125889 1.28994 0.126854 1.30731 0.116239 1.28801 0.15484 1.29766 0.106589 1.31214 0.101764 1.29284 0.0872887 1.29573 0.0930788 1.3131 0.103694 1.28512 0.0872887 1.29091 0.0872887 1.28222 0.0313178 1.16642 0.0245627 1.19634 0.0313178 1.19537 0.0245627 1.16642 0.0245627 1.23011 0.0313178 1.23011 0.0245627 1.25906 0.0313178 1.25906 0.0245627 1.28801 0.0313178 1.28705 0.0245627 1.31696 0.0313178 1.31696 0.0245627 1.34398 0.0313178 1.34398 0.0409679 1.16642 0.0409679 1.19537 0.0409679 1.22915 0.0409679 1.25906 0.0409679 1.28705 0.0409679 1.316 0.0409679 1.34398 0.0168425 1.34398 0.0168425 1.316 0.0168425 1.28801 0.0168425 1.25906 0.0168425 1.22915 0.0168425 1.19634 0.0168425 1.16642 0.351703 1.50128 0.346878 1.48874 0.325648 1.49549 0.329508 1.509 0.310207 1.49067 0.378724 1.50225 0.382584 1.48874 0.407674 1.49549 0.386444 1.47619 0.411534 1.48005 0.430834 1.49839 0.415394 1.46364 0.437589 1.47716 0.438554 1.45399 0.348808 1.4733 0.357493 1.51962 0.337228 1.52058 0.371003 1.5312 0.353633 1.53023 0.388374 1.51383 0.416359 1.45206 0.385479 1.45592 0.395129 1.44241 0.371003 1.44241 0.345913 1.43855 0.343983 1.45206 0.346878 1.46075 0.386444 1.46268 0.321788 1.45496 0.385479 1.4125 0.404779 1.43083 0.342053 1.42601 0.323718 1.47426 0.309242 1.47137 0.414429 1.42118 0.430834 1.44434 0.417324 1.50804 0.396094 1.52734 0.0621983 1.19634 0.0679884 1.16449 0.0621983 1.16449 0.0679884 1.19634 0.0544782 1.19537 0.0544782 1.16449 0.0747435 1.16449 0.0747435 1.19634 0.0679884 1.23397 0.0621983 1.23301 0.0544782 1.23108 0.0747435 1.23397 0.0679884 1.26871 0.0621983 1.26871 0.0544782 1.26871 0.0747435 1.26871 0.0679884 1.31503 0.0621983 1.34688 0.0679884 1.34688 0.0621983 1.31503 0.0737785 1.31503 0.0737785 1.34688 0.0573732 1.34688 0.0573732 1.316 0.0621983 1.27836 0.0679884 1.27836 0.0737785 1.27836 0.0573732 1.27836 0.675948 1.47716 0.711654 1.43952 0.711654 1.47716 0.665333 1.43952 0.695249 1.40188 0.660508 1.40574 0.625768 1.44724 0.648928 1.47716 0.627698 1.4675 0.619978 1.41732 0.660508 1.37197 0.612257 1.37872 0.711654 1.37776 0.711654 1.40188 0.598747 1.40864 0.570762 1.39223 0.568832 1.42408 0.536021 1.40478 0.541811 1.36039 0.482945 1.35942 0.482945 1.31117 0.541811 1.31117 0.603572 1.31117 0.602607 1.34881 0.482945 1.39802 0.512861 1.45303 0.482945 1.45303 0.551461 1.45303 0.675948 1.31117 0.667263 1.3517 0.711654 1.35556 0.711654 1.31117 0.631558 1.58041 0.604537 1.55436 0.647963 1.56111 0.657613 1.58041 0.603572 1.58041 0.574622 1.58041 0.564972 1.55436 0.551461 1.58041 0.682704 1.58041 0.686564 1.56111 0.704899 1.58041 0.714549 1.55436 0.533126 1.55243 0.524441 1.58041 0.506106 1.58041 0.506106 1.55436 0.714549 1.58041 0.646998 1.54374 0.679808 1.54278 0.714549 1.53409 0.539881 1.53023 0.571727 1.53313 0.506106 1.53409 0.548566 1.509 0.506106 1.50514 0.577517 1.51383 0.608397 1.51865 0.587167 1.49067 0.605502 1.53699 0.642173 1.51769 0.650858 1.51962 0.536986 1.48488 0.572692 1.49646 0.642173 1.49839 0.626733 1.50804 0.613222 1.49839 0.675948 1.51769 0.662438 1.49935 0.714549 1.50514 0.691389 1.48681 0.562077 1.48874 0.627698 1.47716 0.0158775 1.69525 0.042898 1.67016 0.0158775 1.66726 0.0400029 1.69814 0.0679884 1.67595 0.0631633 1.70297 0.0940438 1.68174 0.0872887 1.70876 0.119134 1.69042 0.109484 1.71648 0.140365 1.69814 0.129749 1.7242 0.165455 1.70876 0.153875 1.73385 0.046758 1.64121 0.0158775 1.63735 0.0496531 1.61129 0.0158775 1.60743 0.0776385 1.61612 0.0718485 1.64603 0.105624 1.62287 0.0988689 1.65279 0.132644 1.63156 0.124924 1.66147 0.15677 1.64121 0.148085 1.67016 0.184755 1.65375 0.17414 1.68077 0.14133 1.60164 0.112379 1.59392 0.15098 1.57076 0.121064 1.56015 0.0834286 1.5862 0.0882537 1.55339 0.178965 1.58427 0.16642 1.61322 0.210811 1.60068 0.197301 1.6277 0.0525481 1.58041 0.0554432 1.5476 0.0158775 1.57752 0.0158775 1.54567 0.0342128 1.51383 0.161595 1.53988 0.128784 1.5283 0.192475 1.55436 0.228181 1.57462 0.0158775 1.5119 0.0158775 1.48102 0.150015 1.52348 0.17221 1.51093 0.134574 1.49935 0.214671 1.55146 0.205021 1.52734 0.18572 1.52927 0.244586 1.54953 0.122994 1.51286 0.117204 1.52637 0.109484 1.51769 0.104659 1.50611 0.0921138 1.52058 0.0940438 1.49067 0.0747435 1.51865 0.105624 1.52348 0.115274 1.50032 0.113344 1.53506 0.107554 1.53409 0.0564082 1.51383 0.0689534 1.48391 0.0515831 1.49935 0.0390379 1.48874 0.763765 1.9172 0.750255 1.97317 0.769555 1.93264 0.736744 1.9587 0.802366 1.89887 0.798505 1.88729 0.842896 1.85158 0.848686 1.8622 0.889217 1.82746 0.897902 1.84193 0.949048 1.83904 0.950013 1.82263 0.983789 1.83132 0.983789 1.8207 0.865092 1.88439 0.906587 1.87088 0.883427 1.90369 0.849651 1.92782 0.821666 1.91624 0.912377 1.89308 0.952908 1.86509 0.954838 1.88729 0.983789 1.89018 0.983789 1.8622 0.820701 1.96642 0.794645 1.94615 0.815876 1.98958 0.78017 1.98282 0.837106 1.96738 0.834211 1.98668 0.891147 1.92589 0.857371 1.9394 0.983789 1.91431 0.952908 1.91431 0.918167 1.91817 0.427939 1.59392 0.409604 1.61901 0.444345 1.64796 0.397059 1.647 0.397059 1.66244 0.929748 1.76762 0.983789 1.77631 0.868952 1.75315 0.866057 1.6856 0.934573 1.69718 0.983789 1.69814 0.932643 1.61419 0.983789 1.60936 0.864127 1.61129 0.939398 1.54278 0.983789 1.54278 0.876672 1.54664 0.946153 1.47812 0.983789 1.48005 0.892112 1.47812 0.983789 1.40285 0.825526 1.73674 0.840001 1.79754 0.824561 1.67305 0.829386 1.61805 0.906587 1.42504 0.939398 1.39513 0.905622 1.3739 0.983789 1.32854 0.818771 1.48102 0.889217 1.37969 0.802366 1.36328 0.894042 1.27354 0.78789 1.24845 0.803331 1.62094 0.869917 1.18476 0.887287 1.17318 0.853511 1.17607 0.852546 1.15194 0.77052 1.13264 0.809121 1.12782 0.848686 1.09597 0.819736 1.11527 0.821666 1.09211 0.812016 1.09983 0.788855 1.09887 0.815876 1.07088 0.76473 1.07378 0.79561 1.05834 0.79175 1.03228 0.759905 1.01009 0.78982 1.1172 0.858336 1.1394 0.877637 1.14229 0.867022 1.09211 0.859301 1.06895 0.842896 1.07281 0.884392 1.08632 0.900797 1.09983 0.899832 1.16256 0.901762 1.04772 0.870882 1.06123 0.826491 1.82553 0.798505 1.85158 0.771485 1.87667 0.803331 1.80333 0.821666 1.55146 0.812981 1.7242 0.79175 1.74446 0.79175 1.72613 0.820701 1.74929 0.76087 1.74736 0.769555 1.72516 0.784995 1.76859 0.809121 1.78886 0.75508 1.80237 0.510931 1.63638 0.488735 1.66244 0.48777 1.63735 0.520581 1.66823 0.455925 1.66244 0.465575 1.63445 0.484875 1.68077 0.510931 1.70683 0.452065 1.72613 0.426009 1.69428 0.411534 1.70972 0.411534 1.69621 0.432764 1.71358 0.388374 1.71165 0.397059 1.69525 0.404779 1.72902 0.423114 1.74446 0.380654 1.75315 0.867987 1.96159 0.884392 1.99151 0.881497 1.95677 0.890182 1.98572 0.899832 1.98475 0.893077 1.98861 0.892112 1.95194 0.907552 1.96738 0.903692 1.94808 0.914307 1.96159 0.919132 1.95291 0.922993 1.95966 0.916237 1.94326 0.927818 1.93843 0.910447 1.98379 0.924923 1.96352 0.931678 1.98379 0.943258 1.95966 0.951943 1.98379 0.959663 1.96256 0.960628 1.95773 0.961593 1.96642 0.965453 1.96545 0.972208 1.98475 0.971243 1.9751 0.975103 1.96545 0.967383 1.96352 0.973173 1.97221 0.977033 1.97124 0.976068 1.97414 0.977033 1.97896 0.979928 1.97221 0.981858 1.98475 0.982823 1.97703 0.987649 1.978 0.992474 1.98475 0.974138 1.97993 0.966418 1.95966 0.974138 1.96063 0.978963 1.96159 0.978963 1.96545 0.974138 1.9558 0.971243 1.95291 0.961593 1.95484 0.979928 1.95098 0.978963 1.9587 0.0921138 1.79079 0.0728135 1.81202 0.0940438 1.80623 0.0718485 1.79175 0.0477231 1.78982 0.045793 1.80912 0.0342128 1.79561 0.0216676 1.80912 0.0168425 1.78307 0.0081574 1.785 0.0139475 1.77052 0.00719239 1.77342 0.00526236 1.7628 0.0274577 1.76859 0.0293878 1.78114 0.0342128 1.77438 0.0361429 1.76762 0.0525481 1.76569 0.0718485 1.76376 0.0718485 1.75797 0.0506181 1.75797 0.0351778 1.76087 0.0332478 1.75025 0.0506181 1.74157 0.0641283 1.71841 0.0901838 1.75797 0.108519 1.79175 0.103694 1.75508 0.122994 1.79465 0.123959 1.74736 0.107554 1.81781 0.0940438 1.72806 0.112379 1.73288 0.0293878 1.73385 0.0390379 1.72902 0.0371079 1.70393 0.0293878 1.71841 0.0149125 1.71937 0.0139475 1.73095 0.0168425 1.74736 0.0207026 1.76087 0.0207026 1.70297 0.00622737 1.71841 0.00526236 1.73192 0.00622737 1.74639 0.0766735 1.82939 0.042898 1.82456 0.325648 1.54664 0.328543 1.55629 0.347843 1.54278 0.356528 1.55918 0.378724 1.55436 0.383549 1.5669 0.357493 1.57848 0.375828 1.58813 0.397059 1.58234 0.394164 1.59971 0.363283 1.60743 0.332403 1.5669 0.335298 1.57848 0.346878 1.58813 0.332403 1.59006 0.319858 1.57559 0.315997 1.58234 0.317928 1.5891 0.326613 1.59682 0.337228 1.60164 0.302487 1.57752 0.303452 1.59296 0.319858 1.60647 0.329508 1.61129 0.344948 1.59682 0.347843 1.61129 0.356528 1.60261 0.308277 1.56015 0.306347 1.5698 0.362318 1.59103 0.343018 1.62191 0.324683 1.62577 0.332403 1.63445 0.307312 1.62673 0.322753 1.6441 0.349773 1.63156 0.307312 1.60936 0.292837 1.61129 0.285117 1.63735 0.298627 1.60068 0.288012 1.59778 0.288012 1.58717 0.271607 1.59682 0.377759 1.61901 0.298627 1.66051 0.273537 1.60647 0.270642 1.59103 0.269677 1.56594 0.283187 1.56594 0.286082 1.55436 0.272572 1.55629 0.273537 1.54953 0.264852 1.56401 0.265817 1.55629 0.265817 1.54953 0.273537 1.54471 0.264852 1.54471 0.265817 1.53988 0.273537 1.53988 0.287047 1.53795 0.287047 1.54567 0.306347 1.54181 0.304417 1.5505 0.295732 1.57462 0.582342 1.6277 0.560147 1.59875 0.584272 1.60743 0.547601 1.6277 0.591992 1.58813 0.604537 1.60261 0.604537 1.6277 0.535056 1.59778 0.514791 1.60357 0.496455 1.60936 0.488735 1.62094 0.48777 1.6277 0.364248 1.64893 0.343018 1.67595 0.380654 1.6634 0.380654 1.67788 0.313102 1.68849 0.357493 1.71648 0.329508 1.72516 0.388374 1.53795 0.591027 1.47909 0.601642 1.47426 0.596817 1.45592 0.589097 1.45785 0.581377 1.45592 0.588132 1.42987 0.576552 1.47909 0.606467 1.45206 0.571727 1.45303 0.616117 1.46943 0.562077 1.4704 0.309242 1.43855 0.309242 1.42408 0.302487 1.42504 0.299592 1.42794 0.295732 1.43469 0.317928 1.42697 0.463645 1.5476 0.482945 1.52155 0.46847 1.52155 0.48005 1.55146 0.471365 1.49163 0.481015 1.49067 0.481015 1.47716 0.467505 1.47909 0.49549 1.51672 0.49549 1.54374 0.44917 1.54471 0.46075 1.52058 0.446275 1.51383 0.432764 1.52927 0.467505 1.49356 0.4511 1.49356 0.44145 1.55532 0.44917 1.4897 0.463645 1.48295 0.457855 1.55918 0.438554 1.5698 0.418289 1.57848 0.415394 1.55629 0.402849 1.53795 0.450135 1.56787 0.45303 1.58041 0.47426 1.58041 0.45689 1.58813 0.48777 1.57462 0.482945 1.59103 0.463645 1.59971 0.49549 1.57462 0.448205 1.59392 0.4897 1.49163 0.49356 1.48198 0.46268 1.42118 0.45496 1.42118 0.45496 1.43276 0.459785 1.43276 0.463645 1.43373 0.45496 1.44724 0.467505 1.42311 0.44917 1.43373 0.44338 1.43566 0.43952 1.42504 0.446275 1.42215 0.380654 1.66437 0.450135 1.49356 0.721304 1.02939 0.717444 1.03325 0.712619 1.02939 0.723234 1.03228 0.713584 1.04193 0.707794 1.04 0.713584 1.04965 0.707794 1.05158 0.720339 1.05737 0.717444 1.06123 0.727094 1.06509 0.731919 1.0622 0.732884 1.13071 0.728059 1.13168 0.713584 1.07088 0.718409 1.13264 0.734814 1.18958 0.727094 1.19151 0.7435 1.2359 0.734814 1.23783 0.74929 1.23494 0.756045 1.27836 0.74929 1.27933 0.77245 1.40864 0.761835 1.4096 0.77631 1.4482 0.76473 1.44917 0.775345 1.52058 0.763765 1.52541 0.74929 1.45206 0.752185 1.52541 0.7628 1.54664 0.74929 1.5505 0.736744 1.45206 0.734814 1.4125 0.746395 1.41153 0.740605 1.28126 0.733849 1.28222 0.727094 1.2388 0.73964 1.52444 0.733849 1.54953 0.77052 1.52927 0.792715 1.5283 0.78789 1.53313 0.800435 1.54181 0.794645 1.54471 0.807191 1.56787 0.813946 1.56401 0.814911 1.57269 0.798505 1.5698 0.796575 1.57655 0.78403 1.54857 0.784995 1.54181 0.77052 1.54278 0.775345 1.54953 0.765695 1.57752 0.7821 1.57848 0.7435 1.57559 0.761835 1.6084 0.735779 1.60647 0.727094 1.57462 0.718409 1.61033 0.775345 1.61612 0.779205 1.58524 0.746395 1.62577 0.73964 1.18862 0.724199 1.02553 0.709724 1.02167 0.702004 1.03132 0.698144 1.04386 0.727094 1.0236 0.707794 1.01588 0.695249 1.02746 0.692354 1.04386 0.697179 1.0593 0.702004 1.05737 0.709724 1.07378 0.712619 1.13361 0.721304 1.19248 0.77052 1.54181</float_array>
                    <technique_common>
                        <accessor count="1465" source="#ID73" stride="2">
                            <param name="S" type="float"/>
                            <param name="T" type="float"/>
                        </accessor>
                    </technique_common>
                </source>
                <vertices id="ID74">
                    <input semantic="POSITION" source="#ID68"/>
                </vertices>
                <triangles count="4126" material="Material1">
                    <input offset="0" semantic="VERTEX" source="#ID74"/>
                    <input offset="1" semantic="NORMAL" source="#ID70"/>
                    <input offset="2" semantic="TEXCOORD" source="#ID72" set="0"/>
                    <p>2 2 2 1 1 1 0 0 0 2 2 2 3 3 3 1 1 1 4 4 4 1 1 1 3 3 3 4 4 4 3 3 3 5 5 5 6 6 6 5 5 5 3 3 3 5 5 5 6 6 6 7 7 7 7 7 7 8 8 8 5 5 5 9 9 9 5 5 5 8 8 8 5 5 5 9 9 9 4 4 4 9 9 9 8 8 8 10 10 10 9 9 9 10 10 10 11 11 11 4 4 4 11 11 11 1 1 1 11 11 11 4 4 4 9 9 9 12 12 12 1 1 1 11 11 11 13 13 13 11 11 11 10 10 10 13 13 13 12 12 12 11 11 11 10 10 10 14 14 14 13 13 13 15 15 15 13 13 13 14 14 14 16 16 16 10 10 10 8 8 8 14 14 14 17 17 17 15 15 15 18 18 18 15 15 15 17 17 17 12 12 12 13 13 13 19 19 19 15 15 15 19 19 19 13 13 13 15 15 15 18 18 18 19 19 19 20 20 20 19 19 19 18 18 18 20 20 20 21 21 21 19 19 19 22 22 22 19 19 19 21 21 21 19 19 19 22 22 22 12 12 12 23 23 23 12 12 12 22 22 22 22 22 22 24 24 24 23 23 23 25 25 25 23 23 23 24 24 24 21 21 21 26 26 26 22 22 22 24 24 24 22 22 22 26 26 26 26 26 26 27 27 27 24 24 24 28 28 28 24 24 24 27 27 27 28 28 28 29 29 29 24 24 24 25 25 25 24 24 24 29 29 29 25 25 25 29 29 29 30 30 30 23 23 23 25 25 25 0 0 0 25 25 25 31 31 31 0 0 0 25 25 25 30 30 30 31 31 31 0 0 0 31 31 31 32 32 32 33 33 33 32 32 32 31 31 31 0 0 0 1 1 1 23 23 23 1 1 1 12 12 12 23 23 23 31 31 31 30 30 30 34 34 34 33 33 33 31 31 31 35 35 35 34 34 34 35 35 35 31 31 31 32 32 32 2 2 2 0 0 0 32 32 32 36 36 36 2 2 2 32 32 32 33 33 33 36 36 36 37 37 37 2 2 2 36 36 36 2 2 2 37 37 37 3 3 3 38 38 38 3 3 3 37 37 37 3 3 3 38 38 38 6 6 6 39 39 39 6 6 6 38 38 38 37 37 37 40 40 40 38 38 38 37 37 37 36 36 36 40 40 40 41 41 41 38 38 38 40 40 40 38 38 38 41 41 41 39 39 39 42 42 42 41 41 41 40 40 40 43 43 43 39 39 39 41 41 41 43 43 43 41 41 41 44 44 44 45 45 45 44 44 44 41 41 41 42 42 42 45 45 45 41 41 41 46 46 46 40 40 40 36 36 36 6 6 6 39 39 39 47 47 47 47 47 47 7 7 7 6 6 6 48 48 48 47 47 47 39 39 39 39 39 39 43 43 43 48 48 48 43 43 43 44 44 44 49 49 49 49 49 49 48 48 48 43 43 43 50 50 50 49 49 49 44 44 44 46 46 46 51 51 51 40 40 40 46 46 46 52 52 52 51 51 51 53 53 53 51 51 51 52 52 52 52 52 52 46 46 46 54 54 54 52 52 52 54 54 54 55 55 55 56 56 56 55 55 55 54 54 54 36 36 36 54 54 54 46 46 46 54 54 54 36 36 36 33 33 33 54 54 54 33 33 33 56 56 56 35 35 35 56 56 56 33 33 33 53 53 53 52 52 52 57 57 57 55 55 55 57 57 57 52 52 52 58 58 58 40 40 40 51 51 51 58 58 58 42 42 42 40 40 40 17 17 17 14 14 14 59 59 59 60 60 60 59 59 59 14 14 14 14 14 14 10 10 10 60 60 60 16 16 16 60 60 60 10 10 10 63 63 63 62 62 62 61 61 61 64 64 64 61 61 61 62 62 62 63 63 63 65 65 65 62 62 62 66 66 66 62 62 62 65 65 65 62 62 62 66 66 66 67 67 67 68 68 68 67 67 67 66 66 66 67 67 67 68 68 68 69 69 69 70 70 70 69 69 69 68 68 68 68 68 68 66 66 66 71 71 71 68 68 68 71 71 71 70 70 70 72 72 72 71 71 71 66 66 66 66 66 66 65 65 65 72 72 72 71 71 71 73 73 73 70 70 70 74 74 74 70 70 70 73 73 73 62 77 62 67 76 67 75 75 75 75 79 75 76 78 76 62 62 62 77 80 77 62 62 62 76 78 76 64 64 64 62 62 62 77 80 77 78 81 78 75 75 75 67 76 67 67 76 67 69 82 69 78 81 78 69 82 69 79 83 79 78 81 78 74 74 74 79 83 79 70 70 70 69 69 69 70 70 70 79 83 79 80 84 80 78 81 78 79 83 79 80 84 80 79 83 79 81 85 81 77 80 77 76 78 76 82 86 82 83 87 83 82 86 82 76 78 76 82 86 82 83 87 83 84 88 84 85 89 85 84 88 84 83 87 83 84 88 84 85 89 85 86 90 86 84 88 84 86 90 86 87 91 87 84 88 84 87 91 87 82 86 82 88 92 88 87 91 87 86 90 86 87 91 87 88 92 88 89 93 89 90 94 90 89 93 89 88 92 88 91 95 91 86 90 86 85 89 85 91 95 91 88 92 88 86 90 86 90 94 90 88 92 88 91 95 91 91 95 91 92 96 92 90 94 90 89 93 89 90 94 90 92 96 92 89 93 89 93 97 93 87 91 87 94 98 94 87 91 87 93 97 93 94 98 94 82 86 82 87 91 87 81 85 81 79 83 79 95 99 95 95 99 95 96 100 96 81 85 81 96 100 96 95 99 95 97 101 97 98 102 98 97 101 97 95 99 95 98 102 98 95 99 95 74 74 74 79 83 79 74 74 74 95 99 95 99 104 99 89 93 89 92 103 92 89 93 89 99 104 99 100 105 100 89 93 89 100 105 100 93 97 93 101 106 101 100 105 100 99 104 99 101 106 101 102 107 102 100 105 100 103 108 103 100 105 100 102 107 102 103 108 103 93 97 93 100 105 100 102 107 102 101 106 101 104 109 104 104 109 104 99 104 99 92 103 92 99 104 99 104 109 104 101 106 101 102 107 102 104 109 104 105 110 105 103 108 103 102 107 102 105 110 105 106 112 106 103 108 103 105 111 105 107 113 107 106 112 106 105 111 105 103 108 103 106 112 106 108 114 108 109 115 109 108 114 108 106 112 106 106 112 106 107 113 107 109 115 109 110 116 110 109 115 109 107 113 107 108 114 108 109 115 109 111 117 111 111 117 111 109 115 109 110 116 110 111 117 111 112 118 112 108 114 108 103 108 103 108 114 108 112 118 112 113 119 113 112 118 112 111 117 111 113 119 113 111 117 111 114 120 114 113 119 113 114 120 114 115 121 115 112 118 112 113 119 113 115 121 115 116 122 116 115 121 115 114 120 114 117 123 117 114 120 114 111 117 111 110 116 110 107 113 107 117 123 117 111 117 111 110 116 110 117 123 117 118 124 118 115 121 115 116 122 116 119 125 119 115 121 115 118 124 118 118 124 118 120 126 120 119 125 119 121 127 121 119 125 119 120 126 120 121 127 121 120 126 120 122 128 122 123 129 123 122 128 122 120 126 120 121 127 121 61 61 61 119 125 119 64 64 64 119 125 119 61 61 61 119 125 119 64 64 64 115 121 115 123 129 123 124 130 124 122 128 122 124 130 124 125 131 125 122 128 122 126 132 126 122 128 122 125 131 125 122 128 122 126 132 126 121 127 121 121 127 121 126 132 126 61 61 61 126 132 126 125 131 125 127 133 127 61 61 61 126 132 126 127 133 127 128 134 128 127 133 127 125 131 125 127 133 127 128 134 128 129 135 129 130 136 130 129 135 129 128 134 128 130 136 130 131 137 131 129 135 129 132 138 132 129 135 129 131 137 131 132 138 132 131 137 131 133 139 133 61 61 61 127 133 127 63 63 63 127 133 127 134 140 134 63 63 63 134 140 134 127 133 127 129 135 129 65 65 65 63 63 63 134 140 134 135 141 135 132 138 132 133 139 133 135 141 135 133 139 133 136 142 136 136 142 136 137 143 137 135 141 135 138 144 138 135 141 135 137 143 137 137 143 137 139 145 139 138 144 138 140 146 140 138 144 138 139 145 139 138 144 138 140 146 140 141 147 141 142 148 142 141 147 141 140 146 140 141 147 141 143 149 143 138 144 138 135 141 135 138 144 138 143 149 143 143 149 143 132 138 132 135 141 135 139 145 139 137 143 137 144 150 144 139 145 139 144 150 144 145 151 145 146 152 146 145 151 145 144 150 144 146 152 146 144 150 144 147 153 147 148 154 148 147 153 147 144 150 144 147 153 147 149 155 149 146 152 146 150 156 150 146 152 146 149 155 149 146 152 146 150 156 150 145 151 145 150 156 150 149 155 149 151 157 151 152 158 152 151 157 151 149 155 149 153 159 153 144 150 144 137 143 137 154 160 154 145 151 145 150 156 150 150 156 150 151 157 151 154 160 154 148 154 148 144 150 144 155 161 155 153 159 153 155 161 155 144 150 144 156 162 156 155 161 155 153 159 153 152 158 152 157 163 157 151 157 151 154 160 154 158 164 158 145 151 145 145 151 145 158 164 158 159 165 159 145 151 145 159 165 159 139 145 139 159 165 159 140 146 140 139 145 139 140 146 140 159 165 159 142 148 142 158 164 158 157 167 157 160 166 160 161 168 161 160 166 160 157 167 157 162 169 162 160 166 160 161 168 161 158 164 158 160 166 160 162 169 162 163 170 163 162 169 162 161 168 161 163 170 163 164 171 164 162 169 162 165 172 165 162 169 162 164 171 164 159 165 159 158 164 158 165 172 165 165 172 165 158 164 158 162 169 162 159 165 159 165 172 165 142 148 142 142 148 142 165 172 165 166 173 166 164 171 164 166 173 166 165 172 165 157 163 157 158 164 158 167 174 167 151 157 151 157 163 157 167 174 167 154 160 154 151 157 151 167 174 167 154 160 154 167 174 167 158 164 158 166 173 166 168 175 168 142 148 142 142 148 142 168 175 168 141 147 141 143 149 143 141 147 141 168 175 168 143 149 143 168 175 168 169 176 169 169 176 169 168 175 168 170 177 170 134 140 134 169 176 169 170 177 170 169 176 169 134 140 134 129 135 129 169 176 169 129 135 129 143 149 143 134 140 134 170 177 170 65 65 65 170 177 170 72 72 72 65 65 65 143 149 143 129 135 129 132 138 132 173 180 173 172 179 172 171 178 171 174 181 174 171 178 171 172 179 172 172 179 172 175 182 175 174 181 174 176 183 176 174 181 174 175 182 175 174 181 174 176 183 176 177 184 177 174 181 174 177 184 177 171 178 171 178 185 178 177 184 177 176 183 176 177 184 177 178 185 178 179 186 179 180 187 180 179 186 179 178 185 178 181 188 181 171 178 171 177 184 177 182 189 182 181 188 181 177 184 177 179 186 179 182 189 182 177 184 177 179 186 179 183 190 183 182 189 182 180 187 180 184 191 184 179 186 179 185 192 185 181 188 181 182 189 182 185 192 185 182 189 182 186 193 186 175 182 175 172 179 172 187 194 187 187 194 187 172 179 172 188 195 188 172 179 172 189 196 189 188 195 188 187 194 187 188 195 188 190 197 190 188 195 188 191 198 191 190 197 190 192 199 192 191 198 191 188 195 188 191 198 191 192 199 192 193 200 193 156 162 156 192 199 192 188 195 188 156 162 156 188 195 188 189 196 189 136 142 136 192 199 192 156 162 156 133 139 133 192 199 192 136 142 136 192 199 192 133 139 133 193 200 193 194 201 194 156 162 156 189 196 189 136 142 136 156 162 156 153 159 153 137 143 137 136 142 136 153 159 153 156 162 156 194 201 194 155 161 155 194 201 194 189 196 189 195 202 195 195 202 195 189 196 189 173 180 173 173 180 173 189 196 189 172 179 172 173 180 173 196 203 171 195 202 195 197 204 196 195 202 195 196 203 171 193 200 193 133 139 133 131 137 131 197 204 196 196 203 171 198 205 197 199 206 181 198 205 197 196 203 171 199 206 181 200 207 185 198 205 197 201 208 198 198 205 197 200 207 185 200 207 185 202 209 199 201 208 198 73 73 73 203 210 200 98 102 98 97 101 97 98 102 98 203 210 200 204 211 201 97 101 97 203 210 200 97 101 97 204 211 201 96 100 96 205 212 202 96 100 96 204 211 201 205 212 202 81 85 81 96 100 96 205 212 202 204 211 201 206 213 203 81 85 81 205 212 202 206 213 203 206 213 203 80 84 80 81 85 81 74 74 74 73 73 73 98 102 98 207 214 204 124 130 124 123 129 123 82 86 82 94 98 94 77 80 77 208 215 205 77 80 77 94 98 94 208 215 205 64 64 64 77 80 77 208 215 205 115 121 115 64 64 64 208 215 205 112 118 112 115 121 115 93 97 93 208 215 205 94 98 94 93 97 93 112 118 112 208 215 205 93 97 93 103 108 103 112 118 112 211 218 1 210 217 2 209 216 0 210 217 2 211 218 1 212 219 3 213 220 4 212 219 3 211 218 1 213 220 4 214 221 5 212 219 3 215 222 6 212 219 3 214 221 5 214 221 5 216 223 7 215 222 6 216 223 7 214 221 5 217 224 8 218 225 9 217 224 8 214 221 5 214 221 5 213 220 4 218 225 9 218 225 9 219 226 10 217 224 8 218 225 9 220 227 11 219 226 10 220 227 11 213 220 4 211 218 1 220 227 11 218 225 9 213 220 4 211 218 1 221 228 12 220 227 11 222 229 13 219 226 10 220 227 11 221 228 12 222 229 13 220 227 11 219 226 10 222 229 13 223 230 14 224 231 15 223 230 14 222 229 13 225 232 16 217 224 8 219 226 10 223 230 14 224 231 15 226 233 17 227 234 18 226 233 17 224 231 15 224 231 15 222 229 13 228 235 19 221 228 12 228 235 19 222 229 13 224 231 15 228 235 19 227 234 18 229 236 20 227 234 18 228 235 19 229 236 20 228 235 19 230 237 21 231 238 22 230 237 21 228 235 19 228 235 19 221 228 12 231 238 22 232 239 23 231 238 22 221 228 12 231 238 22 232 239 23 233 240 24 234 241 25 233 240 24 232 239 23 233 240 24 235 242 26 231 238 22 230 237 21 231 238 22 235 242 26 235 242 26 233 240 24 236 243 27 237 244 28 236 243 27 233 240 24 234 241 25 238 245 29 233 240 24 237 244 28 233 240 24 238 245 29 238 245 29 234 241 25 239 246 30 234 241 25 232 239 23 209 216 0 240 247 31 234 241 25 209 216 0 239 246 30 234 241 25 240 247 31 209 216 0 241 248 32 240 247 31 242 249 33 240 247 31 241 248 32 211 218 1 209 216 0 232 239 23 221 228 12 211 218 1 232 239 23 239 246 30 240 247 31 243 250 34 243 250 34 240 247 31 244 251 35 242 249 33 244 251 35 240 247 31 210 217 2 241 248 32 209 216 0 241 248 32 210 217 2 245 252 36 241 248 32 245 252 36 242 249 33 246 253 37 245 252 36 210 217 2 210 217 2 212 219 3 246 253 37 247 254 38 246 253 37 212 219 3 212 219 3 215 222 6 247 254 38 248 255 39 247 254 38 215 222 6 215 222 6 249 256 47 248 255 39 249 256 47 215 222 6 216 223 7 250 257 48 248 255 39 249 256 47 251 258 54 242 249 33 245 252 36 244 251 35 242 249 33 252 259 56 251 258 54 252 259 56 242 249 33 254 261 60 223 230 14 253 260 59 226 233 17 253 260 59 223 230 14 223 230 14 254 261 60 219 226 10 225 232 16 219 226 10 254 261 60 257 264 41 256 263 42 255 262 40 256 263 42 258 265 58 255 262 40 258 265 58 259 266 51 255 262 40 260 267 46 255 262 40 259 266 51 260 267 46 259 266 51 261 268 52 262 269 53 261 268 52 259 266 51 262 269 53 263 270 57 261 268 52 264 271 55 261 268 52 263 270 57 265 272 45 256 263 42 257 264 41 265 272 45 257 264 41 266 273 44 267 274 43 266 273 44 257 264 41 267 274 43 268 275 49 266 273 44 269 276 50 266 273 44 268 275 49 272 279 64 271 278 62 270 277 61 273 280 63 270 277 61 271 278 62 273 280 63 271 278 62 274 281 65 275 282 66 274 281 65 271 278 62 271 278 62 276 283 67 275 282 66 277 284 68 275 282 66 276 283 67 276 283 67 278 285 69 277 284 68 279 286 70 277 284 68 278 285 69 277 284 68 280 287 71 275 282 66 280 287 71 277 284 68 279 286 70 281 288 72 275 282 66 280 287 71 275 282 66 281 288 72 274 281 65 280 287 71 279 286 70 282 289 73 283 290 74 282 289 73 279 286 70 271 293 62 284 292 75 276 291 67 284 295 75 271 278 62 285 294 76 286 296 77 285 294 76 271 278 62 271 278 62 272 279 64 286 296 77 287 297 78 276 291 67 284 292 75 278 298 69 276 291 67 287 297 78 278 298 69 287 297 78 288 299 79 278 285 69 288 299 79 279 286 70 283 290 74 279 286 70 288 299 79 289 300 80 288 299 79 287 297 78 288 299 79 289 300 80 290 301 81 286 296 77 291 302 82 285 294 76 292 303 83 285 294 76 291 302 82 291 302 82 293 304 84 292 303 83 294 305 85 292 303 83 293 304 84 293 304 84 295 306 86 294 305 85 293 304 84 296 307 87 295 306 86 296 307 87 293 304 84 291 302 82 297 308 88 295 306 86 296 307 87 296 307 87 298 309 89 297 308 88 299 310 90 297 308 88 298 309 89 300 311 91 294 305 85 295 306 86 297 308 88 300 311 91 295 306 86 297 308 88 299 310 90 300 311 91 298 309 89 301 312 92 299 310 90 300 311 91 299 310 90 301 312 92 298 309 89 296 307 87 302 313 93 303 314 94 302 313 93 296 307 87 291 302 82 303 314 94 296 307 87 288 299 79 290 301 81 304 315 95 304 315 95 290 301 81 305 316 96 305 316 96 306 317 97 304 315 95 307 318 98 304 315 95 306 317 97 308 319 202 305 316 96 290 301 81 304 315 95 307 318 98 283 290 74 283 290 74 288 299 79 304 315 95 298 309 89 309 321 99 301 320 92 298 309 89 310 322 100 309 321 99 310 322 100 298 309 89 302 313 93 311 323 101 309 321 99 310 322 100 311 323 101 310 322 100 312 324 102 313 325 103 312 324 102 310 322 100 302 313 93 313 325 103 310 322 100 311 323 101 312 324 102 314 326 104 314 326 104 309 321 99 311 323 101 314 326 104 312 324 102 315 327 105 312 324 102 313 325 103 315 327 105 313 325 103 316 329 106 315 328 105 316 329 106 317 330 107 315 328 105 313 325 103 318 331 108 316 329 106 319 332 109 316 329 106 318 331 108 317 330 107 316 329 106 319 332 109 319 332 109 320 333 110 317 330 107 319 332 109 318 331 108 321 334 111 319 332 109 321 334 111 320 333 110 322 335 112 321 334 111 318 331 108 318 331 108 313 325 103 322 335 112 322 335 112 323 336 113 321 334 111 323 336 113 324 337 114 321 334 111 323 336 113 325 338 115 324 337 114 323 336 113 322 335 112 325 338 115 326 339 116 324 337 114 325 338 115 327 340 117 321 334 111 324 337 114 317 330 107 320 333 110 327 340 117 320 333 110 321 334 111 327 340 117 325 338 115 328 341 118 326 339 116 325 338 115 329 342 119 328 341 118 328 341 118 329 342 119 330 343 120 331 344 121 330 343 120 329 342 119 331 344 121 332 345 122 330 343 120 333 346 123 330 343 120 332 345 122 331 344 121 329 342 119 270 277 61 272 279 64 270 277 61 329 342 119 272 279 64 329 342 119 325 338 115 334 347 124 333 346 123 332 345 122 335 348 125 334 347 124 332 345 122 332 345 122 336 349 126 335 348 125 336 349 126 332 345 122 331 344 121 336 349 126 331 344 121 270 277 61 336 349 126 337 350 127 335 348 125 336 349 126 270 277 61 337 350 127 338 351 128 335 348 125 337 350 127 337 350 127 339 352 129 338 351 128 340 353 130 338 351 128 339 352 129 340 353 130 339 352 129 341 354 131 342 355 132 341 354 131 339 352 129 341 354 131 342 355 132 343 356 133 337 350 127 270 277 61 273 280 63 344 357 134 337 350 127 273 280 63 337 350 127 344 357 134 339 352 129 273 280 63 274 281 65 344 357 134 342 355 132 345 358 135 343 356 133 343 356 133 345 358 135 346 359 136 346 359 136 345 358 135 347 360 137 348 361 138 347 360 137 345 358 135 347 360 137 348 361 138 349 362 139 350 363 140 349 362 139 348 361 138 348 361 138 351 364 141 350 363 140 352 365 142 350 363 140 351 364 141 345 358 135 353 366 143 348 361 138 351 364 141 348 361 138 353 366 143 342 355 132 353 366 143 345 358 135 349 362 139 354 367 144 347 360 137 349 362 139 355 368 145 354 367 144 356 369 146 354 367 144 355 368 145 356 369 146 357 370 147 354 367 144 358 371 148 354 367 144 357 370 147 357 370 147 356 369 146 359 372 149 360 373 150 359 372 149 356 369 146 356 369 146 355 368 145 360 373 150 360 373 150 361 374 151 359 372 149 362 375 152 359 372 149 361 374 151 363 376 153 347 360 137 354 367 144 364 377 154 360 373 150 355 368 145 361 374 151 360 373 150 364 377 154 363 376 153 354 367 144 365 378 155 358 371 148 365 378 155 354 367 144 365 378 155 366 379 156 363 376 153 367 380 157 362 375 152 361 374 151 368 381 158 364 377 154 355 368 145 368 381 158 355 368 145 369 382 159 369 382 159 355 368 145 349 362 139 350 363 140 369 382 159 349 362 139 369 382 159 350 363 140 352 365 142 367 384 157 368 381 158 370 383 160 370 383 160 371 385 161 367 384 157 370 383 160 372 386 162 371 385 161 370 383 160 368 381 158 372 386 162 372 386 162 373 387 163 371 385 161 373 387 163 372 386 162 374 388 164 375 389 165 374 388 164 372 386 162 368 381 158 369 382 159 375 389 165 368 381 158 375 389 165 372 386 162 375 389 165 369 382 159 352 365 142 374 388 164 375 389 165 376 390 166 352 365 142 376 390 166 375 389 165 368 381 158 367 380 157 377 391 167 367 380 157 361 374 151 377 391 167 361 374 151 364 377 154 377 391 167 377 391 167 364 377 154 368 381 158 378 392 168 376 390 166 352 365 142 378 392 168 352 365 142 351 364 141 351 364 141 353 366 143 378 392 168 378 392 168 353 366 143 379 393 169 378 392 168 379 393 169 380 394 170 379 393 169 344 357 134 380 394 170 344 357 134 379 393 169 339 352 129 339 352 129 379 393 169 353 366 143 380 394 170 344 357 134 274 281 65 380 394 170 274 281 65 281 288 72 339 352 129 353 366 143 342 355 132 383 397 174 382 396 172 381 395 171 384 398 173 381 395 171 382 396 172 382 396 172 383 397 174 385 399 175 386 400 176 385 399 175 383 397 174 383 397 174 387 401 177 386 400 176 383 397 174 381 395 171 387 401 177 388 402 178 386 400 176 387 401 177 387 401 177 389 403 179 388 402 178 390 404 180 388 402 178 389 403 179 391 405 181 387 401 177 381 395 171 391 405 181 392 406 182 387 401 177 392 406 182 389 403 179 387 401 177 393 407 183 389 403 179 392 406 182 394 408 184 390 404 180 389 403 179 391 405 181 395 409 185 392 406 182 392 406 182 395 409 185 396 410 186 382 396 172 385 399 175 397 411 187 382 396 172 397 411 187 398 412 188 399 413 189 382 396 172 398 412 188 398 412 188 397 411 187 400 414 190 401 415 191 398 412 188 400 414 190 401 415 191 402 416 192 398 412 188 402 416 192 401 415 191 403 417 193 402 416 192 366 379 156 398 412 188 398 412 188 366 379 156 399 413 189 402 416 192 346 359 136 366 379 156 402 416 192 343 356 133 346 359 136 343 356 133 402 416 192 403 417 193 366 379 156 404 418 194 399 413 189 366 379 156 346 359 136 363 376 153 346 359 136 347 360 137 363 376 153 404 418 194 366 379 156 365 378 155 399 413 189 404 418 194 405 419 195 399 413 189 405 419 195 384 398 173 399 413 189 384 398 173 382 396 172 384 398 173 405 419 195 406 420 171 407 421 196 406 420 171 405 419 195 343 356 133 403 417 193 341 354 131 407 421 196 408 422 197 406 420 171 409 423 181 406 420 171 408 422 197 409 423 181 408 422 197 410 424 185 411 425 198 410 424 185 408 422 197 412 426 199 410 424 185 411 425 198 413 427 200 282 289 73 307 318 98 307 318 98 306 317 97 413 427 200 306 317 97 414 428 201 413 427 200 414 428 201 306 317 97 305 316 96 305 316 96 308 319 202 414 428 201 414 428 201 308 319 202 415 429 203 308 319 202 290 301 81 415 429 203 289 300 80 415 429 203 290 301 81 282 289 73 283 290 74 307 318 98 334 347 124 416 430 204 333 346 123 303 314 94 291 302 82 286 296 77 286 296 77 417 431 205 303 314 94 272 279 64 417 431 205 286 296 77 325 338 115 417 431 205 272 279 64 322 335 112 417 431 205 325 338 115 417 431 205 302 313 93 303 314 94 322 335 112 302 313 93 417 431 205 313 325 103 302 313 93 322 335 112 309 321 99 314 326 104 301 320 92 420 434 208 419 433 207 418 432 206 418 432 206 419 433 207 421 435 209 422 436 210 421 435 209 419 433 207 422 436 210 419 433 207 423 437 211 424 438 212 423 437 211 419 433 207 425 439 213 421 435 209 422 436 210 419 433 207 426 440 214 424 438 212 419 433 207 420 434 208 426 440 214 424 438 212 426 440 214 427 441 215 427 441 215 428 442 216 424 438 212 429 443 217 424 438 212 428 442 216 422 436 210 423 437 211 430 444 218 423 437 211 431 445 219 430 444 218 428 442 216 432 446 220 429 443 217 433 447 221 429 443 217 432 446 220 433 447 221 432 446 220 434 448 222 435 449 223 434 448 222 432 446 220 429 443 217 433 447 221 436 450 224 423 437 211 424 438 212 436 450 224 429 443 217 436 450 224 424 438 212 437 451 225 436 450 224 433 447 221 437 451 225 433 447 221 438 452 226 434 448 222 438 452 226 433 447 221 437 451 225 439 453 227 436 450 224 440 454 228 436 450 224 439 453 227 439 453 227 437 451 225 441 455 229 438 452 226 441 455 229 437 451 225 434 448 222 435 449 223 442 456 230 443 457 231 442 456 230 435 449 223 442 456 230 443 457 231 444 458 232 445 459 233 444 458 232 443 457 231 446 460 234 442 456 230 444 458 232 446 460 234 447 461 235 442 456 230 446 460 234 448 462 236 447 461 235 446 460 234 444 458 232 448 462 236 448 462 236 444 458 232 449 463 237 450 464 238 449 463 237 444 458 232 451 465 239 447 461 235 448 462 236 452 466 240 442 456 230 447 461 235 453 467 241 447 461 235 451 465 239 453 467 241 452 466 240 447 461 235 451 465 239 454 468 242 453 467 241 455 469 243 453 467 241 454 468 242 453 467 241 456 470 244 452 466 240 457 471 245 452 466 240 456 470 244 448 462 236 449 463 237 458 472 246 459 473 247 458 472 246 449 463 237 459 473 247 460 474 248 458 472 246 461 475 249 458 472 246 460 474 248 458 472 246 461 475 249 462 476 250 458 472 246 462 476 250 448 462 236 451 465 239 448 462 236 462 476 250 463 477 251 462 476 250 461 475 249 463 477 251 461 475 249 464 478 252 465 479 253 464 478 252 461 475 249 461 475 249 460 474 248 465 479 253 462 476 250 463 477 251 466 480 254 462 476 250 466 480 254 451 465 239 454 468 242 451 465 239 466 480 254 467 481 255 466 480 254 463 477 251 463 477 251 464 478 252 467 481 255 452 466 240 457 471 245 438 452 226 441 455 229 438 452 226 457 471 245 438 452 226 434 448 222 452 466 240 442 456 230 452 466 240 434 448 222 468 482 256 465 479 253 460 474 248 465 479 253 469 483 257 464 478 252 465 479 253 470 484 258 469 483 257 465 479 253 468 482 256 470 484 258 471 485 259 464 478 252 469 483 257 472 486 260 464 478 252 471 485 259 473 487 261 467 481 255 464 478 252 473 487 261 464 478 252 472 486 260 474 488 262 470 484 258 468 482 256 475 489 263 473 487 261 472 486 260 431 445 219 423 437 211 440 454 228 436 450 224 440 454 228 423 437 211 478 492 266 477 491 265 476 490 264 479 493 267 477 491 265 478 492 266 480 494 268 477 491 265 479 493 267 481 495 269 477 491 265 480 494 268 482 496 270 477 491 265 481 495 269 483 499 271 477 498 265 482 497 270 484 500 272 477 498 265 483 499 271 485 501 273 477 498 265 484 500 272 486 502 274 477 498 265 485 501 273 476 490 264 477 491 265 487 503 275 488 504 276 477 498 265 486 502 274 489 505 277 477 498 265 488 504 276 490 506 278 477 498 265 489 505 277 477 498 265 490 506 278 491 507 279 492 508 280 477 498 265 491 507 279 487 503 275 477 491 265 492 509 280 493 510 281 426 440 214 420 434 208 494 511 282 425 439 213 422 436 210 430 444 218 494 511 282 422 436 210 497 514 285 496 513 284 495 512 283 498 515 286 495 512 283 496 513 284 496 513 284 497 514 285 499 516 287 500 517 288 499 516 287 497 514 285 500 517 288 501 518 289 499 516 287 497 514 285 502 519 290 500 517 288 497 514 285 495 512 283 502 519 290 503 520 291 500 517 288 502 519 290 500 517 288 504 521 292 501 518 289 504 521 292 500 517 288 505 522 293 500 517 288 506 523 294 505 522 293 503 520 291 506 523 294 500 517 288 505 522 293 507 524 295 504 521 292 505 522 293 506 523 294 507 524 295 506 523 294 503 520 291 507 524 295 508 525 296 504 521 292 507 524 295 504 521 292 508 525 296 509 526 297 510 527 298 508 525 296 507 524 295 508 525 296 511 528 299 509 526 297 511 528 299 508 525 296 510 527 298 509 526 297 511 528 299 512 529 300 513 530 301 512 529 300 511 528 299 512 529 300 514 531 302 509 526 297 515 532 303 509 526 297 514 531 302 501 518 289 504 521 292 515 532 303 509 526 297 515 532 303 504 521 292 516 533 304 514 531 302 512 529 300 512 529 300 517 534 305 516 533 304 512 529 300 513 530 301 517 534 305 516 533 304 518 535 306 514 531 302 519 536 307 517 534 305 513 530 301 519 536 307 520 537 308 517 534 305 517 534 305 520 537 308 521 538 309 517 534 305 521 538 309 522 539 310 522 539 310 516 533 304 517 534 305 523 540 311 520 537 308 519 536 307 523 540 311 524 541 312 520 537 308 520 537 308 524 541 312 525 542 313 525 542 313 521 538 309 520 537 308 525 542 313 522 539 310 521 538 309 513 530 301 526 543 314 519 536 307 526 543 314 523 540 311 519 536 307 526 543 314 513 530 301 527 544 315 527 544 315 528 545 316 526 543 314 528 545 316 527 544 315 529 546 317 530 547 318 529 546 317 527 544 315 530 547 318 531 548 319 529 546 317 531 548 319 530 547 318 532 549 320 530 547 318 533 550 321 532 549 320 534 551 322 532 549 320 533 550 321 533 550 321 530 547 318 535 552 323 536 553 324 535 552 323 530 547 318 527 544 315 536 553 324 530 547 318 535 552 323 536 553 324 537 554 325 535 552 323 537 554 325 538 555 326 526 543 314 528 545 316 539 556 327 540 557 328 526 543 314 539 556 327 526 543 314 540 557 328 523 540 311 540 557 328 524 541 312 523 540 311 531 548 319 532 549 320 541 558 329 542 559 330 541 558 329 532 549 320 532 549 320 534 551 322 542 559 330 542 559 330 543 560 331 541 558 329 534 551 322 544 561 332 542 559 330 545 562 333 533 550 321 535 552 323 545 562 333 546 563 334 533 550 321 534 551 322 533 550 321 546 563 334 538 555 326 547 564 335 535 552 323 546 563 334 548 565 336 534 551 322 549 566 337 535 552 323 547 564 335 546 563 334 550 567 338 548 565 336 551 568 339 548 565 336 550 567 338 548 565 336 551 568 339 552 569 340 548 565 336 552 569 340 553 570 341 553 570 341 534 551 322 548 565 336 554 571 342 553 570 341 552 569 340 555 572 343 552 569 340 551 568 339 550 567 338 546 563 334 556 573 344 545 562 333 556 573 344 546 563 334 535 552 323 549 566 337 556 573 344 545 562 333 535 552 323 556 573 344 557 574 345 554 571 342 552 569 340 557 574 345 552 569 340 555 572 343 557 574 345 558 575 346 554 571 342 558 575 346 557 574 345 559 576 347 557 574 345 560 577 348 559 576 347 560 577 348 561 578 349 559 576 347 562 579 350 561 578 349 560 577 348 563 580 351 562 579 350 560 577 348 563 580 351 560 577 348 557 574 345 564 581 352 559 576 347 561 578 349 507 524 295 564 581 352 561 578 349 565 582 353 562 579 350 563 580 351 566 583 354 562 579 350 565 582 353 510 527 298 561 578 349 562 579 350 507 524 295 561 578 349 510 527 298 538 555 326 510 527 298 562 579 350 538 555 326 562 579 350 566 583 354 564 581 352 507 524 295 503 520 291 567 584 355 564 581 352 503 520 291 567 584 355 568 585 356 564 581 352 568 585 356 559 576 347 564 581 352 567 584 355 569 586 357 568 585 356 570 587 358 568 585 356 569 586 357 569 586 357 571 588 359 570 587 358 570 587 358 571 588 359 572 589 360 569 586 357 573 590 361 571 588 359 571 588 359 573 590 361 574 591 362 573 590 361 575 592 363 574 591 362 574 591 362 575 592 363 576 593 364 576 593 364 575 592 363 543 560 331 573 590 361 577 594 365 575 592 363 573 590 361 578 595 366 577 594 365 567 584 355 578 595 366 569 586 357 578 595 366 573 590 361 569 586 357 579 596 367 577 594 365 578 595 366 576 593 364 543 560 331 580 597 368 580 597 368 543 560 331 581 598 369 543 560 331 542 559 330 581 598 369 542 559 330 582 599 370 581 598 369 542 559 330 583 600 371 582 599 370 584 601 372 582 599 370 583 600 371 542 559 330 585 602 373 583 600 371 586 603 374 584 601 372 583 600 371 587 604 375 586 603 374 583 600 371 587 606 375 554 571 342 586 605 374 588 607 376 586 605 374 554 571 342 554 571 342 558 575 346 588 607 376 589 608 377 586 605 374 588 607 376 589 609 377 584 601 372 586 603 374 590 610 378 589 610 377 588 610 376 591 612 360 590 611 378 588 607 376 558 575 346 591 612 360 588 607 376 544 561 332 585 602 373 542 559 330 554 571 342 587 606 375 553 570 341 553 570 341 587 606 375 592 613 379 534 551 322 592 613 379 544 561 332 553 570 341 592 613 379 534 551 322 593 614 380 592 613 379 587 606 375 544 561 332 592 613 379 593 614 380 585 602 373 544 561 332 593 614 380 596 617 383 595 616 382 594 615 381 597 618 384 595 616 382 596 617 383 594 615 381 595 616 382 598 619 385 595 616 382 599 620 386 598 619 385 599 620 386 595 616 382 600 621 387 600 621 387 595 616 382 597 618 384 599 620 386 600 621 387 601 622 388 599 620 386 601 622 388 598 619 385 601 625 388 600 624 387 602 623 389 600 624 387 603 626 390 602 623 389 602 623 389 603 626 390 604 627 391 605 628 392 604 627 391 603 626 390 606 629 393 602 623 389 604 627 391 601 622 388 606 629 393 598 619 385 601 625 388 602 623 389 606 629 393 598 619 385 606 629 393 607 630 394 607 630 394 606 629 393 604 627 391 609 632 396 522 539 310 608 631 395 610 633 397 522 539 310 609 632 396 609 632 396 611 634 398 610 633 397 610 633 397 611 634 398 516 533 304 610 633 397 516 533 304 522 539 310 516 533 304 611 634 398 518 535 306 525 542 313 608 631 395 522 539 310 613 636 400 566 583 354 612 635 399 613 636 400 612 635 399 614 637 401 615 638 402 614 637 401 612 635 399 615 638 402 551 568 339 614 637 401 550 567 338 614 637 401 551 568 339 614 637 401 550 567 338 556 573 344 614 637 401 556 573 344 616 639 403 614 637 401 616 639 403 613 636 400 615 638 402 555 572 343 551 568 339 549 566 337 616 639 403 556 573 344 549 566 337 613 636 400 616 639 403 549 566 337 566 583 354 613 636 400 547 564 335 566 583 354 549 566 337 547 564 335 538 555 326 566 583 354 565 582 353 612 635 399 566 583 354 565 582 353 563 580 351 612 635 399 617 640 404 612 635 399 563 580 351 615 638 402 617 640 404 555 572 343 615 638 402 612 635 399 617 640 404 557 574 345 555 572 343 617 640 404 557 574 345 617 640 404 563 580 351 511 528 299 538 555 326 537 554 325 511 528 299 537 554 325 513 530 301 513 530 301 537 554 325 536 553 324 527 544 315 513 530 301 536 553 324 511 528 299 510 527 298 538 555 326 620 643 407 619 642 406 618 641 405 620 643 407 621 644 408 619 642 406 622 645 409 619 642 406 621 644 408 623 646 410 619 646 406 622 646 409 581 598 369 624 647 411 580 597 368 582 599 370 624 647 411 581 598 369 503 520 291 502 519 290 567 584 355 627 650 286 626 649 284 625 648 283 628 651 285 625 648 283 626 649 284 626 649 284 629 652 287 628 651 285 630 653 288 628 651 285 629 652 287 631 654 289 630 653 288 629 652 287 628 651 285 630 653 288 632 655 290 625 648 283 628 651 285 632 655 290 633 656 291 632 655 290 630 653 288 634 657 292 630 653 288 631 654 289 630 653 288 634 657 292 635 658 293 636 659 294 630 653 288 635 658 293 636 659 294 633 656 291 630 653 288 635 658 293 634 657 292 637 660 295 636 659 294 635 658 293 637 660 295 636 659 294 637 660 295 633 656 291 638 661 296 637 660 295 634 657 292 638 661 296 634 657 292 639 662 297 638 661 296 640 663 298 637 660 295 641 664 299 638 661 296 639 662 297 638 661 296 641 664 299 640 663 298 641 664 299 639 662 297 642 665 300 642 665 300 643 666 301 641 664 299 642 665 300 639 662 297 644 667 302 645 668 303 644 667 302 639 662 297 639 662 297 634 657 292 645 668 303 631 654 289 645 668 303 634 657 292 644 667 302 646 669 304 642 665 300 647 670 305 642 665 300 646 669 304 642 665 300 647 670 305 643 666 301 648 671 306 646 669 304 644 667 302 649 672 307 643 666 301 647 670 305 650 673 308 649 672 307 647 670 305 650 673 308 647 670 305 651 674 309 651 674 309 647 670 305 652 675 310 646 669 304 652 675 310 647 670 305 650 673 308 653 676 311 649 672 307 654 677 312 653 676 311 650 673 308 654 677 312 650 673 308 655 678 313 651 674 309 655 678 313 650 673 308 652 675 310 655 678 313 651 674 309 656 679 314 643 666 301 649 672 307 653 676 311 656 679 314 649 672 307 643 666 301 656 679 314 657 680 315 658 681 316 657 680 315 656 679 314 658 681 316 659 682 317 657 680 315 660 683 318 657 680 315 659 682 317 661 684 319 660 683 318 659 682 317 660 683 318 661 684 319 662 685 320 660 683 318 662 685 320 663 686 321 664 687 322 663 686 321 662 685 320 660 683 318 663 686 321 665 688 323 665 688 323 666 689 324 660 683 318 666 689 324 657 680 315 660 683 318 666 689 324 665 688 323 667 690 325 667 690 325 665 688 323 668 691 326 658 681 316 656 679 314 669 692 327 656 679 314 670 693 328 669 692 327 670 693 328 656 679 314 653 676 311 654 677 312 670 693 328 653 676 311 662 685 320 661 684 319 671 694 329 671 694 329 672 695 330 662 685 320 664 687 322 662 685 320 672 695 330 673 696 331 672 695 330 671 694 329 674 697 332 664 687 322 672 695 330 663 686 321 675 698 333 665 688 323 664 687 322 676 699 334 663 686 321 675 698 333 663 686 321 676 699 334 677 700 335 668 691 326 665 688 323 676 699 334 664 687 322 678 701 336 679 702 341 678 701 336 664 687 322 678 701 336 679 702 341 680 703 340 681 704 342 680 703 340 679 702 341 678 701 336 680 703 340 682 705 339 683 706 343 682 705 339 680 703 340 682 705 339 684 707 338 678 701 336 676 699 334 678 701 336 684 707 338 675 698 333 676 699 334 685 708 344 684 707 338 685 708 344 676 699 334 681 704 342 686 709 345 680 703 340 680 703 340 686 709 345 683 706 343 687 710 346 686 709 345 681 704 342 686 709 345 687 710 346 688 711 347 689 712 348 686 709 345 688 711 347 690 713 349 689 712 348 688 711 347 690 713 349 691 714 350 689 712 348 691 714 350 692 715 351 689 712 348 689 712 348 692 715 351 686 709 345 688 711 347 693 716 352 690 713 349 693 716 352 637 660 295 690 713 349 691 714 350 694 717 353 692 715 351 691 714 350 695 718 354 694 717 353 690 713 349 640 663 298 691 714 350 690 713 349 637 660 295 640 663 298 640 663 298 668 691 326 691 714 350 691 714 350 668 691 326 695 718 354 693 716 352 633 656 291 637 660 295 693 716 352 696 719 355 633 656 291 697 720 356 696 719 355 693 716 352 688 711 347 697 720 356 693 716 352 696 719 355 697 720 356 698 721 357 699 722 358 698 721 357 697 720 356 700 723 359 698 721 357 699 722 358 700 723 359 699 722 358 701 724 360 702 725 361 698 721 357 700 723 359 702 725 361 700 723 359 703 726 362 704 727 363 702 725 361 703 726 362 704 727 363 703 726 362 705 728 364 704 727 363 705 728 364 673 696 331 706 729 365 702 725 361 704 727 363 702 725 361 706 729 365 707 730 366 707 730 366 696 719 355 698 721 357 702 725 361 707 730 366 698 721 357 708 731 367 707 730 366 706 729 365 673 696 331 705 728 364 709 732 368 673 696 331 709 732 368 710 733 369 672 695 330 673 696 331 710 733 369 711 734 370 672 695 330 710 733 369 712 735 371 672 695 330 711 734 370 711 734 370 713 736 372 712 735 371 714 737 373 672 695 330 712 735 371 713 736 372 715 738 374 712 735 371 715 738 374 716 739 375 712 735 371 716 741 375 715 740 374 681 704 342 717 742 376 681 704 342 715 740 374 687 710 346 681 704 342 717 742 376 715 740 374 718 743 377 717 742 376 713 736 372 718 744 377 715 738 374 718 745 377 719 745 378 717 745 376 719 747 378 720 746 360 717 742 376 720 746 360 687 710 346 717 742 376 714 737 373 674 697 332 672 695 330 716 741 375 681 704 342 679 702 341 716 741 375 679 702 341 721 748 379 721 748 379 664 687 322 674 697 332 721 748 379 679 702 341 664 687 322 721 748 379 722 749 380 716 741 375 721 748 379 674 697 332 722 749 380 674 697 332 714 737 373 722 749 380 725 752 382 724 751 383 723 750 381 725 752 382 726 753 384 724 751 383 725 752 382 723 750 381 727 754 385 728 755 386 725 752 382 727 754 385 725 752 382 728 755 386 729 756 387 725 752 382 729 756 387 726 753 384 729 756 387 728 755 386 730 757 388 730 757 388 728 755 386 727 754 385 729 760 387 730 759 388 731 758 389 732 761 390 729 760 387 731 758 389 731 758 389 733 762 391 732 761 390 734 763 392 732 761 390 733 762 391 731 758 389 735 764 393 733 762 391 735 764 393 730 757 388 727 754 385 731 758 389 730 759 388 735 764 393 735 764 393 727 754 385 736 765 394 735 764 393 736 765 394 733 762 391 652 675 310 738 767 396 737 766 395 652 675 310 739 768 397 738 767 396 740 769 398 738 767 396 739 768 397 740 769 398 739 768 397 646 669 304 646 669 304 739 768 397 652 675 310 740 769 398 646 669 304 648 671 306 737 766 395 655 678 313 652 675 310 695 718 354 742 771 400 741 770 399 742 771 400 743 772 401 741 770 399 744 773 402 741 770 399 743 772 401 744 773 402 743 772 401 682 705 339 684 707 338 682 705 339 743 772 401 684 707 338 743 772 401 685 708 344 685 708 344 743 772 401 745 774 403 745 774 403 743 772 401 742 771 400 683 706 343 744 773 402 682 705 339 745 774 403 746 775 337 685 708 344 742 771 400 746 775 337 745 774 403 695 718 354 746 775 337 742 771 400 746 775 337 665 688 323 685 708 344 665 688 323 746 775 337 677 700 335 695 718 354 677 700 335 746 775 337 665 688 323 675 698 333 685 708 344 668 691 326 677 700 335 695 718 354 741 770 399 694 717 353 695 718 354 692 715 351 694 717 353 741 770 399 747 776 404 744 773 402 683 706 343 741 770 399 747 776 404 692 715 351 741 770 399 744 773 402 747 776 404 683 706 343 686 709 345 747 776 404 747 776 404 686 709 345 692 715 351 668 691 326 641 664 299 667 690 325 667 690 325 641 664 299 643 666 301 667 690 325 643 666 301 666 689 324 643 666 301 657 680 315 666 689 324 640 663 298 641 664 299 668 691 326 750 779 406 749 778 407 748 777 405 751 780 408 749 778 407 750 779 406 750 779 406 752 781 409 751 780 408 750 782 406 753 782 410 752 782 409 754 783 411 710 733 369 709 732 368 754 783 411 711 734 370 710 733 369 632 655 290 633 656 291 696 719 355 757 786 414 756 785 413 755 784 412 758 787 415 755 784 412 756 785 413 757 786 414 755 784 412 759 788 416 760 789 417 759 788 416 755 784 412 756 785 413 761 790 418 758 787 415 762 791 419 758 787 415 761 790 418 761 790 418 763 792 420 762 791 419 764 793 421 762 791 419 763 792 420 755 784 412 758 787 415 765 794 422 755 784 412 765 794 422 760 789 417 766 795 423 765 794 422 758 787 415 758 787 415 762 791 419 766 795 423 767 796 424 760 789 417 765 794 422 762 791 419 764 793 421 768 797 425 768 797 425 766 795 423 762 791 419 769 798 426 768 797 425 764 793 421 765 794 422 766 795 423 770 799 427 770 799 427 767 796 424 765 794 422 771 800 428 770 799 427 766 795 423 766 795 423 768 797 425 771 800 428 768 797 425 769 798 426 772 801 429 772 801 429 771 800 428 768 797 425 773 802 430 772 801 429 769 798 426 770 799 427 771 800 428 774 803 431 775 804 432 774 803 431 771 800 428 771 800 428 772 801 429 775 804 432 774 803 431 776 805 433 770 799 427 777 806 434 770 799 427 776 805 433 777 806 434 767 796 424 770 799 427 776 805 433 778 807 435 777 806 434 779 808 436 777 806 434 778 807 435 777 806 434 779 808 436 780 809 437 780 809 437 767 796 424 777 806 434 781 810 438 780 809 437 779 808 436 780 809 437 781 810 438 782 811 439 780 809 437 782 811 439 767 796 424 783 812 440 782 811 439 781 810 438 782 811 439 783 812 440 784 813 441 785 814 442 784 813 441 783 812 440 783 812 440 786 815 443 785 814 442 787 816 444 785 814 442 786 815 443 786 815 443 783 812 440 788 817 445 781 810 438 788 817 445 783 812 440 788 817 445 781 810 438 789 818 446 779 808 436 789 818 446 781 810 438 789 818 446 779 808 436 790 819 447 778 807 435 790 819 447 779 808 436 778 807 435 776 805 433 791 820 448 792 821 449 791 820 448 776 805 433 790 819 447 778 807 435 793 822 450 791 820 448 793 822 450 778 807 435 791 820 448 792 821 449 794 823 451 795 824 452 794 823 451 792 821 449 792 821 449 796 825 453 795 824 452 796 825 453 792 821 449 774 803 431 774 803 431 775 804 432 796 825 453 797 826 454 796 825 453 775 804 432 776 805 433 774 803 431 792 821 449 775 804 432 798 827 455 797 826 454 798 827 455 775 804 432 772 801 429 772 801 429 773 802 430 798 827 455 799 828 456 798 827 455 773 802 430 798 827 455 799 828 456 800 829 457 800 829 457 797 826 454 798 827 455 801 830 458 800 829 457 799 828 456 796 825 453 797 826 454 802 831 459 802 831 459 795 824 452 796 825 453 803 832 460 802 831 459 797 826 454 797 826 454 800 829 457 803 832 460 800 829 457 801 830 458 804 833 461 804 833 461 803 832 460 800 829 457 805 834 462 804 833 461 801 830 458 806 835 463 802 831 459 803 832 460 807 836 464 804 833 461 805 834 462 807 836 464 803 832 460 804 833 461 806 835 463 803 832 460 807 836 464 806 835 463 807 836 464 808 837 465 808 837 465 809 838 466 806 835 463 810 839 467 806 835 463 809 838 466 810 839 467 802 831 459 806 835 463 810 839 467 795 824 452 802 831 459 810 839 467 811 840 468 795 824 452 794 823 451 795 824 452 811 840 468 811 840 468 812 841 469 794 823 451 813 842 470 794 823 451 812 841 469 794 823 451 813 842 470 791 820 448 793 822 450 791 820 448 813 842 470 811 840 468 810 839 467 814 843 471 809 844 466 814 843 471 810 839 467 812 841 469 811 840 468 815 845 472 814 843 471 815 845 472 811 840 468 816 846 473 808 837 465 807 836 464 817 847 474 809 838 466 808 837 465 817 848 474 814 843 471 809 844 466 817 848 474 815 845 472 814 843 471 817 847 474 808 837 465 816 846 473 782 811 439 784 813 441 760 789 417 759 788 416 760 789 417 784 813 441 760 789 417 767 796 424 782 811 439 820 851 477 819 850 476 818 849 475 820 851 477 821 852 478 819 850 476 821 852 478 820 851 477 822 853 479 821 852 478 822 853 479 823 854 480 824 855 481 820 851 477 818 849 475 824 855 481 818 849 475 825 856 482 825 856 482 818 849 475 826 857 483 822 853 479 827 858 484 823 854 480 827 858 484 828 859 485 823 854 480 827 858 484 829 860 486 828 859 485 829 860 486 830 861 487 828 859 485 829 860 486 831 862 488 830 861 487 831 862 488 832 863 489 830 861 487 835 866 415 834 865 413 833 864 412 836 867 414 833 864 412 834 865 413 836 867 414 837 868 416 833 864 412 838 869 417 833 864 412 837 868 416 834 865 413 835 866 415 839 870 418 840 871 419 839 870 418 835 866 415 839 870 418 840 871 419 841 872 420 842 873 421 841 872 420 840 871 419 833 864 412 843 874 422 835 866 415 833 864 412 838 869 417 843 874 422 844 875 423 835 866 415 843 874 422 835 866 415 844 875 423 840 871 419 845 876 424 843 874 422 838 869 417 840 871 419 846 877 425 842 873 421 846 877 425 840 871 419 844 875 423 847 878 426 842 873 421 846 877 425 843 874 422 848 879 427 844 875 423 845 876 424 848 879 427 843 874 422 849 880 428 844 875 423 848 879 427 844 875 423 849 880 428 846 877 425 846 877 425 850 881 429 847 878 426 850 881 429 846 877 425 849 880 428 851 882 430 847 878 426 850 881 429 848 879 427 852 883 431 849 880 428 853 884 432 849 880 428 852 883 431 849 880 428 853 884 432 850 881 429 852 883 431 848 879 427 854 885 433 855 886 434 854 885 433 848 879 427 845 876 424 855 886 434 848 879 427 854 885 433 855 886 434 856 887 435 857 888 436 856 887 435 855 886 434 855 886 434 858 889 437 857 888 436 845 876 424 858 889 437 855 886 434 859 890 438 857 888 436 858 889 437 858 889 437 860 891 439 859 890 438 858 889 437 845 876 424 860 891 439 861 892 440 859 890 438 860 891 439 860 891 439 862 893 441 861 892 440 863 894 442 861 892 440 862 893 441 861 892 440 863 894 442 864 895 443 865 896 444 864 895 443 863 894 442 859 890 438 861 892 440 866 897 445 864 895 443 866 897 445 861 892 440 857 888 436 859 890 438 867 898 446 866 897 445 867 898 446 859 890 438 856 887 435 857 888 436 868 899 447 867 898 446 868 899 447 857 888 436 856 887 435 869 900 448 854 885 433 870 901 449 854 885 433 869 900 448 869 900 448 856 887 435 871 902 450 868 899 447 871 902 450 856 887 435 869 900 448 872 903 451 870 901 449 873 904 452 870 901 449 872 903 451 870 901 449 873 904 452 874 905 453 874 905 453 852 883 431 870 901 449 852 883 431 874 905 453 853 884 432 875 906 454 853 884 432 874 905 453 854 885 433 870 901 449 852 883 431 853 884 432 875 906 454 876 907 455 876 907 455 850 881 429 853 884 432 850 881 429 876 907 455 851 882 430 877 908 456 851 882 430 876 907 455 876 907 455 878 909 457 877 908 456 878 909 457 876 907 455 875 906 454 879 910 458 877 908 456 878 909 457 874 905 453 880 911 459 875 906 454 880 911 459 874 905 453 873 904 452 881 912 460 875 906 454 880 911 459 875 906 454 881 912 460 878 909 457 878 909 457 882 913 461 879 910 458 882 913 461 878 909 457 881 912 460 883 914 462 879 910 458 882 913 461 880 911 459 884 915 463 881 912 460 882 913 461 885 916 464 883 914 462 881 912 460 885 916 464 882 913 461 881 912 460 884 915 463 885 916 464 884 915 463 886 917 465 885 916 464 886 917 465 884 915 463 887 918 466 888 919 467 887 918 466 884 915 463 880 911 459 888 919 467 884 915 463 873 904 452 888 919 467 880 911 459 888 919 467 873 904 452 889 920 468 872 903 451 889 920 468 873 904 452 889 920 468 872 903 451 890 921 469 891 922 470 890 921 469 872 903 451 872 903 451 869 900 448 891 922 470 871 902 450 891 922 470 869 900 448 887 924 466 888 919 467 892 923 471 889 920 468 892 923 471 888 919 467 892 923 471 889 920 468 893 925 472 890 921 469 893 925 472 889 920 468 894 926 473 885 916 464 886 917 465 887 918 466 895 927 474 886 917 465 892 923 471 895 928 474 887 924 466 893 925 472 895 928 474 892 923 471 886 917 465 895 927 474 894 926 473 837 868 416 862 893 441 838 869 417 860 891 439 838 869 417 862 893 441 838 869 417 860 891 439 845 876 424 898 931 492 897 930 491 896 929 490 898 931 492 899 932 493 897 930 491 897 930 491 899 932 493 900 933 494 897 930 491 900 933 494 901 934 495 901 934 495 900 933 494 902 935 496 903 936 497 901 934 495 902 935 496 904 937 498 901 934 495 903 936 497 904 937 498 903 936 497 905 938 499 906 939 500 905 938 499 903 936 497 906 939 500 903 936 497 902 935 496 906 939 500 907 940 501 905 938 499 905 938 499 907 940 501 908 941 502 904 937 498 905 938 499 908 941 502 909 942 503 908 941 502 907 940 501 909 942 503 907 940 501 910 943 504 906 939 500 910 943 504 907 940 501 906 939 500 902 935 496 911 944 505 912 945 506 911 944 505 902 935 496 911 944 505 912 945 506 913 946 507 906 939 500 911 944 505 913 946 507 912 945 506 914 947 508 913 946 507 914 947 508 912 945 506 915 948 509 912 945 506 916 949 510 915 948 509 902 935 496 916 949 510 912 945 506 917 950 511 915 948 509 916 949 510 913 946 507 914 947 508 918 951 512 918 951 512 919 952 513 913 946 507 919 952 513 918 951 512 920 953 514 921 954 515 913 946 507 919 952 513 906 939 500 913 946 507 921 954 515 906 939 500 921 954 515 910 943 504 919 952 513 920 953 514 922 955 516 923 956 517 919 952 513 922 955 516 921 954 515 923 956 517 910 943 504 921 954 515 919 952 513 923 956 517 923 956 517 922 955 516 924 957 518 924 957 518 909 942 503 910 943 504 910 943 504 923 956 517 924 957 518 925 958 519 917 950 511 916 949 510 918 951 512 926 959 520 920 953 514 926 959 520 927 960 521 920 953 514 922 955 516 928 961 522 924 957 518 920 962 514 928 961 522 922 955 516 929 963 523 924 957 518 928 961 522 924 957 518 929 963 523 930 964 524 930 966 524 931 965 525 924 957 518 924 957 518 931 965 525 909 942 503 932 967 526 930 964 524 929 963 523 927 960 521 933 968 527 920 962 514 928 961 522 920 962 514 933 968 527 930 970 524 934 969 528 931 969 525 935 971 529 931 969 525 934 969 528 931 965 525 936 972 530 909 942 503 937 973 531 909 942 503 936 972 530 926 959 520 938 974 532 927 960 521 933 968 527 927 960 521 938 974 532 937 973 531 939 975 533 909 942 503 940 976 534 909 942 503 939 975 533 940 976 534 908 941 502 909 942 503 941 977 535 908 941 502 940 976 534 940 976 534 939 975 533 942 978 536 942 978 536 941 977 535 940 976 534 942 978 536 943 979 537 941 977 535 944 980 538 943 979 537 942 978 536 942 978 536 939 975 533 944 980 538 943 982 537 945 981 539 941 981 535 946 983 540 941 981 535 945 981 539 944 980 538 947 984 541 943 979 537 948 985 542 943 979 537 947 984 541 949 986 543 944 980 538 939 975 533 900 933 494 916 949 510 902 935 496 952 989 546 951 988 545 950 987 544 953 990 547 950 987 544 951 988 545 951 988 545 954 991 548 953 990 547 952 993 546 955 992 549 951 988 545 956 994 550 951 988 545 955 992 549 951 988 545 956 994 550 954 991 548 953 990 547 957 995 551 950 987 544 958 996 552 950 987 544 957 995 551 959 997 553 954 991 548 956 994 550 954 991 548 960 998 554 953 990 547 957 995 551 953 990 547 960 998 554 963 1001 557 962 1000 556 961 999 555 964 1002 558 961 999 555 962 1000 556 965 1003 559 964 1002 558 962 1000 556 962 1000 556 966 1004 560 965 1003 559 963 1001 557 967 1005 561 962 1000 556 968 1006 562 962 1000 556 967 1005 561 962 1000 556 968 1006 562 966 1007 560 965 1003 559 969 1008 563 964 1002 558 970 1009 564 964 1002 558 969 1008 563 964 1002 558 970 1009 564 961 999 555 971 1010 565 966 1007 560 968 1006 562 966 1004 560 972 1011 566 965 1003 559 973 1012 567 965 1003 559 972 1011 566 974 1013 568 961 999 555 970 1009 564 977 1016 571 976 1015 570 975 1014 569 978 1017 572 975 1014 569 976 1015 570 979 1018 573 978 1017 572 976 1015 570 977 1020 571 980 1019 574 976 1019 570 981 1021 575 976 1019 570 980 1019 574 979 1024 573 982 1023 576 978 1022 572 983 1025 577 978 1022 572 982 1023 576 978 1027 572 984 1026 578 975 1026 569 985 1028 579 975 1026 569 984 1026 578 976 1030 570 986 1029 580 979 1024 573 982 1023 576 979 1024 573 986 1029 580 989 1033 583 988 1032 582 987 1031 581 990 1034 584 987 1031 581 988 1032 582 988 1032 582 991 1035 585 990 1034 584 991 1035 585 992 1036 586 990 1034 584 989 1033 583 993 1037 587 988 1032 582 994 1038 588 988 1032 582 993 1037 587 988 1032 582 994 1038 588 991 1039 585 995 1040 589 991 1039 585 994 1038 588 991 1039 585 995 1040 589 992 1041 586 990 1044 584 996 1043 590 987 1042 581 997 1045 591 987 1042 581 996 1043 590 992 1047 586 998 1046 592 990 1044 584 996 1043 590 990 1044 584 998 1046 592 999 1048 593 992 1041 586 995 1040 589 1002 1051 596 1001 1050 595 1000 1049 594 1003 1052 597 1000 1049 594 1001 1050 595 1004 1053 598 1003 1052 597 1001 1050 595 1002 1051 596 1005 1054 599 1001 1050 595 1006 1055 600 1001 1050 595 1005 1054 599 1003 1057 597 1007 1056 601 1000 1056 594 1008 1058 602 1000 1056 594 1007 1056 601 1001 1050 595 1009 1059 603 1004 1053 598 1010 1060 604 1004 1053 598 1009 1059 603 1004 1053 598 1010 1060 604 1003 1052 597 1011 1061 605 1003 1052 597 1010 1060 604 1014 1064 608 1013 1063 607 1012 1062 606 1012 1062 606 1013 1063 607 1015 1065 609 1015 1065 609 1013 1063 607 1016 1066 610 1013 1063 607 1017 1067 611 1016 1066 610 1016 1066 610 1017 1067 611 1018 1068 612 1021 1071 615 1020 1070 614 1019 1069 613 1019 1069 613 1020 1070 614 1022 1072 616 1023 1073 617 1022 1072 616 1020 1070 614 1024 1074 618 1020 1070 614 1021 1071 615 1020 1070 614 1024 1074 618 1025 1075 619 1024 1074 618 1026 1076 620 1025 1075 619 1027 1077 621 1025 1075 619 1026 1076 620 1028 1078 622 1024 1074 618 1021 1071 615 1029 1079 623 1024 1074 618 1028 1078 622 1029 1079 623 1028 1078 622 1030 1080 624 1030 1080 624 1031 1081 625 1029 1079 623 1032 1082 626 1029 1079 623 1031 1081 625 1035 1085 491 1034 1084 492 1033 1083 490 1036 1086 493 1034 1084 492 1035 1085 491 1036 1086 493 1035 1085 491 1037 1087 494 1037 1087 494 1035 1085 491 1038 1088 495 1037 1087 494 1038 1088 495 1039 1089 496 1038 1088 495 1040 1090 497 1039 1089 496 1038 1088 495 1041 1091 498 1040 1090 497 1040 1090 497 1041 1091 498 1042 1092 499 1042 1092 499 1043 1093 500 1040 1090 497 1040 1090 497 1043 1093 500 1039 1089 496 1044 1094 501 1043 1093 500 1042 1092 499 1042 1092 499 1045 1095 502 1044 1094 501 1042 1092 499 1041 1091 498 1045 1095 502 1046 1096 503 1044 1094 501 1045 1095 502 1044 1094 501 1046 1096 503 1047 1097 504 1047 1097 504 1043 1093 500 1044 1094 501 1039 1089 496 1043 1093 500 1048 1098 505 1048 1098 505 1049 1099 506 1039 1089 496 1049 1099 506 1048 1098 505 1050 1100 507 1048 1098 505 1043 1093 500 1050 1100 507 1051 1101 508 1049 1099 506 1050 1100 507 1049 1099 506 1051 1101 508 1052 1102 509 1049 1099 506 1052 1102 509 1053 1103 510 1053 1103 510 1039 1089 496 1049 1099 506 1054 1104 511 1053 1103 510 1052 1102 509 1051 1101 508 1050 1100 507 1055 1105 512 1056 1106 513 1055 1105 512 1050 1100 507 1055 1105 512 1056 1106 513 1057 1107 514 1050 1100 507 1058 1108 515 1056 1106 513 1050 1100 507 1043 1093 500 1058 1108 515 1058 1108 515 1043 1093 500 1047 1097 504 1057 1107 514 1056 1106 513 1059 1109 516 1056 1106 513 1060 1110 517 1059 1109 516 1060 1110 517 1058 1108 515 1047 1097 504 1056 1106 513 1058 1108 515 1060 1110 517 1059 1109 516 1060 1110 517 1061 1111 518 1046 1096 503 1061 1111 518 1047 1097 504 1060 1110 517 1047 1097 504 1061 1111 518 1054 1104 511 1062 1112 519 1053 1103 510 1063 1113 520 1055 1105 512 1057 1107 514 1064 1114 521 1063 1113 520 1057 1107 514 1059 1109 516 1061 1111 518 1065 1115 522 1065 1115 522 1057 1116 514 1059 1109 516 1066 1117 523 1065 1115 522 1061 1111 518 1061 1111 518 1067 1118 524 1066 1117 523 1068 1120 525 1067 1119 524 1061 1111 518 1068 1120 525 1061 1111 518 1046 1096 503 1069 1121 526 1066 1117 523 1067 1118 524 1065 1115 522 1070 1122 527 1057 1116 514 1064 1114 521 1057 1116 514 1070 1122 527 1067 1124 524 1068 1123 525 1071 1123 528 1072 1125 529 1071 1123 528 1068 1123 525 1068 1120 525 1046 1096 503 1073 1126 530 1074 1127 531 1073 1126 530 1046 1096 503 1070 1122 527 1075 1128 532 1064 1114 521 1063 1113 520 1064 1114 521 1075 1128 532 1074 1127 531 1046 1096 503 1076 1129 533 1077 1130 534 1076 1129 533 1046 1096 503 1045 1095 502 1077 1130 534 1046 1096 503 1045 1095 502 1078 1131 535 1077 1130 534 1076 1129 533 1077 1130 534 1079 1132 536 1078 1131 535 1079 1132 536 1077 1130 534 1080 1133 537 1079 1132 536 1078 1131 535 1080 1133 537 1081 1134 538 1079 1132 536 1079 1132 536 1081 1134 538 1076 1129 533 1080 1136 537 1078 1135 535 1082 1135 539 1083 1137 540 1082 1135 539 1078 1135 535 1081 1134 538 1080 1133 537 1084 1138 541 1085 1139 542 1084 1138 541 1080 1133 537 1086 1140 543 1076 1129 533 1081 1134 538 1053 1103 510 1037 1087 494 1039 1089 496 1089 1143 547 1088 1142 545 1087 1141 544 1090 1144 546 1087 1141 544 1088 1142 545 1091 1145 548 1088 1142 545 1089 1143 547 1090 1147 546 1088 1142 545 1092 1146 549 1093 1148 550 1092 1146 549 1088 1142 545 1088 1142 545 1091 1145 548 1093 1148 550 1089 1143 547 1087 1141 544 1094 1149 551 1095 1150 552 1094 1149 551 1087 1141 544 1096 1151 553 1093 1148 550 1091 1145 548 1094 1149 551 1097 1152 554 1089 1143 547 1091 1145 548 1089 1143 547 1097 1152 554 1100 1155 558 1099 1154 556 1098 1153 555 1101 1156 557 1098 1153 555 1099 1154 556 1100 1155 558 1102 1157 559 1099 1154 556 1103 1158 560 1099 1154 556 1102 1157 559 1101 1156 557 1099 1154 556 1104 1159 561 1105 1160 562 1104 1159 561 1099 1154 556 1099 1154 556 1103 1161 560 1105 1160 562 1102 1157 559 1100 1155 558 1106 1162 563 1107 1163 564 1106 1162 563 1100 1155 558 1100 1155 558 1098 1153 555 1107 1163 564 1108 1164 565 1105 1160 562 1103 1161 560 1103 1158 560 1102 1157 559 1109 1165 566 1110 1166 567 1109 1165 566 1102 1157 559 1111 1167 568 1107 1163 564 1098 1153 555 1114 1170 572 1113 1169 570 1112 1168 569 1115 1171 571 1112 1168 569 1113 1169 570 1114 1170 572 1116 1172 573 1113 1169 570 1115 1174 571 1113 1173 570 1117 1173 574 1118 1175 575 1117 1173 574 1113 1173 570 1116 1178 573 1114 1177 572 1119 1176 576 1120 1179 577 1119 1176 576 1114 1177 572 1114 1181 572 1112 1180 569 1121 1180 578 1122 1182 579 1121 1180 578 1112 1180 569 1119 1176 576 1123 1183 580 1116 1178 573 1113 1184 570 1116 1178 573 1123 1183 580 1126 1187 584 1125 1186 582 1124 1185 581 1127 1188 583 1124 1185 581 1125 1186 582 1128 1189 585 1125 1186 582 1126 1187 584 1129 1190 586 1128 1189 585 1126 1187 584 1127 1188 583 1125 1186 582 1130 1191 587 1131 1192 588 1130 1191 587 1125 1186 582 1125 1186 582 1128 1193 585 1131 1192 588 1132 1194 589 1131 1192 588 1128 1193 585 1128 1193 585 1129 1195 586 1132 1194 589 1126 1198 584 1124 1197 581 1133 1196 590 1134 1199 591 1133 1196 590 1124 1197 581 1133 1196 590 1135 1200 592 1126 1198 584 1129 1201 586 1126 1198 584 1135 1200 592 1136 1202 593 1132 1194 589 1129 1195 586 1139 1205 597 1138 1204 595 1137 1203 594 1140 1206 596 1137 1203 594 1138 1204 595 1139 1205 597 1141 1207 598 1138 1204 595 1140 1206 596 1138 1204 595 1142 1208 599 1143 1209 600 1142 1208 599 1138 1204 595 1139 1211 597 1137 1210 594 1144 1210 601 1145 1212 602 1144 1210 601 1137 1210 594 1138 1204 595 1141 1207 598 1146 1213 603 1147 1214 604 1146 1213 603 1141 1207 598 1141 1207 598 1139 1205 597 1147 1214 604 1148 1215 605 1147 1214 604 1139 1205 597 1151 1218 607 1150 1217 608 1149 1216 606 1151 1218 607 1149 1216 606 1152 1219 609 1151 1218 607 1152 1219 609 1153 1220 610 1154 1221 611 1151 1218 607 1153 1220 610 1154 1221 611 1153 1220 610 1155 1222 612 1158 1225 614 1157 1224 615 1156 1223 613 1156 1223 613 1159 1226 616 1158 1225 614 1160 1227 617 1158 1225 614 1159 1226 616 1158 1225 614 1161 1228 618 1157 1224 615 1161 1228 618 1158 1225 614 1162 1229 619 1161 1228 618 1162 1229 619 1163 1230 620 1164 1231 621 1163 1230 620 1162 1229 619 1161 1228 618 1165 1232 622 1157 1224 615 1161 1228 618 1166 1233 623 1165 1232 622 1165 1232 622 1166 1233 623 1167 1234 624 1167 1234 624 1166 1233 623 1168 1235 625 1169 1236 626 1168 1235 625 1166 1233 623 1172 1239 629 1171 1238 628 1170 1237 627 1173 1240 630 1170 1237 627 1171 1238 628 1171 1238 628 1174 1241 631 1173 1240 630 1175 1242 632 1173 1240 630 1174 1241 631 1174 1241 631 1176 1243 633 1175 1242 632 1177 1244 634 1175 1242 632 1176 1243 633 1176 1243 633 1178 1245 635 1177 1244 634 1179 1246 636 1177 1244 634 1178 1245 635 1182 1249 639 1181 1248 638 1180 1247 637 1181 1248 638 1183 1250 640 1180 1247 637 1184 1251 641 1180 1247 637 1183 1250 640 1183 1250 640 1185 1252 642 1184 1251 641 1186 1253 643 1184 1251 641 1185 1252 642 1185 1252 642 1187 1254 644 1186 1253 643 1190 1257 647 1189 1256 646 1188 1255 645 1189 1256 646 1191 1258 648 1188 1255 645 1192 1259 649 1191 1258 648 1189 1256 646 1192 1259 649 1193 1260 650 1191 1258 648 1194 1261 651 1193 1260 650 1192 1259 649 1195 1262 652 1190 1257 647 1188 1255 645 1198 1265 654 1197 1264 645 1196 1263 653 1199 1266 652 1196 1263 653 1197 1264 645 1196 1263 653 1199 1266 652 1200 1267 655 1201 1268 647 1200 1267 655 1199 1266 652 1201 1271 647 1199 1270 652 1197 1269 645 1200 1267 655 1201 1268 647 1202 1272 656 1203 1273 646 1202 1272 656 1201 1268 647 1197 1264 645 1198 1265 654 1204 1274 648 1203 1273 646 1201 1271 647 1204 1275 648 1197 1269 645 1204 1275 648 1201 1271 647 1205 1276 657 1204 1274 648 1198 1265 654 1202 1272 656 1203 1273 646 1206 1277 658 1207 1278 649 1206 1277 658 1203 1273 646 1204 1274 648 1205 1276 657 1208 1279 650 1207 1278 649 1203 1273 646 1208 1280 650 1204 1275 648 1208 1280 650 1203 1273 646 1209 1281 659 1208 1279 650 1205 1276 657 1206 1277 658 1207 1278 649 1210 1282 660 1211 1283 651 1210 1282 660 1207 1278 649 1208 1279 650 1209 1281 659 1211 1284 651 1211 1283 651 1207 1278 649 1208 1280 650 1212 1285 661 1211 1284 651 1209 1281 659 1215 1288 630 1214 1287 628 1213 1286 627 1216 1289 629 1213 1286 627 1214 1287 628 1214 1287 628 1215 1288 630 1217 1290 631 1218 1291 632 1217 1290 631 1215 1288 630 1217 1290 631 1218 1291 632 1219 1292 633 1220 1293 634 1219 1292 633 1218 1291 632 1219 1292 633 1220 1293 634 1221 1294 635 1222 1295 636 1221 1294 635 1220 1293 634 1225 1298 638 1224 1297 639 1223 1296 637 1225 1298 638 1223 1296 637 1226 1299 640 1227 1300 641 1226 1299 640 1223 1296 637 1226 1299 640 1227 1300 641 1228 1301 642 1229 1302 643 1228 1301 642 1227 1300 641 1230 1303 644 1228 1301 642 1229 1302 643 1233 1306 646 1232 1305 647 1231 1304 645 1234 1307 648 1233 1306 646 1231 1304 645 1234 1307 648 1235 1308 649 1233 1306 646 1236 1309 650 1235 1308 649 1234 1307 648 1236 1309 650 1237 1310 651 1235 1308 649 1232 1305 647 1238 1311 652 1231 1304 645 1241 1314 652 1240 1313 645 1239 1312 653 1242 1315 654 1239 1312 653 1240 1313 645 1239 1312 653 1243 1316 655 1241 1314 652 1244 1317 647 1241 1314 652 1243 1316 655 1241 1320 652 1244 1319 647 1240 1318 645 1243 1316 655 1245 1321 656 1244 1317 647 1246 1322 646 1244 1317 647 1245 1321 656 1240 1313 645 1247 1323 648 1242 1315 654 1240 1318 645 1244 1319 647 1247 1324 648 1246 1322 646 1247 1324 648 1244 1319 647 1248 1325 657 1242 1315 654 1247 1323 648 1245 1321 656 1249 1326 658 1246 1322 646 1250 1327 649 1246 1322 646 1249 1326 658 1247 1323 648 1251 1328 650 1248 1325 657 1247 1324 648 1246 1322 646 1251 1329 650 1250 1327 649 1251 1329 650 1246 1322 646 1252 1330 659 1248 1325 657 1251 1328 650 1249 1326 658 1253 1331 660 1250 1327 649 1254 1332 651 1250 1327 649 1253 1331 660 1251 1328 650 1254 1333 651 1252 1330 659 1250 1327 649 1254 1332 651 1251 1329 650 1255 1334 661 1252 1330 659 1254 1333 651 1258 1337 664 1257 1336 663 1256 1335 662 1259 1338 665 1256 1335 662 1257 1336 663 1258 1337 664 1256 1335 662 1260 1339 666 1258 1337 664 1260 1339 666 1261 1340 667 1258 1337 664 1261 1340 667 1257 1336 663 1262 1341 668 1261 1340 667 1260 1339 666 1262 1341 668 1263 1342 669 1261 1340 667 1260 1339 666 1264 1343 670 1262 1341 668 1264 1343 670 1260 1339 666 1265 1344 671 1266 1345 672 1265 1344 671 1260 1339 666 1266 1345 672 1260 1339 666 1256 1335 662 1267 1346 673 1262 1341 668 1264 1343 670 1267 1346 673 1268 1347 674 1262 1341 668 1269 1348 675 1262 1341 668 1268 1347 674 1269 1348 675 1263 1342 669 1262 1341 668 1270 1349 676 1257 1336 663 1261 1340 667 1264 1343 670 1265 1344 671 1271 1350 677 1264 1343 670 1271 1350 677 1267 1346 673 1272 1351 678 1271 1350 677 1265 1344 671 1257 1336 663 1273 1352 679 1259 1338 665 1257 1336 663 1270 1349 676 1273 1352 679 1274 1353 680 1259 1338 665 1273 1352 679 1267 1346 673 1275 1354 681 1268 1347 674 1275 1354 681 1267 1346 673 1271 1350 677 1276 1355 682 1268 1347 674 1275 1354 681 1277 1356 683 1273 1352 679 1270 1349 676 1270 1349 676 1278 1357 684 1277 1356 683 1279 1358 685 1277 1356 683 1278 1357 684 1277 1356 683 1280 1359 686 1273 1352 679 1281 1360 687 1273 1352 679 1280 1359 686 1273 1352 679 1281 1360 687 1274 1353 680 1270 1349 676 1261 1340 667 1278 1357 684 1263 1342 669 1278 1357 684 1261 1340 667 1282 1361 688 1274 1353 680 1281 1360 687 1280 1359 686 1277 1356 683 1283 1362 689 1279 1358 685 1283 1362 689 1277 1356 683 1286 1364 692 1285 1364 691 1284 1363 690 1286 1364 692 1287 1365 693 1285 1364 691 1290 1366 692 1289 1367 690 1288 1366 691 1290 1366 692 1288 1366 691 1291 1368 693 1294 1370 696 1293 1370 695 1292 1369 694 1294 1370 696 1295 1371 697 1293 1370 695 1298 1372 696 1297 1373 694 1296 1372 695 1298 1372 696 1296 1372 695 1299 1374 697 1302 1377 700 1301 1376 699 1300 1375 698 1303 1378 701 1300 1375 698 1301 1376 699 1301 1376 699 1302 1377 700 1304 1379 702 1305 1380 703 1304 1379 702 1302 1377 700 1300 1375 698 1303 1378 701 1306 1381 704 1307 1382 705 1306 1381 704 1303 1378 701 1305 1380 703 1308 1383 706 1304 1379 702 1309 1384 707 1304 1379 702 1308 1383 706 1309 1384 707 1308 1383 706 1310 1385 708 1311 1386 709 1310 1385 708 1308 1383 706 1310 1385 708 1311 1386 709 1312 1387 710 1313 1388 711 1312 1387 710 1311 1386 709 1313 1388 711 1311 1386 709 1314 1389 712 1315 1390 713 1314 1389 712 1311 1386 709 1313 1388 711 1314 1389 712 1316 1391 714 1302 1377 700 1317 1392 715 1305 1380 703 1302 1377 700 1300 1375 698 1317 1392 715 1306 1381 704 1318 1393 716 1300 1375 698 1319 1394 717 1300 1375 698 1318 1393 716 1319 1394 717 1317 1392 715 1300 1375 698 1308 1383 706 1320 1395 718 1311 1386 709 1315 1390 713 1311 1386 709 1320 1395 718 1321 1396 719 1320 1395 718 1308 1383 706 1321 1396 719 1308 1383 706 1322 1397 720 1322 1397 720 1305 1380 703 1317 1392 715 1305 1380 703 1322 1397 720 1308 1383 706 1325 1400 723 1324 1399 722 1323 1398 721 1323 1398 721 1326 1401 724 1325 1400 723 1323 1398 721 1327 1402 725 1326 1401 724 1328 1403 726 1326 1401 724 1327 1402 725 1329 1404 727 1326 1401 724 1328 1403 726 1328 1403 726 1330 1405 728 1329 1404 727 1331 1406 729 1329 1404 727 1330 1405 728 1329 1404 727 1332 1407 730 1326 1401 724 1333 1408 731 1326 1401 724 1332 1407 730 1333 1408 731 1325 1400 723 1326 1401 724 1331 1406 729 1334 1409 732 1329 1404 727 1332 1407 730 1329 1404 727 1334 1409 732 1332 1407 730 1334 1409 732 1335 1410 733 1336 1411 734 1335 1410 733 1334 1409 732 1335 1410 733 1336 1411 734 1337 1412 735 1338 1413 736 1337 1412 735 1336 1411 734 1337 1412 735 1338 1413 736 1339 1414 737 1340 1415 738 1339 1414 737 1338 1413 736 1339 1414 737 1340 1415 738 1341 1416 739 1342 1417 740 1341 1416 739 1340 1415 738 1341 1416 739 1342 1417 740 1343 1418 741 1344 1419 742 1343 1418 741 1342 1417 740 1343 1418 741 1344 1419 742 1345 1420 743 1346 1421 744 1345 1420 743 1344 1419 742 1345 1420 743 1346 1421 744 1347 1422 745 1348 1423 746 1347 1422 745 1346 1421 744 1347 1422 745 1348 1423 746 1349 1424 747 1350 1425 748 1349 1424 747 1348 1423 746 1350 1425 748 1351 1426 749 1349 1424 747 1352 1427 750 1349 1424 747 1351 1426 749 1349 1424 747 1352 1427 750 1323 1398 721 1347 1422 745 1349 1424 747 1323 1398 721 1353 1428 751 1323 1398 721 1352 1427 750 1352 1427 750 1351 1426 749 1353 1428 751 1339 1414 737 1341 1416 739 1354 1429 752 1339 1414 737 1354 1429 752 1337 1412 735 1355 1430 753 1337 1412 735 1354 1429 752 1337 1412 735 1355 1430 753 1335 1410 733 1356 1431 754 1335 1410 733 1355 1430 753 1356 1431 754 1332 1407 730 1335 1410 733 1324 1399 722 1347 1422 745 1323 1398 721 1345 1420 743 1347 1422 745 1324 1399 722 1357 1432 755 1353 1428 751 1351 1426 749 1353 1428 751 1357 1432 755 1323 1398 721 1358 1433 756 1323 1398 721 1357 1432 755 1323 1398 721 1358 1434 756 1327 1402 725 1359 1435 757 1327 1402 725 1358 1434 756 1327 1402 725 1359 1436 757 1328 1403 726 1330 1405 728 1328 1403 726 1359 1436 757 1333 1408 731 1332 1407 730 1356 1431 754 1324 1399 722 1360 1437 758 1345 1420 743 1345 1420 743 1360 1437 758 1343 1418 741 1360 1437 758 1361 1438 759 1343 1418 741 1341 1416 739 1343 1418 741 1361 1438 759 1361 1438 759 1354 1429 752 1341 1416 739 1364 1441 762 1363 1440 761 1362 1439 760 1362 1439 760 1365 1442 763 1364 1441 762 1366 1443 764 1362 1439 760 1363 1440 761 1363 1440 761 1367 1444 765 1366 1443 764 1368 1445 766 1366 1443 764 1367 1444 765 1369 1446 767 1364 1441 762 1365 1442 763 1368 1445 766 1367 1444 765 1370 1447 768 1370 1447 768 1371 1448 769 1368 1445 766 1370 1447 768 1372 1449 770 1371 1448 769 1370 1447 768 1373 1450 771 1372 1449 770 1374 1451 772 1368 1445 766 1371 1448 769 1374 1451 772 1371 1448 769 1375 1452 773 1375 1452 773 1376 1453 774 1374 1451 772 1379 1456 701 1378 1455 699 1377 1454 698 1380 1457 700 1377 1454 698 1378 1455 699 1378 1455 699 1381 1458 702 1380 1457 700 1382 1459 703 1380 1457 700 1381 1458 702 1377 1454 698 1383 1460 704 1379 1456 701 1384 1461 705 1379 1456 701 1383 1460 704 1382 1459 703 1381 1458 702 1385 1462 706 1386 1463 707 1385 1462 706 1381 1458 702 1386 1463 707 1387 1464 708 1385 1462 706 1388 1465 709 1385 1462 706 1387 1464 708 1387 1464 708 1389 1466 710 1388 1465 709 1390 1467 711 1388 1465 709 1389 1466 710 1390 1467 711 1391 1468 712 1388 1465 709 1392 1469 713 1388 1465 709 1391 1468 712 1391 1468 712 1390 1467 711 1393 1470 714 1380 1457 700 1382 1459 703 1394 1471 715 1380 1457 700 1394 1471 715 1377 1454 698 1383 1460 704 1377 1454 698 1395 1472 716 1396 1473 717 1395 1472 716 1377 1454 698 1396 1473 717 1377 1454 698 1394 1471 715 1397 1474 720 1394 1471 715 1382 1459 703 1392 1469 713 1398 1475 718 1388 1465 709 1385 1462 706 1388 1465 709 1398 1475 718 1398 1475 718 1399 1476 719 1385 1462 706 1399 1476 719 1397 1474 720 1385 1462 706 1382 1459 703 1385 1462 706 1397 1474 720 1402 1479 722 1401 1478 723 1400 1477 721 1403 1480 724 1400 1477 721 1401 1478 723 1400 1477 721 1403 1480 724 1404 1481 725 1405 1482 726 1404 1481 725 1403 1480 724 1403 1480 724 1406 1483 727 1405 1482 726 1405 1482 726 1406 1483 727 1407 1484 728 1408 1485 729 1407 1484 728 1406 1483 727 1406 1483 727 1403 1480 724 1409 1486 730 1410 1487 731 1409 1486 730 1403 1480 724 1401 1478 723 1410 1487 731 1403 1480 724 1409 1486 730 1411 1488 732 1406 1483 727 1408 1485 729 1406 1483 727 1411 1488 732 1409 1486 730 1412 1489 733 1411 1488 732 1413 1490 734 1411 1488 732 1412 1489 733 1412 1489 733 1414 1491 735 1413 1490 734 1415 1492 736 1413 1490 734 1414 1491 735 1414 1491 735 1416 1493 737 1415 1492 736 1417 1494 738 1415 1492 736 1416 1493 737 1416 1493 737 1418 1495 739 1417 1494 738 1419 1496 740 1417 1494 738 1418 1495 739 1418 1495 739 1420 1497 741 1419 1496 740 1421 1498 742 1419 1496 740 1420 1497 741 1420 1497 741 1422 1499 743 1421 1498 742 1423 1500 744 1421 1498 742 1422 1499 743 1422 1499 743 1424 1501 745 1423 1500 744 1425 1502 746 1423 1500 744 1424 1501 745 1424 1501 745 1426 1503 747 1425 1502 746 1427 1504 748 1425 1502 746 1426 1503 747 1427 1504 748 1426 1503 747 1428 1505 749 1429 1506 750 1428 1505 749 1426 1503 747 1426 1503 747 1400 1477 721 1429 1506 750 1426 1503 747 1424 1501 745 1400 1477 721 1430 1507 751 1429 1506 750 1400 1477 721 1429 1506 750 1430 1507 751 1428 1505 749 1416 1493 737 1431 1508 752 1418 1495 739 1416 1493 737 1414 1491 735 1431 1508 752 1432 1509 753 1431 1508 752 1414 1491 735 1414 1491 735 1412 1489 733 1432 1509 753 1433 1510 754 1432 1509 753 1412 1489 733 1409 1486 730 1433 1510 754 1412 1489 733 1424 1501 745 1402 1479 722 1400 1477 721 1424 1501 745 1422 1499 743 1402 1479 722 1434 1511 755 1428 1505 749 1430 1507 751 1430 1507 751 1400 1477 721 1434 1511 755 1435 1512 756 1434 1511 755 1400 1477 721 1400 1477 721 1404 1481 725 1435 1513 756 1436 1514 757 1435 1513 756 1404 1481 725 1404 1481 725 1405 1482 726 1436 1515 757 1407 1484 728 1436 1515 757 1405 1482 726 1409 1486 730 1410 1487 731 1433 1510 754 1437 1516 758 1402 1479 722 1422 1499 743 1437 1516 758 1422 1499 743 1420 1497 741 1437 1516 758 1420 1497 741 1438 1517 759 1418 1495 739 1438 1517 759 1420 1497 741 1438 1517 759 1418 1495 739 1431 1508 752 1441 1520 761 1440 1519 762 1439 1518 760 1442 1521 763 1439 1518 760 1440 1519 762 1439 1518 760 1443 1522 764 1441 1520 761 1444 1523 765 1441 1520 761 1443 1522 764 1443 1522 764 1445 1524 766 1444 1523 765 1440 1519 762 1446 1525 767 1442 1521 763 1444 1523 765 1445 1524 766 1447 1526 768 1448 1527 769 1447 1526 768 1445 1524 766 1449 1528 770 1447 1526 768 1448 1527 769 1450 1529 771 1447 1526 768 1449 1528 770 1445 1524 766 1451 1530 772 1448 1527 769 1448 1527 769 1451 1530 772 1452 1531 773 1453 1532 774 1452 1531 773 1451 1530 772 1456 1535 777 1455 1534 776 1454 1533 775 1457 1536 778 1454 1533 775 1455 1534 776 1455 1534 776 1456 1535 777 1458 1537 779 1459 1538 780 1458 1537 779 1456 1535 777 1458 1537 779 1459 1538 780 1460 1539 781 1461 1540 782 1460 1539 781 1459 1538 780 1460 1539 781 1461 1540 782 1462 1541 783 1463 1542 784 1462 1541 783 1461 1540 782 1462 1541 783 1463 1542 784 1464 1543 785 1465 1544 786 1464 1543 785 1463 1542 784 1464 1543 785 1465 1544 786 1466 1545 787 1467 1546 788 1466 1545 787 1465 1544 786 1454 1533 775 1468 1547 789 1456 1535 777 1469 1548 790 1456 1535 777 1468 1547 789 1456 1535 777 1469 1548 790 1459 1538 780 1470 1549 791 1459 1538 780 1469 1548 790 1459 1538 780 1470 1549 791 1461 1540 782 1471 1550 792 1461 1540 782 1470 1549 791 1461 1540 782 1471 1550 792 1463 1542 784 1472 1551 793 1463 1542 784 1471 1550 792 1463 1542 784 1472 1551 793 1465 1544 786 1473 1552 794 1465 1544 786 1472 1551 793 1465 1544 786 1473 1552 794 1467 1546 788 1474 1553 795 1467 1546 788 1473 1552 794 1466 1545 787 1475 1554 796 1464 1543 785 1476 1555 797 1464 1543 785 1475 1554 796 1464 1543 785 1476 1555 797 1462 1541 783 1477 1556 798 1462 1541 783 1476 1555 797 1462 1541 783 1477 1556 798 1460 1539 781 1478 1557 799 1460 1539 781 1477 1556 798 1460 1539 781 1478 1557 799 1458 1537 779 1479 1558 800 1458 1537 779 1478 1557 799 1458 1537 779 1479 1558 800 1455 1534 776 1480 1559 801 1455 1534 776 1479 1558 800 1455 1534 776 1480 1559 801 1457 1536 778 1481 1560 802 1457 1536 778 1480 1559 801 1484 1563 778 1483 1562 776 1482 1561 775 1485 1564 777 1482 1561 775 1483 1562 776 1483 1562 776 1486 1565 779 1485 1564 777 1487 1566 780 1485 1564 777 1486 1565 779 1486 1565 779 1488 1567 781 1487 1566 780 1489 1568 782 1487 1566 780 1488 1567 781 1488 1567 781 1490 1569 783 1489 1568 782 1491 1570 784 1489 1568 782 1490 1569 783 1490 1569 783 1492 1571 785 1491 1570 784 1493 1572 786 1491 1570 784 1492 1571 785 1492 1571 785 1494 1573 787 1493 1572 786 1495 1574 788 1493 1572 786 1494 1573 787 1482 1561 775 1485 1564 777 1496 1575 789 1497 1576 790 1496 1575 789 1485 1564 777 1485 1564 777 1487 1566 780 1497 1576 790 1498 1577 791 1497 1576 790 1487 1566 780 1487 1566 780 1489 1568 782 1498 1577 791 1499 1578 792 1498 1577 791 1489 1568 782 1489 1568 782 1491 1570 784 1499 1578 792 1500 1579 793 1499 1578 792 1491 1570 784 1491 1570 784 1493 1572 786 1500 1579 793 1501 1580 794 1500 1579 793 1493 1572 786 1493 1572 786 1495 1574 788 1501 1580 794 1502 1581 795 1501 1580 794 1495 1574 788 1494 1573 787 1492 1571 785 1503 1582 796 1504 1583 797 1503 1582 796 1492 1571 785 1492 1571 785 1490 1569 783 1504 1583 797 1505 1584 798 1504 1583 797 1490 1569 783 1490 1569 783 1488 1567 781 1505 1584 798 1506 1585 799 1505 1584 798 1488 1567 781 1488 1567 781 1486 1565 779 1506 1585 799 1507 1586 800 1506 1585 799 1486 1565 779 1486 1565 779 1483 1562 776 1507 1586 800 1508 1587 801 1507 1586 800 1483 1562 776 1483 1562 776 1484 1563 778 1508 1587 801 1509 1588 802 1508 1587 801 1484 1563 778 1512 1591 805 1511 1590 804 1510 1589 803 1510 1589 803 1513 1592 806 1512 1591 805 1514 1593 807 1511 1590 804 1512 1591 805 1510 1589 803 1511 1590 804 1515 1594 808 1516 1595 809 1515 1594 808 1511 1590 804 1517 1596 810 1515 1594 808 1516 1595 809 1516 1595 809 1518 1597 811 1517 1596 810 1519 1598 812 1517 1596 810 1518 1597 811 1519 1598 812 1520 1599 813 1517 1596 810 1521 1600 814 1519 1598 812 1518 1597 811 1521 1600 814 1522 1601 815 1519 1598 812 1522 1601 815 1520 1599 813 1519 1598 812 1523 1602 816 1522 1601 815 1521 1600 814 1511 1590 804 1524 1603 817 1516 1595 809 1518 1597 811 1516 1595 809 1524 1603 817 1515 1594 808 1525 1604 818 1510 1589 803 1526 1605 819 1510 1589 803 1525 1604 818 1515 1594 808 1527 1606 820 1525 1604 818 1528 1607 821 1525 1604 818 1527 1606 820 1528 1607 821 1526 1605 819 1525 1604 818 1513 1592 806 1510 1589 803 1526 1605 819 1529 1608 822 1527 1606 820 1515 1594 808 1529 1608 822 1515 1594 808 1517 1596 810 1530 1609 823 1523 1602 816 1521 1600 814 1521 1600 814 1531 1610 824 1530 1609 823 1532 1611 825 1530 1609 823 1531 1610 824 1533 1612 826 1532 1611 825 1531 1610 824 1533 1612 826 1531 1610 824 1534 1613 827 1535 1614 828 1534 1613 827 1531 1610 824 1531 1610 824 1536 1616 829 1535 1615 828 1531 1610 824 1537 1617 830 1536 1616 829 1535 1615 828 1536 1616 829 1538 1618 831 1538 1619 831 1534 1613 827 1535 1614 828 1539 1620 832 1532 1611 825 1533 1612 826 1533 1612 826 1534 1621 827 1539 1620 832 1540 1622 833 1530 1609 823 1532 1611 825 1540 1622 833 1532 1611 825 1539 1620 832 1539 1620 832 1534 1621 827 1541 1623 834 1541 1623 834 1534 1621 827 1538 1624 831 1531 1610 824 1521 1600 814 1537 1617 830 1518 1597 811 1537 1617 830 1521 1600 814 1536 1616 829 1537 1617 830 1524 1603 817 1518 1597 811 1524 1603 817 1537 1617 830 1542 1625 835 1538 1618 831 1536 1616 829 1524 1603 817 1542 1625 835 1536 1616 829 1524 1603 817 1511 1590 804 1542 1625 835 1543 1626 836 1538 1618 831 1542 1625 835 1543 1626 836 1542 1625 835 1514 1593 807 1542 1625 835 1511 1590 804 1514 1593 807 1540 1622 833 1539 1620 832 1544 1627 837 1540 1622 833 1544 1627 837 1530 1609 823 1545 1628 838 1530 1609 823 1544 1627 837 1530 1609 823 1545 1628 838 1523 1602 816 1517 1596 810 1546 1629 839 1529 1608 822 1547 1630 840 1529 1608 822 1546 1629 839 1520 1599 813 1546 1629 839 1517 1596 810 1547 1630 840 1527 1606 820 1529 1608 822 1550 1633 843 1549 1632 842 1548 1631 841 1551 1634 844 1548 1631 841 1549 1632 842 1548 1631 841 1552 1635 845 1550 1633 843 1553 1636 846 1550 1633 843 1552 1635 845 1549 1632 842 1554 1637 847 1551 1634 844 1555 1638 848 1551 1634 844 1554 1637 847 1551 1634 844 1556 1639 849 1548 1631 841 1557 1640 850 1548 1631 841 1556 1639 849 1548 1631 841 1557 1640 850 1552 1635 845 1558 1641 851 1552 1635 845 1557 1640 850 1555 1638 848 1559 1642 852 1551 1634 844 1556 1639 849 1551 1634 844 1559 1642 852 1556 1639 849 1560 1643 853 1557 1640 850 1561 1644 854 1557 1640 850 1560 1643 853 1557 1640 850 1561 1644 854 1558 1641 851 1562 1645 855 1558 1641 851 1561 1644 854 1559 1642 852 1563 1646 856 1556 1639 849 1560 1643 853 1556 1639 849 1563 1646 856 1566 1649 859 1565 1648 858 1564 1647 857 1567 1650 860 1564 1647 857 1565 1648 858 1564 1647 857 1568 1651 861 1566 1649 859 1569 1652 862 1566 1649 859 1568 1651 861 1565 1648 858 1570 1653 863 1567 1650 860 1571 1654 864 1567 1650 860 1570 1653 863 1567 1650 860 1572 1655 865 1564 1647 857 1573 1656 866 1564 1647 857 1572 1655 865 1564 1647 857 1573 1656 866 1568 1651 861 1574 1657 867 1568 1651 861 1573 1656 866 1571 1654 864 1575 1658 868 1567 1650 860 1572 1655 865 1567 1650 860 1575 1658 868 1578 1661 871 1577 1660 870 1576 1659 869 1579 1662 872 1576 1659 869 1577 1660 870 1577 1660 870 1580 1663 873 1579 1662 872 1580 1663 873 1581 1664 874 1579 1662 872 1581 1664 874 1582 1665 875 1579 1662 872 1582 1665 875 1583 1666 876 1579 1662 872 1576 1659 869 1579 1662 872 1583 1666 876 1583 1666 876 1582 1665 875 1584 1667 877 1585 1668 878 1582 1665 875 1581 1664 874 1581 1664 874 1580 1663 873 1586 1669 879 1587 1670 880 1581 1664 874 1586 1669 879 1587 1670 880 1585 1668 878 1581 1664 874 1580 1663 873 1588 1671 881 1586 1669 879 1589 1672 882 1580 1663 873 1577 1660 870 1589 1672 882 1588 1671 881 1580 1663 873 1587 1670 880 1590 1673 883 1585 1668 878 1590 1673 883 1587 1670 880 1591 1674 884 1590 1673 883 1591 1674 884 1592 1675 885 1593 1676 886 1592 1675 885 1591 1674 884 1591 1674 884 1594 1677 887 1593 1676 886 1594 1677 887 1595 1678 888 1593 1676 886 1595 1678 888 1594 1677 887 1596 1679 889 1597 1680 890 1596 1679 889 1594 1677 887 1597 1680 890 1594 1677 887 1598 1681 891 1599 1682 892 1598 1681 891 1594 1677 887 1587 1670 880 1599 1682 892 1591 1674 884 1599 1682 892 1594 1677 887 1591 1674 884 1587 1670 880 1586 1669 879 1599 1682 892 1593 1676 886 1595 1678 888 1600 1683 893 1593 1676 886 1600 1683 893 1601 1684 894 1601 1684 894 1600 1683 893 1602 1685 895 1601 1684 894 1603 1686 896 1593 1676 886 1593 1676 886 1603 1686 896 1592 1675 885 1599 1682 892 1604 1687 897 1598 1681 891 1605 1688 898 1604 1687 897 1599 1682 892 1586 1669 879 1605 1688 898 1599 1682 892 1586 1669 879 1588 1671 881 1605 1688 898 1606 1689 899 1605 1688 898 1588 1671 881 1605 1688 898 1606 1689 899 1604 1687 897 1607 1690 900 1604 1687 897 1606 1689 899 1610 1693 903 1609 1692 902 1608 1691 901 1608 1691 901 1611 1694 904 1610 1693 903 1609 1692 902 1612 1695 905 1608 1691 901 1609 1692 902 1613 1696 906 1612 1695 905 1609 1692 902 1614 1697 907 1613 1696 906 1614 1697 907 1615 1698 908 1613 1696 906 1611 1694 904 1616 1699 909 1610 1693 903 1616 1699 909 1617 1700 910 1610 1693 903 1616 1699 909 1618 1701 911 1617 1700 910 1619 1702 912 1617 1700 910 1618 1701 911 1614 1697 907 1620 1703 913 1615 1698 908 1620 1703 913 1621 1704 914 1615 1698 908 1621 1704 914 1620 1703 913 1622 1705 915 1623 1706 916 1622 1705 915 1620 1703 913 1619 1702 912 1618 1701 911 1624 1707 917 1610 1693 903 1625 1708 918 1609 1692 902 1617 1700 910 1626 1709 919 1610 1693 903 1625 1708 918 1610 1693 903 1626 1709 919 1619 1702 912 1627 1710 920 1617 1700 910 1626 1709 919 1617 1700 910 1627 1710 920 1620 1703 913 1614 1697 907 1628 1711 921 1623 1712 916 1620 1703 913 1628 1711 921 1629 1713 922 1628 1711 921 1614 1697 907 1628 1711 921 1630 1714 923 1623 1712 916 1628 1711 921 1631 1715 924 1630 1714 923 1628 1711 921 1629 1713 922 1631 1715 924 1632 1716 925 1630 1714 923 1631 1715 924 1633 1717 926 1631 1715 924 1629 1713 922 1633 1717 926 1629 1713 922 1634 1718 927 1634 1718 927 1635 1719 928 1633 1717 926 1636 1720 929 1634 1718 927 1629 1713 922 1636 1720 929 1609 1692 902 1625 1708 918 1636 1720 929 1629 1713 922 1609 1692 902 1614 1697 907 1609 1692 902 1629 1713 922 1625 1708 918 1637 1721 930 1636 1720 929 1634 1718 927 1636 1720 929 1637 1721 930 1625 1708 918 1638 1722 931 1637 1721 930 1639 1723 932 1632 1716 925 1631 1715 924 1640 1724 933 1631 1715 924 1633 1717 926 1637 1721 930 1638 1722 931 1641 1725 934 1641 1725 934 1642 1726 935 1637 1721 930 1637 1721 930 1642 1726 935 1634 1718 927 1634 1718 927 1642 1726 935 1643 1727 936 1638 1722 931 1625 1708 918 1644 1728 937 1644 1728 937 1645 1729 938 1638 1722 931 1626 1709 919 1644 1728 937 1625 1708 918 1626 1709 919 1627 1710 920 1644 1728 937 1646 1730 939 1644 1728 937 1627 1710 920 1644 1728 937 1646 1730 939 1647 1731 940 1648 1732 941 1631 1715 924 1640 1724 933 1584 1667 877 1649 1733 942 1583 1666 876 1652 1736 945 1651 1735 944 1650 1734 943 1653 1737 946 1650 1734 943 1651 1735 944 1651 1735 944 1654 1738 947 1653 1737 946 1655 1739 948 1653 1737 946 1654 1738 947 1654 1738 947 1656 1740 949 1655 1739 948 1657 1741 950 1655 1739 948 1656 1740 949 1656 1740 949 1658 1742 951 1657 1741 950 1659 1743 952 1657 1741 950 1658 1742 951 1658 1742 951 1660 1744 953 1659 1743 952 1661 1745 954 1659 1743 952 1660 1744 953 1660 1744 953 1662 1746 955 1661 1745 954 1663 1747 956 1661 1745 954 1662 1746 955 1651 1735 944 1652 1736 945 1664 1748 957 1665 1749 958 1664 1748 957 1652 1736 945 1664 1748 957 1665 1749 958 1666 1750 959 1667 1751 960 1666 1750 959 1665 1749 958 1666 1750 959 1668 1752 961 1664 1748 957 1669 1753 962 1664 1748 957 1668 1752 961 1668 1752 961 1670 1754 963 1669 1753 962 1671 1755 964 1669 1753 962 1670 1754 963 1670 1754 963 1672 1756 965 1671 1755 964 1673 1757 966 1671 1755 964 1672 1756 965 1672 1756 965 1674 1758 967 1673 1757 966 1675 1759 968 1673 1757 966 1674 1758 967 1674 1758 967 1676 1760 969 1675 1759 968 1677 1761 970 1675 1759 968 1676 1760 969 1669 1753 962 1671 1755 964 1654 1738 947 1656 1740 949 1654 1738 947 1671 1755 964 1671 1755 964 1673 1757 966 1656 1740 949 1658 1742 951 1656 1740 949 1673 1757 966 1673 1757 966 1675 1759 968 1658 1742 951 1675 1759 968 1677 1761 970 1660 1744 953 1660 1744 953 1658 1742 951 1675 1759 968 1662 1746 955 1660 1744 953 1677 1761 970 1654 1738 947 1651 1735 944 1669 1753 962 1664 1748 957 1669 1753 962 1651 1735 944 1672 1756 965 1670 1754 963 1678 1762 971 1679 1763 972 1678 1762 971 1670 1754 963 1678 1762 971 1679 1763 972 1680 1764 973 1681 1765 974 1680 1764 973 1679 1763 972 1679 1763 972 1682 1766 975 1681 1765 974 1683 1767 976 1681 1765 974 1682 1766 975 1680 1764 973 1684 1768 977 1678 1762 971 1685 1769 978 1678 1762 971 1684 1768 977 1684 1768 977 1686 1770 979 1685 1769 978 1687 1771 980 1685 1769 978 1686 1770 979 1682 1766 975 1688 1772 981 1683 1767 976 1689 1773 982 1683 1767 976 1688 1772 981 1688 1772 981 1690 1774 983 1689 1773 982 1691 1775 984 1689 1773 982 1690 1774 983 1692 1776 985 1689 1773 982 1691 1775 984 1680 1764 973 1681 1765 974 1693 1777 986 1694 1778 987 1693 1777 986 1681 1765 974 1684 1768 977 1695 1779 988 1686 1770 979 1693 1777 986 1695 1779 988 1680 1764 973 1684 1768 977 1680 1764 973 1695 1779 988 1696 1780 989 1686 1770 979 1695 1779 988 1690 1774 983 1688 1772 981 1667 1751 960 1666 1750 959 1667 1751 960 1688 1772 981 1685 1769 978 1687 1771 980 1674 1758 967 1676 1760 969 1674 1758 967 1687 1771 980 1674 1758 967 1672 1756 965 1685 1769 978 1688 1772 981 1682 1766 975 1666 1750 959 1668 1752 961 1666 1750 959 1682 1766 975 1682 1766 975 1679 1763 972 1668 1752 961 1670 1754 963 1668 1752 961 1679 1763 972 1697 1781 990 1692 1776 985 1691 1775 984 1698 1782 991 1692 1776 985 1697 1781 990 1694 1778 987 1699 1783 992 1693 1777 986 1700 1784 993 1693 1777 986 1699 1783 992 1701 1785 994 1699 1783 992 1694 1778 987 1696 1780 989 1695 1779 988 1702 1786 995 1695 1779 988 1703 1787 996 1702 1786 995 1703 1787 996 1695 1779 988 1704 1788 997 1693 1777 986 1700 1784 993 1704 1788 997 1695 1779 988 1693 1777 986 1704 1788 997 1705 1789 998 1696 1780 989 1702 1786 995 1701 1785 994 1694 1778 987 1706 1790 999 1694 1778 987 1707 1791 1000 1706 1790 999 1708 1792 1001 1706 1790 999 1707 1791 1000 1708 1792 1001 1709 1793 1002 1706 1790 999 1710 1794 1003 1709 1793 1002 1708 1792 1001 1711 1795 1004 1709 1793 1002 1710 1794 1003 1710 1794 1003 1712 1796 1005 1711 1795 1004 1710 1794 1003 1708 1792 1001 1713 1797 1006 1710 1794 1003 1683 1767 976 1712 1796 1005 1683 1767 976 1689 1773 982 1712 1796 1005 1714 1798 1007 1706 1790 999 1709 1793 1002 1707 1791 1000 1694 1778 987 1715 1799 1008 1681 1765 974 1715 1799 1008 1694 1778 987 1713 1797 1006 1716 1800 1009 1710 1794 1003 1683 1767 976 1710 1794 1003 1716 1800 1009 1683 1767 976 1716 1800 1009 1681 1765 974 1715 1799 1008 1681 1765 974 1716 1800 1009 1712 1796 1005 1689 1773 982 1717 1801 1010 1692 1776 985 1717 1801 1010 1689 1773 982 1712 1796 1005 1717 1801 1010 1718 1802 1011 1718 1802 1011 1717 1801 1010 1719 1803 1012 1717 1801 1010 1692 1776 985 1719 1803 1012 1720 1804 1013 1719 1803 1012 1692 1776 985 1678 1762 971 1685 1769 978 1672 1756 965 1723 1807 872 1722 1806 870 1721 1805 869 1724 1808 871 1721 1805 869 1722 1806 870 1725 1809 873 1722 1806 870 1723 1807 872 1726 1810 874 1725 1809 873 1723 1807 872 1727 1811 875 1726 1810 874 1723 1807 872 1728 1812 876 1727 1811 875 1723 1807 872 1723 1807 872 1721 1805 869 1728 1812 876 1727 1811 875 1728 1812 876 1729 1813 877 1727 1811 875 1730 1814 878 1726 1810 874 1725 1809 873 1726 1810 874 1731 1815 879 1726 1810 874 1732 1816 880 1731 1815 879 1730 1814 878 1732 1816 880 1726 1810 874 1733 1817 881 1725 1809 873 1731 1815 879 1725 1809 873 1734 1818 882 1722 1806 870 1733 1817 881 1734 1818 882 1725 1809 873 1735 1819 883 1732 1816 880 1730 1814 878 1732 1816 880 1735 1819 883 1736 1820 884 1736 1820 884 1735 1819 883 1737 1821 885 1737 1821 885 1738 1822 886 1736 1820 884 1739 1823 887 1736 1820 884 1738 1822 886 1740 1824 888 1739 1823 887 1738 1822 886 1740 1824 888 1741 1825 889 1739 1823 887 1742 1826 890 1739 1823 887 1741 1825 889 1742 1826 890 1743 1827 891 1739 1823 887 1744 1828 892 1739 1823 887 1743 1827 891 1744 1828 892 1732 1816 880 1736 1820 884 1739 1823 887 1744 1828 892 1736 1820 884 1731 1815 879 1732 1816 880 1744 1828 892 1740 1824 888 1738 1822 886 1745 1829 893 1745 1829 893 1738 1822 886 1746 1830 894 1745 1829 893 1746 1830 894 1747 1831 895 1748 1832 896 1746 1830 894 1738 1822 886 1748 1832 896 1738 1822 886 1737 1821 885 1749 1833 897 1744 1828 892 1743 1827 891 1749 1833 897 1750 1834 898 1744 1828 892 1750 1834 898 1731 1815 879 1744 1828 892 1731 1815 879 1750 1834 898 1733 1817 881 1751 1835 899 1733 1817 881 1750 1834 898 1750 1834 898 1749 1833 897 1751 1835 899 1752 1836 900 1751 1835 899 1749 1833 897 1755 1839 902 1754 1838 903 1753 1837 901 1756 1840 904 1753 1837 901 1754 1838 903 1757 1841 905 1755 1839 902 1753 1837 901 1758 1842 906 1755 1839 902 1757 1841 905 1759 1843 907 1755 1839 902 1758 1842 906 1760 1844 908 1759 1843 907 1758 1842 906 1761 1845 909 1756 1840 904 1754 1838 903 1762 1846 910 1761 1845 909 1754 1838 903 1763 1847 911 1761 1845 909 1762 1846 910 1762 1846 910 1764 1848 912 1763 1847 911 1765 1849 913 1759 1843 907 1760 1844 908 1766 1850 914 1765 1849 913 1760 1844 908 1766 1850 914 1767 1851 915 1765 1849 913 1768 1852 916 1765 1849 913 1767 1851 915 1763 1847 911 1764 1848 912 1769 1853 917 1754 1838 903 1755 1839 902 1770 1854 918 1770 1854 918 1771 1855 919 1754 1838 903 1762 1846 910 1754 1838 903 1771 1855 919 1771 1855 919 1772 1856 920 1762 1846 910 1764 1848 912 1762 1846 910 1772 1856 920 1765 1849 913 1773 1857 921 1759 1843 907 1765 1849 913 1768 1858 916 1773 1857 921 1774 1859 922 1759 1843 907 1773 1857 921 1775 1860 923 1773 1857 921 1768 1858 916 1773 1857 921 1775 1860 923 1776 1861 924 1773 1857 921 1776 1861 924 1774 1859 922 1777 1862 925 1776 1861 924 1775 1860 923 1778 1863 926 1774 1859 922 1776 1861 924 1778 1863 926 1779 1864 927 1774 1859 922 1780 1865 928 1779 1864 927 1778 1863 926 1781 1866 929 1774 1859 922 1779 1864 927 1781 1866 929 1770 1854 918 1755 1839 902 1781 1866 929 1755 1839 902 1774 1859 922 1759 1843 907 1774 1859 922 1755 1839 902 1779 1864 927 1782 1867 930 1781 1866 929 1770 1854 918 1781 1866 929 1782 1867 930 1783 1868 931 1770 1854 918 1782 1867 930 1771 1855 919 1784 1869 937 1772 1856 920 1785 1870 939 1772 1856 920 1784 1869 937 1777 1862 925 1786 1871 932 1776 1861 924 1776 1861 924 1787 1872 933 1778 1863 926 1785 1870 939 1784 1869 937 1788 1873 940 1783 1868 931 1782 1867 930 1789 1874 934 1790 1875 935 1789 1874 934 1782 1867 930 1790 1875 935 1782 1867 930 1779 1864 927 1790 1875 935 1779 1864 927 1791 1876 936 1792 1877 938 1784 1869 937 1783 1868 931 1783 1868 931 1784 1869 937 1770 1854 918 1771 1855 919 1770 1854 918 1784 1869 937 1776 1861 924 1793 1878 941 1787 1872 933 1794 1879 942 1729 1813 877 1728 1812 876 1797 1882 946 1796 1881 944 1795 1880 943 1798 1883 945 1795 1880 943 1796 1881 944 1796 1881 944 1797 1882 946 1799 1884 947 1800 1885 948 1799 1884 947 1797 1882 946 1799 1884 947 1800 1885 948 1801 1886 949 1802 1887 950 1801 1886 949 1800 1885 948 1801 1886 949 1802 1887 950 1803 1888 951 1804 1889 952 1803 1888 951 1802 1887 950 1803 1888 951 1804 1889 952 1805 1890 953 1806 1891 954 1805 1890 953 1804 1889 952 1805 1890 953 1806 1891 954 1807 1892 955 1808 1893 956 1807 1892 955 1806 1891 954 1796 1881 944 1809 1894 957 1798 1883 945 1810 1895 958 1798 1883 945 1809 1894 957 1809 1894 957 1811 1896 959 1810 1895 958 1812 1897 960 1810 1895 958 1811 1896 959 1811 1896 959 1809 1894 957 1813 1898 961 1814 1899 962 1813 1898 961 1809 1894 957 1813 1898 961 1814 1899 962 1815 1900 963 1816 1901 964 1815 1900 963 1814 1899 962 1815 1900 963 1816 1901 964 1817 1902 965 1818 1903 966 1817 1902 965 1816 1901 964 1817 1902 965 1818 1903 966 1819 1904 967 1820 1905 968 1819 1904 967 1818 1903 966 1819 1904 967 1820 1905 968 1821 1906 969 1822 1907 970 1821 1906 969 1820 1905 968 1814 1899 962 1799 1884 947 1816 1901 964 1801 1886 949 1816 1901 964 1799 1884 947 1816 1901 964 1801 1886 949 1818 1903 966 1803 1888 951 1818 1903 966 1801 1886 949 1818 1903 966 1803 1888 951 1820 1905 968 1820 1905 968 1805 1890 953 1822 1907 970 1805 1890 953 1820 1905 968 1803 1888 951 1807 1892 955 1822 1907 970 1805 1890 953 1799 1884 947 1814 1899 962 1796 1881 944 1809 1894 957 1796 1881 944 1814 1899 962 1817 1902 965 1823 1908 971 1815 1900 963 1824 1909 972 1815 1900 963 1823 1908 971 1823 1908 971 1825 1910 973 1824 1909 972 1826 1911 974 1824 1909 972 1825 1910 973 1824 1909 972 1826 1911 974 1827 1912 975 1828 1913 976 1827 1912 975 1826 1911 974 1825 1910 973 1823 1908 971 1829 1914 977 1830 1915 978 1829 1914 977 1823 1908 971 1829 1914 977 1830 1915 978 1831 1916 979 1832 1917 980 1831 1916 979 1830 1915 978 1827 1912 975 1828 1913 976 1833 1918 981 1834 1919 982 1833 1918 981 1828 1913 976 1833 1918 981 1834 1919 982 1835 1920 983 1836 1921 984 1835 1920 983 1834 1919 982 1834 1919 982 1837 1922 985 1836 1921 984 1825 1910 973 1838 1923 986 1826 1911 974 1839 1924 987 1826 1911 974 1838 1923 986 1829 1914 977 1831 1916 979 1840 1925 988 1829 1914 977 1840 1925 988 1825 1910 973 1838 1923 986 1825 1910 973 1840 1925 988 1841 1926 989 1840 1925 988 1831 1916 979 1835 1920 983 1812 1897 960 1833 1918 981 1811 1896 959 1833 1918 981 1812 1897 960 1830 1915 978 1819 1904 967 1832 1917 980 1821 1906 969 1832 1917 980 1819 1904 967 1819 1904 967 1830 1915 978 1817 1902 965 1823 1908 971 1817 1902 965 1830 1915 978 1833 1918 981 1811 1896 959 1827 1912 975 1813 1898 961 1827 1912 975 1811 1896 959 1827 1912 975 1813 1898 961 1824 1909 972 1815 1900 963 1824 1909 972 1813 1898 961 1842 1927 992 1839 1924 987 1838 1923 986 1842 1927 992 1843 1928 994 1839 1924 987 1840 1925 988 1841 1926 989 1844 1929 995 1845 1930 996 1840 1925 988 1844 1929 995 1840 1925 988 1845 1930 996 1846 1931 997 1838 1923 986 1840 1925 988 1846 1931 997 1838 1923 986 1847 1932 993 1842 1927 992 1847 1932 993 1838 1923 986 1846 1931 997 1839 1924 987 1843 1928 994 1848 1933 999 1839 1924 987 1848 1933 999 1849 1934 1000 1850 1935 1001 1849 1934 1000 1848 1933 999 1850 1935 1001 1848 1933 999 1851 1936 1002 1851 1936 1002 1852 1937 1003 1850 1935 1001 1851 1936 1002 1853 1938 1004 1852 1937 1003 1854 1939 1005 1852 1937 1003 1853 1938 1004 1850 1935 1001 1852 1937 1003 1855 1940 1006 1828 1913 976 1852 1937 1003 1854 1939 1005 1834 1919 982 1828 1913 976 1854 1939 1005 1856 1941 1007 1851 1936 1002 1848 1933 999 1849 1934 1000 1857 1942 1008 1839 1924 987 1826 1911 974 1839 1924 987 1857 1942 1008 1828 1913 976 1858 1943 1009 1852 1937 1003 1855 1940 1006 1852 1937 1003 1858 1943 1009 1857 1942 1008 1858 1943 1009 1826 1911 974 1828 1913 976 1826 1911 974 1858 1943 1009 1834 1919 982 1854 1939 1005 1859 1944 1010 1859 1944 1010 1837 1922 985 1834 1919 982 1859 1944 1010 1854 1939 1005 1860 1945 1011 1859 1944 1010 1860 1945 1011 1861 1946 1012 1859 1944 1010 1861 1946 1012 1837 1922 985 1862 1947 1013 1837 1922 985 1861 1946 1012 1837 1922 985 1864 1949 991 1863 1948 990 1837 1922 985 1863 1948 990 1836 1921 984 1841 1926 989 1865 1950 998 1844 1929 995 1868 1953 1016 1867 1952 1015 1866 1951 1014 1869 1954 1017 1866 1951 1014 1867 1952 1015 1868 1953 1016 1866 1951 1014 1870 1955 1018 1871 1956 1019 1870 1955 1018 1866 1951 1014 1871 1956 1019 1872 1957 1020 1870 1955 1018 1873 1958 1021 1870 1955 1018 1872 1957 1020 1872 1957 1020 1874 1959 1022 1873 1958 1021 1875 1960 1023 1873 1958 1021 1874 1959 1022 1875 1960 1023 1874 1959 1022 1876 1961 1024 1877 1962 1025 1876 1961 1024 1874 1959 1022 1876 1961 1024 1877 1962 1025 1878 1963 1026 1879 1964 1027 1878 1963 1026 1877 1962 1025 1873 1958 1021 1875 1960 1023 1880 1965 1028 1873 1958 1021 1880 1965 1028 1870 1955 1018 1881 1966 1029 1880 1965 1028 1875 1960 1023 1880 1965 1028 1881 1966 1029 1882 1967 1030 1882 1967 1030 1883 1968 1031 1880 1965 1028 1884 1969 1032 1880 1965 1028 1883 1968 1031 1884 1969 1032 1870 1955 1018 1880 1965 1028 1885 1970 1033 1882 1967 1030 1881 1966 1029 1881 1966 1029 1886 1971 1034 1885 1970 1033 1876 1961 1024 1886 1971 1034 1875 1960 1023 1881 1966 1029 1875 1960 1023 1886 1971 1034 1887 1972 1035 1885 1970 1033 1886 1971 1034 1887 1972 1035 1886 1971 1034 1888 1973 1036 1889 1974 1037 1888 1973 1036 1886 1971 1034 1878 1963 1026 1889 1974 1037 1876 1961 1024 1886 1971 1034 1876 1961 1024 1889 1974 1037 1883 1968 1031 1890 1975 1038 1884 1969 1032 1891 1976 1039 1884 1969 1032 1890 1975 1038 1890 1975 1038 1892 1977 1040 1891 1976 1039 1893 1978 1041 1891 1976 1039 1892 1977 1040 1890 1975 1038 1894 1979 1042 1892 1977 1040 1895 1980 1043 1892 1977 1040 1894 1979 1042 1882 1967 1030 1896 1981 1044 1883 1968 1031 1897 1982 1045 1883 1968 1031 1896 1981 1044 1883 1968 1031 1897 1982 1045 1890 1975 1038 1894 1979 1042 1890 1975 1038 1897 1982 1045 1888 1973 1036 1898 1983 1046 1887 1972 1035 1899 1984 1047 1887 1972 1035 1898 1983 1046 1887 1972 1035 1899 1984 1047 1885 1970 1033 1900 1985 1048 1885 1970 1033 1899 1984 1047 1885 1970 1033 1900 1985 1048 1882 1967 1030 1896 1981 1044 1882 1967 1030 1900 1985 1048 1891 1976 1039 1893 1978 1041 1868 1953 1016 1867 1952 1015 1868 1953 1016 1893 1978 1041 1868 1953 1016 1870 1955 1018 1891 1976 1039 1884 1969 1032 1891 1976 1039 1870 1955 1018 1903 1988 1051 1902 1987 1050 1901 1986 1049 1903 1988 1051 1904 1989 1052 1902 1987 1050 1903 1988 1051 1905 1990 1053 1904 1989 1052 1877 1993 1025 1906 1992 1054 1879 1991 1027 1907 1994 1055 1879 1991 1027 1906 1992 1054 1874 1959 1022 1906 1992 1054 1877 1993 1025 1908 1995 1056 1906 1992 1054 1874 1959 1022 1908 1995 1056 1909 1996 1057 1906 1992 1054 1910 1997 1058 1906 1992 1054 1909 1996 1057 1907 1994 1055 1906 1992 1054 1911 1998 1059 1910 1997 1058 1911 1998 1059 1906 1992 1054 1910 1997 1058 1912 1999 1060 1911 1998 1059 1913 2000 1061 1911 1998 1059 1912 1999 1060 1914 2001 1062 1912 1999 1060 1910 1997 1058 1909 1996 1057 1914 2001 1062 1910 1997 1058 1912 1999 1060 1915 2002 1063 1913 2000 1061 1916 2003 1064 1913 2000 1061 1915 2002 1063 1914 2001 1062 1917 2004 1065 1912 1999 1060 1915 2002 1063 1912 1999 1060 1917 2004 1065 1915 2002 1063 1918 2005 1066 1916 2003 1064 1919 2006 1067 1916 2003 1064 1918 2005 1066 1917 2004 1065 1920 2007 1068 1915 2002 1063 1918 2005 1066 1915 2002 1063 1920 2007 1068 1918 2005 1066 1921 2008 1069 1919 2006 1067 1908 1995 1056 1922 2009 1070 1909 1996 1057 1922 2009 1070 1908 1995 1056 1923 2010 1071 1924 2011 1072 1909 1996 1057 1922 2009 1070 1924 2011 1072 1925 2012 1073 1909 1996 1057 1914 2001 1062 1909 1996 1057 1925 2012 1073 1920 2007 1068 1926 2013 1074 1918 2005 1066 1926 2013 1074 1927 2014 1075 1918 2005 1066 1927 2014 1075 1921 2008 1069 1918 2005 1066 1927 2014 1075 1926 2013 1074 1928 2015 1076 1927 2014 1075 1929 2016 1077 1921 2008 1069 1930 2017 1078 1920 2007 1068 1917 2004 1065 1920 2007 1068 1930 2017 1078 1931 2018 1079 1932 2019 1080 1931 2018 1079 1930 2017 1078 1931 2018 1079 1932 2019 1080 1933 2020 1081 1934 2021 1082 1933 2020 1081 1932 2019 1080 1924 2011 1072 1935 2022 1083 1925 2012 1073 1933 2020 1081 1934 2021 1082 1936 2023 1084 1933 2020 1081 1936 2023 1084 1937 2024 1085 1938 2025 1086 1936 2023 1084 1934 2021 1082 1939 2026 1087 1938 2025 1086 1934 2021 1082 1934 2021 1082 1940 2027 1088 1939 2026 1087 1940 2027 1088 1941 2028 1089 1939 2026 1087 1941 2028 1089 1942 2029 1090 1939 2026 1087 1943 2030 1091 1942 2029 1090 1941 2028 1089 1942 2029 1090 1943 2030 1091 1944 2031 1092 1945 2032 1093 1944 2031 1092 1943 2030 1091 1944 2031 1092 1945 2032 1093 1946 2033 1094 1947 2034 1095 1944 2031 1092 1946 2033 1094 1948 2035 1096 1947 2034 1095 1946 2033 1094 1949 2036 1097 1947 2034 1095 1948 2035 1096 1949 2036 1097 1948 2035 1096 1950 2037 1098 1951 2038 1099 1950 2037 1098 1948 2035 1096 1940 2027 1088 1948 2035 1096 1952 2039 1100 1952 2039 1100 1948 2035 1096 1946 2033 1094 1952 2039 1100 1941 2028 1089 1940 2027 1088 1942 2029 1090 1953 2040 1101 1939 2026 1087 1953 2040 1101 1942 2029 1090 1954 2041 1102 1955 2042 1103 1954 2041 1102 1942 2029 1090 1955 2042 1103 1942 2029 1090 1956 2043 1104 1957 2044 1105 1956 2043 1104 1942 2029 1090 1955 2042 1103 1958 2045 1106 1954 2041 1102 1958 2045 1106 1959 2046 1107 1954 2041 1102 1959 2046 1107 1960 2047 1108 1954 2041 1102 1937 2024 1085 1954 2041 1102 1960 2047 1108 1959 2046 1107 1958 2045 1106 1961 2048 1109 1962 2049 1110 1961 2048 1109 1958 2045 1106 1960 2047 1108 1933 2020 1081 1937 2024 1085 1872 1957 1020 1923 2010 1071 1874 1959 1022 1923 2010 1071 1908 1995 1056 1874 1959 1022 1963 2050 1111 1923 2010 1071 1872 1957 1020 1872 1957 1020 1964 2051 1112 1963 2050 1111 1871 1956 1019 1964 2051 1112 1872 1957 1020 1871 1956 1019 1965 2052 1113 1964 2051 1112 1964 2051 1112 1966 2053 1114 1963 2050 1111 1963 2050 1111 1966 2053 1114 1923 2010 1071 1914 2001 1062 1925 2012 1073 1967 2054 1115 1967 2054 1115 1917 2004 1065 1914 2001 1062 1967 2054 1115 1930 2017 1078 1917 2004 1065 1970 2057 1118 1969 2056 1117 1968 2055 1116 1971 2058 1119 1968 2055 1116 1969 2056 1117 1969 2056 1117 1970 2057 1118 1972 2059 1120 1973 2060 1121 1972 2059 1120 1970 2057 1118 1969 2056 1117 1974 2061 1122 1971 2058 1119 1972 2059 1120 1974 2062 1122 1969 2056 1117 1975 2063 1123 1971 2058 1119 1974 2061 1122 1974 2061 1122 1976 2064 1124 1975 2063 1123 1972 2059 1120 1976 2065 1124 1974 2062 1122 1979 2068 1127 1978 2067 1126 1977 2066 1125 1980 2069 1128 1977 2066 1125 1978 2067 1126 1978 2072 1126 1979 2071 1127 1981 2070 1129 1982 2073 1130 1981 2070 1129 1979 2071 1127 1978 2067 1126 1983 2074 1131 1980 2069 1128 1981 2070 1129 1983 2075 1131 1978 2072 1126 1984 2076 1132 1980 2069 1128 1983 2074 1131 1983 2074 1131 1985 2077 1133 1984 2076 1132 1981 2070 1129 1985 2078 1133 1983 2075 1131 1988 2081 1136 1987 2080 1135 1986 2079 1134 1989 2082 1137 1986 2079 1134 1987 2080 1135 1987 2080 1135 1988 2081 1136 1990 2083 1138 1991 2084 1139 1990 2083 1138 1988 2081 1136 1987 2080 1135 1992 2085 1140 1989 2082 1137 1990 2083 1138 1992 2086 1140 1987 2080 1135 1993 2087 1141 1989 2082 1137 1992 2085 1140 1992 2085 1140 1994 2088 1142 1993 2087 1141 1990 2083 1138 1994 2089 1142 1992 2086 1140 1997 2092 1017 1996 2091 1015 1995 2090 1014 1998 2093 1016 1995 2090 1014 1996 2091 1015 1998 2093 1016 1999 2094 1018 1995 2090 1014 2000 2095 1019 1995 2090 1014 1999 2094 1018 2000 2095 1019 1999 2094 1018 2001 2096 1020 2002 2097 1021 2001 2096 1020 1999 2094 1018 2001 2096 1020 2002 2097 1021 2003 2098 1022 2004 2099 1023 2003 2098 1022 2002 2097 1021 2004 2099 1023 2005 2100 1024 2003 2098 1022 2006 2101 1025 2003 2098 1022 2005 2100 1024 2005 2100 1024 2007 2102 1026 2006 2101 1025 2008 2103 1027 2006 2101 1025 2007 2102 1026 2002 2097 1021 2009 2104 1028 2004 2099 1023 2002 2097 1021 1999 2094 1018 2009 2104 1028 2010 2105 1029 2004 2099 1023 2009 2104 1028 2009 2104 1028 2011 2106 1030 2010 2105 1029 2011 2106 1030 2009 2104 1028 2012 2107 1031 2013 2108 1032 2012 2107 1031 2009 2104 1028 2013 2108 1032 2009 2104 1028 1999 2094 1018 2014 2109 1033 2010 2105 1029 2011 2106 1030 2010 2105 1029 2014 2109 1033 2015 2110 1034 2010 2105 1029 2015 2110 1034 2004 2099 1023 2005 2100 1024 2004 2099 1023 2015 2110 1034 2016 2111 1035 2015 2110 1034 2014 2109 1033 2016 2111 1035 2017 2112 1036 2015 2110 1034 2018 2113 1037 2015 2110 1034 2017 2112 1036 2015 2110 1034 2018 2113 1037 2005 2100 1024 2007 2102 1026 2005 2100 1024 2018 2113 1037 2012 2107 1031 2013 2108 1032 2019 2114 1038 2020 2115 1039 2019 2114 1038 2013 2108 1032 2019 2114 1038 2020 2115 1039 2021 2116 1040 2022 2117 1041 2021 2116 1040 2020 2115 1039 2019 2114 1038 2021 2116 1040 2023 2118 1042 2024 2119 1043 2023 2118 1042 2021 2116 1040 2011 2106 1030 2012 2107 1031 2025 2120 1044 2026 2121 1045 2025 2120 1044 2012 2107 1031 2023 2118 1042 2026 2121 1045 2019 2114 1038 2012 2107 1031 2019 2114 1038 2026 2121 1045 2017 2112 1036 2016 2111 1035 2027 2122 1046 2028 2123 1047 2027 2122 1046 2016 2111 1035 2016 2111 1035 2014 2109 1033 2028 2123 1047 2029 2124 1048 2028 2123 1047 2014 2109 1033 2025 2120 1044 2029 2124 1048 2011 2106 1030 2014 2109 1033 2011 2106 1030 2029 2124 1048 2020 2115 1039 1998 2093 1016 2022 2117 1041 1996 2091 1015 2022 2117 1041 1998 2093 1016 1998 2093 1016 2020 2115 1039 1999 2094 1018 2013 2108 1032 1999 2094 1018 2020 2115 1039 2032 2127 1050 2031 2126 1051 2030 2125 1049 2033 2128 1052 2031 2126 1051 2032 2127 1050 2034 2129 1053 2031 2126 1051 2033 2128 1052 2036 2132 1055 2035 2131 1054 2008 2130 1027 2006 2133 1025 2008 2130 1027 2035 2131 1054 2035 2131 1054 2003 2098 1022 2006 2133 1025 2035 2131 1054 2037 2134 1056 2003 2098 1022 2037 2134 1056 2035 2131 1054 2038 2135 1057 2039 2136 1058 2038 2135 1057 2035 2131 1054 2039 2136 1058 2035 2131 1054 2040 2137 1059 2036 2132 1055 2040 2137 1059 2035 2131 1054 2039 2136 1058 2040 2137 1059 2041 2138 1060 2042 2139 1061 2041 2138 1060 2040 2137 1059 2041 2138 1060 2043 2140 1062 2039 2136 1058 2043 2140 1062 2038 2135 1057 2039 2136 1058 2041 2138 1060 2042 2139 1061 2044 2141 1063 2045 2142 1064 2044 2141 1063 2042 2139 1061 2044 2141 1063 2046 2143 1065 2041 2138 1060 2043 2140 1062 2041 2138 1060 2046 2143 1065 2044 2141 1063 2045 2142 1064 2047 2144 1066 2048 2145 1067 2047 2144 1066 2045 2142 1064 2047 2144 1066 2049 2146 1068 2044 2141 1063 2046 2143 1065 2044 2141 1063 2049 2146 1068 2050 2147 1069 2047 2144 1066 2048 2145 1067 2037 2134 1056 2038 2135 1057 2051 2148 1070 2037 2134 1056 2051 2148 1070 2052 2149 1071 2053 2150 1072 2051 2148 1070 2038 2135 1057 2043 2140 1062 2054 2151 1073 2038 2135 1057 2053 2150 1072 2038 2135 1057 2054 2151 1073 2055 2152 1074 2049 2146 1068 2047 2144 1066 2056 2153 1075 2055 2152 1074 2047 2144 1066 2050 2147 1069 2056 2153 1075 2047 2144 1066 2055 2152 1074 2056 2153 1075 2057 2154 1076 2058 2155 1077 2056 2153 1075 2050 2147 1069 2049 2146 1068 2059 2156 1078 2046 2143 1065 2049 2146 1068 2060 2157 1079 2059 2156 1078 2061 2158 1080 2059 2156 1078 2060 2157 1079 2060 2157 1079 2062 2159 1081 2061 2158 1080 2063 2160 1082 2061 2158 1080 2062 2159 1081 2064 2161 1083 2053 2150 1072 2054 2151 1073 2062 2159 1081 2065 2162 1084 2063 2160 1082 2065 2162 1084 2062 2159 1081 2066 2163 1085 2067 2164 1086 2063 2160 1082 2065 2162 1084 2067 2164 1086 2068 2165 1087 2063 2160 1082 2069 2166 1088 2063 2160 1082 2068 2165 1087 2070 2167 1089 2069 2166 1088 2068 2165 1087 2071 2168 1090 2070 2167 1089 2068 2165 1087 2072 2169 1101 2071 2168 1090 2068 2165 1087 2073 2170 1091 2070 2167 1089 2071 2168 1090 2071 2168 1090 2074 2171 1092 2073 2170 1091 2075 2172 1093 2073 2170 1091 2074 2171 1092 2075 2172 1093 2074 2171 1092 2076 2173 1094 2074 2171 1092 2077 2174 1095 2076 2173 1094 2077 2174 1095 2078 2175 1096 2076 2173 1094 2077 2174 1095 2079 2176 1097 2078 2175 1096 2079 2176 1097 2080 2177 1098 2078 2175 1096 2081 2178 1099 2078 2175 1096 2080 2177 1098 2078 2175 1096 2069 2166 1088 2082 2179 1100 2078 2175 1096 2082 2179 1100 2076 2173 1094 2070 2167 1089 2082 2179 1100 2069 2166 1088 2072 2169 1101 2083 2180 1102 2071 2168 1090 2084 2181 1103 2071 2168 1090 2083 2180 1102 2084 2181 1103 2085 2182 1104 2071 2168 1090 2086 2183 1105 2071 2168 1090 2085 2182 1104 2087 2184 1106 2084 2181 1103 2083 2180 1102 2088 2185 1107 2087 2184 1106 2083 2180 1102 2088 2185 1107 2083 2180 1102 2089 2186 1108 2066 2163 1085 2089 2186 1108 2083 2180 1102 2088 2185 1107 2090 2187 1109 2087 2184 1106 2091 2188 1110 2087 2184 1106 2090 2187 1109 2062 2159 1081 2089 2186 1108 2066 2163 1085 2052 2149 1071 2001 2096 1020 2003 2098 1022 2037 2134 1056 2052 2149 1071 2003 2098 1022 2052 2149 1071 2092 2189 1111 2001 2096 1020 2093 2190 1112 2001 2096 1020 2092 2189 1111 2093 2190 1112 2000 2095 1019 2001 2096 1020 2094 2191 1113 2000 2095 1019 2093 2190 1112 2095 2192 1114 2093 2190 1112 2092 2189 1111 2095 2192 1114 2092 2189 1111 2052 2149 1071 2054 2151 1073 2043 2140 1062 2096 2193 1115 2046 2143 1065 2096 2193 1115 2043 2140 1062 2059 2156 1078 2096 2193 1115 2046 2143 1065 2099 2196 1119 2098 2195 1117 2097 2194 1116 2100 2197 1118 2097 2194 1116 2098 2195 1117 2098 2195 1117 2101 2198 1120 2100 2197 1118 2102 2199 1121 2100 2197 1118 2101 2198 1120 2098 2195 1117 2099 2196 1119 2103 2200 1122 2103 2201 1122 2101 2198 1120 2098 2195 1117 2104 2202 1123 2103 2200 1122 2099 2196 1119 2105 2203 1124 2103 2200 1122 2104 2202 1123 2105 2204 1124 2101 2198 1120 2103 2201 1122 2108 2207 1128 2107 2206 1126 2106 2205 1125 2109 2208 1127 2106 2205 1125 2107 2206 1126 2107 2211 1126 2110 2210 1129 2109 2209 1127 2111 2212 1130 2109 2209 1127 2110 2210 1129 2107 2206 1126 2108 2207 1128 2112 2213 1131 2112 2214 1131 2110 2210 1129 2107 2211 1126 2113 2215 1132 2112 2213 1131 2108 2207 1128 2114 2216 1133 2112 2213 1131 2113 2215 1132 2114 2217 1133 2110 2210 1129 2112 2214 1131 2117 2220 1137 2116 2219 1135 2115 2218 1134 2118 2221 1136 2115 2218 1134 2116 2219 1135 2116 2219 1135 2119 2222 1138 2118 2221 1136 2120 2223 1139 2118 2221 1136 2119 2222 1138 2116 2219 1135 2117 2220 1137 2121 2224 1140 2121 2225 1140 2119 2222 1138 2116 2219 1135 2122 2226 1141 2121 2224 1140 2117 2220 1137 2123 2227 1142 2121 2224 1140 2122 2226 1141 2123 2228 1142 2119 2222 1138 2121 2225 1140 2126 2231 1145 2125 2230 1144 2124 2229 1143 2127 2232 1146 2125 2230 1144 2126 2231 1145 2127 2232 1146 2126 2231 1145 2128 2233 1147 2129 2234 1148 2125 2230 1144 2127 2232 1146 2126 2231 1145 2130 2235 1149 2128 2233 1147 2128 2233 1147 2130 2235 1149 2131 2236 1150 2131 2236 1150 2130 2235 1149 2132 2237 1151 2133 2238 1152 2131 2236 1150 2132 2237 1151 2134 2239 1153 2133 2238 1152 2132 2237 1151 2133 2238 1152 2134 2239 1153 2135 2240 1154 2136 2241 1155 2134 2239 1153 2132 2237 1151 2137 2242 1156 2134 2239 1153 2136 2241 1155 2138 2243 1157 2128 2233 1147 2131 2236 1150 2131 2236 1150 2139 2244 1158 2138 2243 1157 2140 2245 1159 2138 2243 1157 2139 2244 1158 2139 2244 1158 2141 2246 1160 2140 2245 1159 2142 2247 1161 2140 2245 1159 2141 2246 1160 2141 2246 1160 2143 2248 1162 2142 2247 1161 2143 2248 1162 2141 2246 1160 2144 2249 1163 2145 2250 1164 2142 2247 1161 2143 2248 1162 2145 2250 1164 2146 2251 1165 2142 2247 1161 2147 2252 1166 2142 2247 1161 2146 2251 1165 2148 2253 1167 2147 2252 1166 2146 2251 1165 2149 2254 1168 2148 2253 1167 2146 2251 1165 2150 2255 1169 2149 2254 1168 2146 2251 1165 2151 2256 1170 2148 2253 1167 2149 2254 1168 2149 2254 1168 2152 2257 1171 2151 2256 1170 2153 2258 1172 2151 2256 1170 2152 2257 1171 2153 2258 1172 2152 2257 1171 2154 2259 1173 2152 2257 1171 2155 2260 1174 2154 2259 1173 2155 2260 1174 2156 2261 1175 2154 2259 1173 2155 2260 1174 2157 2262 1176 2156 2261 1175 2157 2262 1176 2158 2263 1177 2156 2261 1175 2159 2264 1178 2156 2261 1175 2158 2263 1177 2156 2261 1175 2147 2252 1166 2160 2265 1179 2156 2261 1175 2160 2265 1179 2154 2259 1173 2148 2253 1167 2160 2265 1179 2147 2252 1166 2150 2255 1169 2161 2266 1180 2149 2254 1168 2162 2267 1181 2149 2254 1168 2161 2266 1180 2162 2267 1181 2163 2268 1182 2149 2254 1168 2164 2269 1183 2149 2254 1168 2163 2268 1182 2165 2270 1184 2162 2267 1181 2161 2266 1180 2166 2271 1185 2165 2270 1184 2161 2266 1180 2166 2271 1185 2161 2266 1180 2167 2272 1186 2144 2249 1163 2167 2272 1186 2161 2266 1180 2166 2271 1185 2168 2273 1187 2165 2270 1184 2169 2274 1188 2165 2270 1184 2168 2273 1187 2141 2246 1160 2167 2272 1186 2144 2249 1163 2172 2277 1144 2171 2276 1145 2170 2275 1143 2172 2277 1144 2173 2278 1146 2171 2276 1145 2171 2276 1145 2173 2278 1146 2174 2279 1147 2172 2277 1144 2175 2280 1148 2173 2278 1146 2176 2281 1149 2171 2276 1145 2174 2279 1147 2176 2281 1149 2174 2279 1147 2177 2282 1150 2176 2281 1149 2177 2282 1150 2178 2283 1151 2177 2282 1150 2179 2284 1152 2178 2283 1151 2179 2284 1152 2180 2285 1153 2178 2283 1151 2180 2285 1153 2179 2284 1152 2181 2286 1154 2180 2285 1153 2182 2287 1155 2178 2283 1151 2180 2285 1153 2183 2288 1156 2182 2287 1155 2174 2279 1147 2184 2289 1157 2177 2282 1150 2177 2282 1150 2184 2289 1157 2185 2290 1158 2186 2291 1159 2185 2290 1158 2184 2289 1157 2185 2290 1158 2186 2291 1159 2187 2292 1160 2188 2293 1161 2187 2292 1160 2186 2291 1159 2187 2292 1160 2188 2293 1161 2189 2294 1162 2187 2292 1160 2189 2294 1162 2190 2295 1163 2191 2296 1164 2189 2294 1162 2188 2293 1161 2192 2297 1165 2191 2296 1164 2188 2293 1161 2188 2293 1161 2193 2298 1166 2192 2297 1165 2193 2298 1166 2194 2299 1167 2192 2297 1165 2194 2299 1167 2195 2300 1168 2192 2297 1165 2196 2301 1170 2195 2300 1168 2194 2299 1167 2195 2300 1168 2196 2301 1170 2197 2302 1171 2198 2303 1172 2197 2302 1171 2196 2301 1170 2197 2302 1171 2198 2303 1172 2199 2304 1173 2200 2305 1174 2197 2302 1171 2199 2304 1173 2201 2306 1175 2200 2305 1174 2199 2304 1173 2202 2307 1176 2200 2305 1174 2201 2306 1175 2202 2307 1176 2201 2306 1175 2203 2308 1177 2204 2309 1178 2203 2308 1177 2201 2306 1175 2193 2298 1166 2201 2306 1175 2205 2310 1179 2205 2310 1179 2201 2306 1175 2199 2304 1173 2205 2310 1179 2194 2299 1167 2193 2298 1166 2195 2300 1168 2206 2311 1169 2192 2297 1165 2206 2311 1169 2195 2300 1168 2207 2312 1180 2208 2313 1181 2207 2312 1180 2195 2300 1168 2208 2313 1181 2195 2300 1168 2209 2314 1182 2210 2315 1183 2209 2314 1182 2195 2300 1168 2208 2313 1181 2211 2316 1184 2207 2312 1180 2211 2316 1184 2212 2317 1185 2207 2312 1180 2212 2317 1185 2213 2318 1186 2207 2312 1180 2190 2295 1163 2207 2312 1180 2213 2318 1186 2212 2317 1185 2211 2316 1184 2214 2319 1187 2215 2320 1188 2214 2319 1187 2211 2316 1184 2213 2318 1186 2187 2292 1160 2190 2295 1163 2218 2323 1191 2217 2322 1190 2216 2321 1189 2219 2324 1192 2216 2321 1189 2217 2322 1190 2219 2324 1192 2217 2322 1190 2220 2325 1193 2221 2326 1194 2220 2325 1193 2217 2322 1190 2221 2326 1194 2222 2327 1195 2220 2325 1193 2222 2327 1195 2221 2326 1194 2223 2328 1196 2223 2328 1196 2224 2329 1197 2222 2327 1195 2225 2330 1198 2224 2329 1197 2223 2328 1196 2224 2329 1197 2225 2330 1198 2226 2331 1199 2227 2332 1200 2226 2331 1199 2225 2330 1198 2227 2332 1200 2228 2333 1201 2226 2331 1199 2226 2331 1199 2229 2334 1202 2224 2329 1197 2224 2329 1197 2229 2334 1202 2230 2335 1203 2220 2325 1193 2222 2327 1195 2230 2335 1203 2230 2335 1203 2222 2327 1195 2224 2329 1197 2230 2335 1203 2229 2334 1202 2231 2336 1204 2231 2336 1204 2220 2325 1193 2230 2335 1203 2231 2336 1204 2229 2334 1202 2232 2337 1205 2231 2336 1204 2232 2337 1205 2233 2338 1206 2233 2338 1206 2220 2325 1193 2231 2336 1204 2219 2324 1192 2220 2325 1193 2234 2339 1207 2233 2338 1206 2234 2339 1207 2220 2325 1193 2234 2339 1207 2233 2338 1206 2235 2340 1208 2236 2341 1209 2235 2340 1208 2233 2338 1206 2237 2342 1210 2236 2341 1209 2233 2338 1206 2237 2342 1210 2232 2337 1205 2229 2334 1202 2237 2342 1210 2233 2338 1206 2232 2337 1205 2237 2342 1210 2238 2343 1211 2236 2341 1209 2239 2344 1212 2236 2341 1209 2238 2343 1211 2239 2344 1212 2235 2340 1208 2236 2341 1209 2239 2344 1212 2240 2345 1213 2235 2340 1208 2235 2340 1208 2240 2345 1213 2241 2346 1214 2235 2340 1208 2241 2346 1214 2234 2339 1207 2241 2346 1214 2216 2321 1189 2234 2339 1207 2219 2324 1192 2234 2339 1207 2216 2321 1189 2216 2321 1189 2241 2346 1214 2242 2347 1215 2243 2348 1216 2242 2347 1215 2241 2346 1214 2242 2347 1215 2243 2348 1216 2244 2349 1217 2245 2350 1218 2244 2349 1217 2243 2348 1216 2244 2349 1217 2246 2351 1219 2242 2347 1215 2241 2346 1214 2247 2352 1220 2243 2348 1216 2247 2352 1220 2241 2346 1214 2240 2345 1213 2248 2353 1221 2243 2348 1216 2247 2352 1220 2238 2343 1211 2249 2354 1222 2239 2344 1212 2250 2355 1223 2239 2344 1212 2249 2354 1222 2239 2344 1212 2250 2355 1223 2240 2345 1213 2240 2345 1213 2250 2355 1223 2251 2356 1224 2252 2357 1225 2251 2356 1224 2250 2355 1223 2252 2357 1225 2250 2355 1223 2249 2354 1222 2253 2358 1226 2252 2357 1225 2249 2354 1222 2249 2354 1222 2254 2359 1227 2253 2358 1226 2254 2359 1227 2249 2354 1222 2255 2360 1228 2238 2343 1211 2255 2360 1228 2249 2354 1222 2238 2343 1211 2237 2342 1210 2255 2360 1228 2256 2361 1229 2255 2360 1228 2237 2342 1210 2237 2342 1210 2229 2334 1202 2256 2361 1229 2256 2361 1229 2229 2334 1202 2226 2331 1199 2256 2361 1229 2226 2331 1199 2228 2333 1201 2228 2333 1201 2255 2360 1228 2256 2361 1229 2253 2358 1226 2257 2362 1230 2252 2357 1225 2258 2363 1231 2257 2362 1230 2253 2358 1226 2253 2358 1226 2254 2359 1227 2258 2363 1231 2259 2364 1232 2258 2363 1231 2254 2359 1227 2259 2364 1232 2254 2359 1227 2255 2360 1228 2259 2364 1232 2255 2360 1228 2260 2365 1233 2228 2333 1201 2260 2365 1233 2255 2360 1228 2216 2321 1189 2242 2347 1215 2218 2323 1191 2218 2323 1191 2242 2347 1215 2246 2351 1219 2246 2351 1219 2261 2366 1234 2218 2323 1191 2217 2322 1190 2218 2323 1191 2261 2366 1234 2217 2322 1190 2261 2366 1234 2221 2326 1194 2262 2367 1235 2221 2326 1194 2261 2366 1234 2262 2367 1235 2223 2328 1196 2221 2326 1194 2265 2370 1192 2264 2369 1190 2263 2368 1189 2266 2371 1191 2263 2368 1189 2264 2369 1190 2265 2370 1192 2267 2372 1193 2264 2369 1190 2268 2373 1194 2264 2369 1190 2267 2372 1193 2269 2374 1195 2268 2373 1194 2267 2372 1193 2268 2373 1194 2269 2374 1195 2270 2375 1196 2271 2376 1197 2270 2375 1196 2269 2374 1195 2271 2376 1197 2272 2377 1198 2270 2375 1196 2272 2377 1198 2271 2376 1197 2273 2378 1199 2273 2378 1199 2274 2379 1200 2272 2377 1198 2275 2380 1201 2274 2379 1200 2273 2378 1199 2276 2381 1202 2273 2378 1199 2271 2376 1197 2276 2381 1202 2271 2376 1197 2277 2382 1203 2269 2374 1195 2267 2372 1193 2277 2382 1203 2269 2374 1195 2277 2382 1203 2271 2376 1197 2276 2381 1202 2277 2382 1203 2278 2383 1204 2267 2372 1193 2278 2383 1204 2277 2382 1203 2276 2381 1202 2278 2383 1204 2279 2384 1205 2279 2384 1205 2278 2383 1204 2280 2385 1206 2267 2372 1193 2280 2385 1206 2278 2383 1204 2267 2372 1193 2265 2370 1192 2281 2386 1207 2281 2386 1207 2280 2385 1206 2267 2372 1193 2280 2385 1206 2281 2386 1207 2282 2387 1208 2282 2387 1208 2283 2388 1209 2280 2385 1206 2283 2388 1209 2284 2389 1210 2280 2385 1206 2279 2384 1205 2284 2389 1210 2276 2381 1202 2280 2385 1206 2284 2389 1210 2279 2384 1205 2285 2390 1211 2284 2389 1210 2283 2388 1209 2283 2388 1209 2286 2391 1212 2285 2390 1211 2282 2387 1208 2286 2391 1212 2283 2388 1209 2287 2392 1213 2286 2391 1212 2282 2387 1208 2287 2392 1213 2282 2387 1208 2288 2393 1214 2288 2393 1214 2282 2387 1208 2281 2386 1207 2263 2368 1189 2288 2393 1214 2281 2386 1207 2281 2386 1207 2265 2370 1192 2263 2368 1189 2263 2368 1189 2289 2394 1215 2288 2393 1214 2290 2395 1216 2288 2393 1214 2289 2394 1215 2289 2394 1215 2291 2396 1217 2290 2395 1216 2292 2397 1218 2290 2395 1216 2291 2396 1217 2293 2398 1219 2291 2396 1217 2289 2394 1215 2294 2399 1220 2288 2393 1214 2290 2395 1216 2288 2393 1214 2294 2399 1220 2287 2392 1213 2290 2395 1216 2295 2400 1221 2294 2399 1220 2296 2401 1222 2285 2390 1211 2286 2391 1212 2286 2391 1212 2297 2402 1223 2296 2401 1222 2297 2402 1223 2286 2391 1212 2287 2392 1213 2297 2402 1223 2287 2392 1213 2298 2403 1224 2298 2403 1224 2299 2404 1225 2297 2402 1223 2297 2402 1223 2299 2404 1225 2296 2401 1222 2300 2405 1228 2285 2390 1211 2296 2401 1222 2296 2401 1222 2301 2406 1227 2300 2405 1228 2301 2406 1227 2296 2401 1222 2302 2407 1226 2299 2404 1225 2302 2407 1226 2296 2401 1222 2303 2408 1230 2302 2407 1226 2299 2404 1225 2303 2408 1230 2304 2409 1231 2302 2407 1226 2301 2406 1227 2302 2407 1226 2304 2409 1231 2304 2409 1231 2305 2410 1232 2301 2406 1227 2301 2406 1227 2305 2410 1232 2300 2405 1228 2300 2405 1228 2305 2410 1232 2306 2411 1233 2306 2411 1233 2275 2380 1201 2300 2405 1228 2300 2405 1228 2275 2380 1201 2307 2412 1229 2307 2412 1229 2284 2389 1210 2300 2405 1228 2285 2390 1211 2300 2405 1228 2284 2389 1210 2276 2381 1202 2284 2389 1210 2307 2412 1229 2276 2381 1202 2307 2412 1229 2273 2378 1199 2273 2378 1199 2307 2412 1229 2275 2380 1201 2289 2394 1215 2263 2368 1189 2266 2371 1191 2289 2394 1215 2266 2371 1191 2293 2398 1219 2293 2398 1219 2266 2371 1191 2308 2413 1234 2264 2369 1190 2308 2413 1234 2266 2371 1191 2264 2369 1190 2268 2373 1194 2308 2413 1234 2309 2414 1235 2308 2413 1234 2268 2373 1194 2270 2375 1196 2309 2414 1235 2268 2373 1194 2312 2417 1191 2311 2416 1190 2310 2415 1189 2313 2418 1192 2310 2415 1189 2311 2416 1190 2313 2418 1192 2311 2416 1190 2314 2419 1193 2315 2420 1194 2314 2419 1193 2311 2416 1190 2315 2420 1194 2316 2421 1195 2314 2419 1193 2316 2421 1195 2315 2420 1194 2317 2422 1196 2317 2422 1196 2318 2423 1197 2316 2421 1195 2319 2424 1198 2318 2423 1197 2317 2422 1196 2318 2423 1197 2319 2424 1198 2320 2425 1199 2321 2426 1200 2320 2425 1199 2319 2424 1198 2321 2426 1200 2322 2427 1201 2320 2425 1199 2320 2425 1199 2323 2428 1202 2318 2423 1197 2318 2423 1197 2323 2428 1202 2324 2429 1203 2314 2419 1193 2316 2421 1195 2324 2429 1203 2324 2429 1203 2316 2421 1195 2318 2423 1197 2324 2429 1203 2323 2428 1202 2325 2430 1204 2325 2430 1204 2314 2419 1193 2324 2429 1203 2325 2430 1204 2323 2428 1202 2326 2431 1205 2325 2430 1204 2326 2431 1205 2327 2432 1206 2327 2432 1206 2314 2419 1193 2325 2430 1204 2313 2418 1192 2314 2419 1193 2328 2433 1207 2327 2432 1206 2328 2433 1207 2314 2419 1193 2328 2433 1207 2327 2432 1206 2329 2434 1208 2330 2435 1209 2329 2434 1208 2327 2432 1206 2331 2436 1210 2330 2435 1209 2327 2432 1206 2331 2436 1210 2326 2431 1205 2323 2428 1202 2331 2436 1210 2327 2432 1206 2326 2431 1205 2331 2436 1210 2332 2437 1211 2330 2435 1209 2333 2438 1212 2330 2435 1209 2332 2437 1211 2333 2438 1212 2329 2434 1208 2330 2435 1209 2333 2438 1212 2334 2439 1213 2329 2434 1208 2329 2434 1208 2334 2439 1213 2335 2440 1214 2329 2434 1208 2335 2440 1214 2328 2433 1207 2335 2440 1214 2310 2415 1189 2328 2433 1207 2313 2418 1192 2328 2433 1207 2310 2415 1189 2310 2415 1189 2335 2440 1214 2336 2441 1215 2337 2442 1216 2336 2441 1215 2335 2440 1214 2336 2441 1215 2337 2442 1216 2338 2443 1217 2339 2444 1218 2338 2443 1217 2337 2442 1216 2338 2443 1217 2340 2445 1219 2336 2441 1215 2335 2440 1214 2341 2446 1220 2337 2442 1216 2341 2446 1220 2335 2440 1214 2334 2439 1213 2342 2447 1221 2337 2442 1216 2341 2446 1220 2332 2437 1211 2343 2448 1222 2333 2438 1212 2344 2449 1223 2333 2438 1212 2343 2448 1222 2333 2438 1212 2344 2449 1223 2334 2439 1213 2334 2439 1213 2344 2449 1223 2345 2450 1224 2346 2451 1225 2345 2450 1224 2344 2449 1223 2346 2451 1225 2344 2449 1223 2343 2448 1222 2347 2452 1226 2346 2451 1225 2343 2448 1222 2343 2448 1222 2348 2453 1227 2347 2452 1226 2348 2453 1227 2343 2448 1222 2349 2454 1228 2332 2437 1211 2349 2454 1228 2343 2448 1222 2332 2437 1211 2331 2436 1210 2349 2454 1228 2350 2455 1229 2349 2454 1228 2331 2436 1210 2331 2436 1210 2323 2428 1202 2350 2455 1229 2350 2455 1229 2323 2428 1202 2320 2425 1199 2350 2455 1229 2320 2425 1199 2322 2427 1201 2322 2427 1201 2349 2454 1228 2350 2455 1229 2347 2452 1226 2351 2456 1230 2346 2451 1225 2352 2457 1231 2351 2456 1230 2347 2452 1226 2347 2452 1226 2348 2453 1227 2352 2457 1231 2353 2458 1232 2352 2457 1231 2348 2453 1227 2353 2458 1232 2348 2453 1227 2349 2454 1228 2353 2458 1232 2349 2454 1228 2354 2459 1233 2322 2427 1201 2354 2459 1233 2349 2454 1228 2310 2415 1189 2336 2441 1215 2312 2417 1191 2312 2417 1191 2336 2441 1215 2340 2445 1219 2340 2445 1219 2355 2460 1234 2312 2417 1191 2311 2416 1190 2312 2417 1191 2355 2460 1234 2311 2416 1190 2355 2460 1234 2315 2420 1194 2356 2461 1235 2315 2420 1194 2355 2460 1234 2356 2461 1235 2317 2422 1196 2315 2420 1194 2359 2464 1192 2358 2463 1190 2357 2462 1189 2360 2465 1191 2357 2462 1189 2358 2463 1190 2359 2464 1192 2361 2466 1193 2358 2463 1190 2362 2467 1194 2358 2463 1190 2361 2466 1193 2363 2468 1195 2362 2467 1194 2361 2466 1193 2362 2467 1194 2363 2468 1195 2364 2469 1196 2365 2470 1197 2364 2469 1196 2363 2468 1195 2365 2470 1197 2366 2471 1198 2364 2469 1196 2366 2471 1198 2365 2470 1197 2367 2472 1199 2367 2472 1199 2368 2473 1200 2366 2471 1198 2369 2474 1201 2368 2473 1200 2367 2472 1199 2370 2475 1202 2367 2472 1199 2365 2470 1197 2370 2475 1202 2365 2470 1197 2371 2476 1203 2363 2468 1195 2361 2466 1193 2371 2476 1203 2363 2468 1195 2371 2476 1203 2365 2470 1197 2370 2475 1202 2371 2476 1203 2372 2477 1204 2361 2466 1193 2372 2477 1204 2371 2476 1203 2370 2475 1202 2372 2477 1204 2373 2478 1205 2373 2478 1205 2372 2477 1204 2374 2479 1206 2361 2466 1193 2374 2479 1206 2372 2477 1204 2361 2466 1193 2359 2464 1192 2375 2480 1207 2375 2480 1207 2374 2479 1206 2361 2466 1193 2374 2479 1206 2375 2480 1207 2376 2481 1208 2376 2481 1208 2377 2482 1209 2374 2479 1206 2377 2482 1209 2378 2483 1210 2374 2479 1206 2373 2478 1205 2378 2483 1210 2370 2475 1202 2374 2479 1206 2378 2483 1210 2373 2478 1205 2379 2484 1211 2378 2483 1210 2377 2482 1209 2377 2482 1209 2380 2485 1212 2379 2484 1211 2376 2481 1208 2380 2485 1212 2377 2482 1209 2381 2486 1213 2380 2485 1212 2376 2481 1208 2381 2486 1213 2376 2481 1208 2382 2487 1214 2382 2487 1214 2376 2481 1208 2375 2480 1207 2357 2462 1189 2382 2487 1214 2375 2480 1207 2375 2480 1207 2359 2464 1192 2357 2462 1189 2357 2462 1189 2383 2488 1215 2382 2487 1214 2384 2489 1216 2382 2487 1214 2383 2488 1215 2383 2488 1215 2385 2490 1217 2384 2489 1216 2386 2491 1218 2384 2489 1216 2385 2490 1217 2387 2492 1219 2385 2490 1217 2383 2488 1215 2388 2493 1220 2382 2487 1214 2384 2489 1216 2382 2487 1214 2388 2493 1220 2381 2486 1213 2384 2489 1216 2389 2494 1221 2388 2493 1220 2390 2495 1222 2379 2484 1211 2380 2485 1212 2380 2485 1212 2391 2496 1223 2390 2495 1222 2391 2496 1223 2380 2485 1212 2381 2486 1213 2391 2496 1223 2381 2486 1213 2392 2497 1224 2392 2497 1224 2393 2498 1225 2391 2496 1223 2391 2496 1223 2393 2498 1225 2390 2495 1222 2394 2499 1228 2379 2484 1211 2390 2495 1222 2390 2495 1222 2395 2500 1227 2394 2499 1228 2395 2500 1227 2390 2495 1222 2396 2501 1226 2393 2498 1225 2396 2501 1226 2390 2495 1222 2397 2502 1230 2396 2501 1226 2393 2498 1225 2397 2502 1230 2398 2503 1231 2396 2501 1226 2395 2500 1227 2396 2501 1226 2398 2503 1231 2398 2503 1231 2399 2504 1232 2395 2500 1227 2395 2500 1227 2399 2504 1232 2394 2499 1228 2394 2499 1228 2399 2504 1232 2400 2505 1233 2400 2505 1233 2369 2474 1201 2394 2499 1228 2394 2499 1228 2369 2474 1201 2401 2506 1229 2401 2506 1229 2378 2483 1210 2394 2499 1228 2379 2484 1211 2394 2499 1228 2378 2483 1210 2370 2475 1202 2378 2483 1210 2401 2506 1229 2370 2475 1202 2401 2506 1229 2367 2472 1199 2367 2472 1199 2401 2506 1229 2369 2474 1201 2383 2488 1215 2357 2462 1189 2360 2465 1191 2383 2488 1215 2360 2465 1191 2387 2492 1219 2387 2492 1219 2360 2465 1191 2402 2507 1234 2358 2463 1190 2402 2507 1234 2360 2465 1191 2358 2463 1190 2362 2467 1194 2402 2507 1234 2403 2508 1235 2402 2507 1234 2362 2467 1194 2364 2469 1196 2403 2508 1235 2362 2467 1194 2406 2511 1191 2405 2510 1190 2404 2509 1189 2407 2512 1192 2404 2509 1189 2405 2510 1190 2407 2512 1192 2405 2510 1190 2408 2513 1193 2409 2514 1194 2408 2513 1193 2405 2510 1190 2409 2514 1194 2410 2515 1195 2408 2513 1193 2410 2515 1195 2409 2514 1194 2411 2516 1196 2411 2516 1196 2412 2517 1197 2410 2515 1195 2413 2518 1198 2412 2517 1197 2411 2516 1196 2412 2517 1197 2413 2518 1198 2414 2519 1199 2415 2520 1200 2414 2519 1199 2413 2518 1198 2415 2520 1200 2416 2521 1201 2414 2519 1199 2414 2519 1199 2417 2522 1202 2412 2517 1197 2412 2517 1197 2417 2522 1202 2418 2523 1203 2408 2513 1193 2410 2515 1195 2418 2523 1203 2418 2523 1203 2410 2515 1195 2412 2517 1197 2418 2523 1203 2417 2522 1202 2419 2524 1204 2419 2524 1204 2408 2513 1193 2418 2523 1203 2419 2524 1204 2417 2522 1202 2420 2525 1205 2419 2524 1204 2420 2525 1205 2421 2526 1206 2421 2526 1206 2408 2513 1193 2419 2524 1204 2407 2512 1192 2408 2513 1193 2422 2527 1207 2421 2526 1206 2422 2527 1207 2408 2513 1193 2422 2527 1207 2421 2526 1206 2423 2528 1208 2424 2529 1209 2423 2528 1208 2421 2526 1206 2425 2530 1210 2424 2529 1209 2421 2526 1206 2425 2530 1210 2420 2525 1205 2417 2522 1202 2425 2530 1210 2421 2526 1206 2420 2525 1205 2425 2530 1210 2426 2531 1211 2424 2529 1209 2427 2532 1212 2424 2529 1209 2426 2531 1211 2427 2532 1212 2423 2528 1208 2424 2529 1209 2427 2532 1212 2428 2533 1213 2423 2528 1208 2423 2528 1208 2428 2533 1213 2429 2534 1214 2423 2528 1208 2429 2534 1214 2422 2527 1207 2429 2534 1214 2404 2509 1189 2422 2527 1207 2407 2512 1192 2422 2527 1207 2404 2509 1189 2404 2509 1189 2429 2534 1214 2430 2535 1215 2431 2536 1216 2430 2535 1215 2429 2534 1214 2430 2535 1215 2431 2536 1216 2432 2537 1217 2433 2538 1218 2432 2537 1217 2431 2536 1216 2432 2537 1217 2434 2539 1219 2430 2535 1215 2429 2534 1214 2435 2540 1220 2431 2536 1216 2435 2540 1220 2429 2534 1214 2428 2533 1213 2436 2541 1221 2431 2536 1216 2435 2540 1220 2426 2531 1211 2437 2542 1222 2427 2532 1212 2438 2543 1223 2427 2532 1212 2437 2542 1222 2427 2532 1212 2438 2543 1223 2428 2533 1213 2428 2533 1213 2438 2543 1223 2439 2544 1224 2440 2545 1225 2439 2544 1224 2438 2543 1223 2440 2545 1225 2438 2543 1223 2437 2542 1222 2441 2546 1226 2440 2545 1225 2437 2542 1222 2437 2542 1222 2442 2547 1227 2441 2546 1226 2442 2547 1227 2437 2542 1222 2443 2548 1228 2426 2531 1211 2443 2548 1228 2437 2542 1222 2426 2531 1211 2425 2530 1210 2443 2548 1228 2444 2549 1229 2443 2548 1228 2425 2530 1210 2425 2530 1210 2417 2522 1202 2444 2549 1229 2444 2549 1229 2417 2522 1202 2414 2519 1199 2444 2549 1229 2414 2519 1199 2416 2521 1201 2416 2521 1201 2443 2548 1228 2444 2549 1229 2441 2546 1226 2445 2550 1230 2440 2545 1225 2446 2551 1231 2445 2550 1230 2441 2546 1226 2441 2546 1226 2442 2547 1227 2446 2551 1231 2447 2552 1232 2446 2551 1231 2442 2547 1227 2447 2552 1232 2442 2547 1227 2443 2548 1228 2447 2552 1232 2443 2548 1228 2448 2553 1233 2416 2521 1201 2448 2553 1233 2443 2548 1228 2404 2509 1189 2430 2535 1215 2406 2511 1191 2406 2511 1191 2430 2535 1215 2434 2539 1219 2434 2539 1219 2449 2554 1234 2406 2511 1191 2405 2510 1190 2406 2511 1191 2449 2554 1234 2405 2510 1190 2449 2554 1234 2409 2514 1194 2450 2555 1235 2409 2514 1194 2449 2554 1234 2450 2555 1235 2411 2516 1196 2409 2514 1194 2453 2558 1192 2452 2557 1190 2451 2556 1189 2454 2559 1191 2451 2556 1189 2452 2557 1190 2453 2558 1192 2455 2560 1193 2452 2557 1190 2456 2561 1194 2452 2557 1190 2455 2560 1193 2457 2562 1195 2456 2561 1194 2455 2560 1193 2456 2561 1194 2457 2562 1195 2458 2563 1196 2459 2564 1197 2458 2563 1196 2457 2562 1195 2459 2564 1197 2460 2565 1198 2458 2563 1196 2460 2565 1198 2459 2564 1197 2461 2566 1199 2461 2566 1199 2462 2567 1200 2460 2565 1198 2463 2568 1201 2462 2567 1200 2461 2566 1199 2464 2569 1202 2461 2566 1199 2459 2564 1197 2464 2569 1202 2459 2564 1197 2465 2570 1203 2457 2562 1195 2455 2560 1193 2465 2570 1203 2457 2562 1195 2465 2570 1203 2459 2564 1197 2464 2569 1202 2465 2570 1203 2466 2571 1204 2455 2560 1193 2466 2571 1204 2465 2570 1203 2464 2569 1202 2466 2571 1204 2467 2572 1205 2467 2572 1205 2466 2571 1204 2468 2573 1206 2455 2560 1193 2468 2573 1206 2466 2571 1204 2455 2560 1193 2453 2558 1192 2469 2574 1207 2469 2574 1207 2468 2573 1206 2455 2560 1193 2468 2573 1206 2469 2574 1207 2470 2575 1208 2470 2575 1208 2471 2576 1209 2468 2573 1206 2471 2576 1209 2472 2577 1210 2468 2573 1206 2467 2572 1205 2472 2577 1210 2464 2569 1202 2468 2573 1206 2472 2577 1210 2467 2572 1205 2473 2578 1211 2472 2577 1210 2471 2576 1209 2471 2576 1209 2474 2579 1212 2473 2578 1211 2470 2575 1208 2474 2579 1212 2471 2576 1209 2475 2580 1213 2474 2579 1212 2470 2575 1208 2475 2580 1213 2470 2575 1208 2476 2581 1214 2476 2581 1214 2470 2575 1208 2469 2574 1207 2451 2556 1189 2476 2581 1214 2469 2574 1207 2469 2574 1207 2453 2558 1192 2451 2556 1189 2451 2556 1189 2477 2582 1215 2476 2581 1214 2478 2583 1216 2476 2581 1214 2477 2582 1215 2477 2582 1215 2479 2584 1217 2478 2583 1216 2480 2585 1218 2478 2583 1216 2479 2584 1217 2481 2586 1219 2479 2584 1217 2477 2582 1215 2482 2587 1220 2476 2581 1214 2478 2583 1216 2476 2581 1214 2482 2587 1220 2475 2580 1213 2478 2583 1216 2483 2588 1221 2482 2587 1220 2484 2589 1222 2473 2578 1211 2474 2579 1212 2474 2579 1212 2485 2590 1223 2484 2589 1222 2485 2590 1223 2474 2579 1212 2475 2580 1213 2485 2590 1223 2475 2580 1213 2486 2591 1224 2486 2591 1224 2487 2592 1225 2485 2590 1223 2485 2590 1223 2487 2592 1225 2484 2589 1222 2488 2593 1228 2473 2578 1211 2484 2589 1222 2484 2589 1222 2489 2594 1227 2488 2593 1228 2489 2594 1227 2484 2589 1222 2490 2595 1226 2487 2592 1225 2490 2595 1226 2484 2589 1222 2491 2596 1230 2490 2595 1226 2487 2592 1225 2491 2596 1230 2492 2597 1231 2490 2595 1226 2489 2594 1227 2490 2595 1226 2492 2597 1231 2492 2597 1231 2493 2598 1232 2489 2594 1227 2489 2594 1227 2493 2598 1232 2488 2593 1228 2488 2593 1228 2493 2598 1232 2494 2599 1233 2494 2599 1233 2463 2568 1201 2488 2593 1228 2488 2593 1228 2463 2568 1201 2495 2600 1229 2495 2600 1229 2472 2577 1210 2488 2593 1228 2473 2578 1211 2488 2593 1228 2472 2577 1210 2464 2569 1202 2472 2577 1210 2495 2600 1229 2464 2569 1202 2495 2600 1229 2461 2566 1199 2461 2566 1199 2495 2600 1229 2463 2568 1201 2477 2582 1215 2451 2556 1189 2454 2559 1191 2477 2582 1215 2454 2559 1191 2481 2586 1219 2481 2586 1219 2454 2559 1191 2496 2601 1234 2452 2557 1190 2496 2601 1234 2454 2559 1191 2452 2557 1190 2456 2561 1194 2496 2601 1234 2497 2602 1235 2496 2601 1234 2456 2561 1194 2458 2563 1196 2497 2602 1235 2456 2561 1194 2500 2605 1191 2499 2604 1190 2498 2603 1189 2501 2606 1192 2498 2603 1189 2499 2604 1190 2501 2606 1192 2499 2604 1190 2502 2607 1193 2503 2608 1194 2502 2607 1193 2499 2604 1190 2503 2608 1194 2504 2609 1195 2502 2607 1193 2504 2609 1195 2503 2608 1194 2505 2610 1196 2505 2610 1196 2506 2611 1197 2504 2609 1195 2507 2612 1198 2506 2611 1197 2505 2610 1196 2506 2611 1197 2507 2612 1198 2508 2613 1199 2509 2614 1200 2508 2613 1199 2507 2612 1198 2509 2614 1200 2510 2615 1201 2508 2613 1199 2508 2613 1199 2511 2616 1202 2506 2611 1197 2506 2611 1197 2511 2616 1202 2512 2617 1203 2502 2607 1193 2504 2609 1195 2512 2617 1203 2512 2617 1203 2504 2609 1195 2506 2611 1197 2512 2617 1203 2511 2616 1202 2513 2618 1204 2513 2618 1204 2502 2607 1193 2512 2617 1203 2513 2618 1204 2511 2616 1202 2514 2619 1205 2513 2618 1204 2514 2619 1205 2515 2620 1206 2515 2620 1206 2502 2607 1193 2513 2618 1204 2501 2606 1192 2502 2607 1193 2516 2621 1207 2515 2620 1206 2516 2621 1207 2502 2607 1193 2516 2621 1207 2515 2620 1206 2517 2622 1208 2518 2623 1209 2517 2622 1208 2515 2620 1206 2519 2624 1210 2518 2623 1209 2515 2620 1206 2519 2624 1210 2514 2619 1205 2511 2616 1202 2519 2624 1210 2515 2620 1206 2514 2619 1205 2519 2624 1210 2520 2625 1211 2518 2623 1209 2521 2626 1212 2518 2623 1209 2520 2625 1211 2521 2626 1212 2517 2622 1208 2518 2623 1209 2521 2626 1212 2522 2627 1213 2517 2622 1208 2517 2622 1208 2522 2627 1213 2523 2628 1214 2517 2622 1208 2523 2628 1214 2516 2621 1207 2523 2628 1214 2498 2603 1189 2516 2621 1207 2501 2606 1192 2516 2621 1207 2498 2603 1189 2498 2603 1189 2523 2628 1214 2524 2629 1215 2525 2630 1216 2524 2629 1215 2523 2628 1214 2524 2629 1215 2525 2630 1216 2526 2631 1217 2527 2632 1218 2526 2631 1217 2525 2630 1216 2526 2631 1217 2528 2633 1219 2524 2629 1215 2523 2628 1214 2529 2634 1220 2525 2630 1216 2529 2634 1220 2523 2628 1214 2522 2627 1213 2530 2635 1221 2525 2630 1216 2529 2634 1220 2520 2625 1211 2531 2636 1222 2521 2626 1212 2532 2637 1223 2521 2626 1212 2531 2636 1222 2521 2626 1212 2532 2637 1223 2522 2627 1213 2522 2627 1213 2532 2637 1223 2533 2638 1224 2534 2639 1225 2533 2638 1224 2532 2637 1223 2534 2639 1225 2532 2637 1223 2531 2636 1222 2535 2640 1226 2534 2639 1225 2531 2636 1222 2531 2636 1222 2536 2641 1227 2535 2640 1226 2536 2641 1227 2531 2636 1222 2537 2642 1228 2520 2625 1211 2537 2642 1228 2531 2636 1222 2520 2625 1211 2519 2624 1210 2537 2642 1228 2538 2643 1229 2537 2642 1228 2519 2624 1210 2519 2624 1210 2511 2616 1202 2538 2643 1229 2538 2643 1229 2511 2616 1202 2508 2613 1199 2538 2643 1229 2508 2613 1199 2510 2615 1201 2510 2615 1201 2537 2642 1228 2538 2643 1229 2535 2640 1226 2539 2644 1230 2534 2639 1225 2540 2645 1231 2539 2644 1230 2535 2640 1226 2535 2640 1226 2536 2641 1227 2540 2645 1231 2541 2646 1232 2540 2645 1231 2536 2641 1227 2541 2646 1232 2536 2641 1227 2537 2642 1228 2541 2646 1232 2537 2642 1228 2542 2647 1233 2510 2615 1201 2542 2647 1233 2537 2642 1228 2498 2603 1189 2524 2629 1215 2500 2605 1191 2500 2605 1191 2524 2629 1215 2528 2633 1219 2528 2633 1219 2543 2648 1234 2500 2605 1191 2499 2604 1190 2500 2605 1191 2543 2648 1234 2499 2604 1190 2543 2648 1234 2503 2608 1194 2544 2649 1235 2503 2608 1194 2543 2648 1234 2544 2649 1235 2505 2610 1196 2503 2608 1194 2547 2652 1192 2546 2651 1190 2545 2650 1189 2548 2653 1191 2545 2650 1189 2546 2651 1190 2547 2652 1192 2549 2654 1193 2546 2651 1190 2550 2655 1194 2546 2651 1190 2549 2654 1193 2551 2656 1195 2550 2655 1194 2549 2654 1193 2550 2655 1194 2551 2656 1195 2552 2657 1196 2553 2658 1197 2552 2657 1196 2551 2656 1195 2553 2658 1197 2554 2659 1198 2552 2657 1196 2554 2659 1198 2553 2658 1197 2555 2660 1199 2555 2660 1199 2556 2661 1200 2554 2659 1198 2557 2662 1201 2556 2661 1200 2555 2660 1199 2558 2663 1202 2555 2660 1199 2553 2658 1197 2558 2663 1202 2553 2658 1197 2559 2664 1203 2551 2656 1195 2549 2654 1193 2559 2664 1203 2551 2656 1195 2559 2664 1203 2553 2658 1197 2558 2663 1202 2559 2664 1203 2560 2665 1204 2549 2654 1193 2560 2665 1204 2559 2664 1203 2558 2663 1202 2560 2665 1204 2561 2666 1205 2561 2666 1205 2560 2665 1204 2562 2667 1206 2549 2654 1193 2562 2667 1206 2560 2665 1204 2549 2654 1193 2547 2652 1192 2563 2668 1207 2563 2668 1207 2562 2667 1206 2549 2654 1193 2562 2667 1206 2563 2668 1207 2564 2669 1208 2564 2669 1208 2565 2670 1209 2562 2667 1206 2565 2670 1209 2566 2671 1210 2562 2667 1206 2561 2666 1205 2566 2671 1210 2558 2663 1202 2562 2667 1206 2566 2671 1210 2561 2666 1205 2567 2672 1211 2566 2671 1210 2565 2670 1209 2565 2670 1209 2568 2673 1212 2567 2672 1211 2564 2669 1208 2568 2673 1212 2565 2670 1209 2569 2674 1213 2568 2673 1212 2564 2669 1208 2569 2674 1213 2564 2669 1208 2570 2675 1214 2570 2675 1214 2564 2669 1208 2563 2668 1207 2545 2650 1189 2570 2675 1214 2563 2668 1207 2563 2668 1207 2547 2652 1192 2545 2650 1189 2545 2650 1189 2571 2676 1215 2570 2675 1214 2572 2677 1216 2570 2675 1214 2571 2676 1215 2571 2676 1215 2573 2678 1217 2572 2677 1216 2574 2679 1218 2572 2677 1216 2573 2678 1217 2575 2680 1219 2573 2678 1217 2571 2676 1215 2576 2681 1220 2570 2675 1214 2572 2677 1216 2570 2675 1214 2576 2681 1220 2569 2674 1213 2572 2677 1216 2577 2682 1221 2576 2681 1220 2578 2683 1222 2567 2672 1211 2568 2673 1212 2568 2673 1212 2579 2684 1223 2578 2683 1222 2579 2684 1223 2568 2673 1212 2569 2674 1213 2579 2684 1223 2569 2674 1213 2580 2685 1224 2580 2685 1224 2581 2686 1225 2579 2684 1223 2579 2684 1223 2581 2686 1225 2578 2683 1222 2582 2687 1228 2567 2672 1211 2578 2683 1222 2578 2683 1222 2583 2688 1227 2582 2687 1228 2583 2688 1227 2578 2683 1222 2584 2689 1226 2581 2686 1225 2584 2689 1226 2578 2683 1222 2585 2690 1230 2584 2689 1226 2581 2686 1225 2585 2690 1230 2586 2691 1231 2584 2689 1226 2583 2688 1227 2584 2689 1226 2586 2691 1231 2586 2691 1231 2587 2692 1232 2583 2688 1227 2583 2688 1227 2587 2692 1232 2582 2687 1228 2582 2687 1228 2587 2692 1232 2588 2693 1233 2588 2693 1233 2557 2662 1201 2582 2687 1228 2582 2687 1228 2557 2662 1201 2589 2694 1229 2589 2694 1229 2566 2671 1210 2582 2687 1228 2567 2672 1211 2582 2687 1228 2566 2671 1210 2558 2663 1202 2566 2671 1210 2589 2694 1229 2558 2663 1202 2589 2694 1229 2555 2660 1199 2555 2660 1199 2589 2694 1229 2557 2662 1201 2571 2676 1215 2545 2650 1189 2548 2653 1191 2571 2676 1215 2548 2653 1191 2575 2680 1219 2575 2680 1219 2548 2653 1191 2590 2695 1234 2546 2651 1190 2590 2695 1234 2548 2653 1191 2546 2651 1190 2550 2655 1194 2590 2695 1234 2591 2696 1235 2590 2695 1234 2550 2655 1194 2552 2657 1196 2591 2696 1235 2550 2655 1194 2594 2699 1238 2593 2698 1237 2592 2697 1236 2594 2699 1238 2595 2700 1239 2593 2698 1237 2596 2701 1240 2595 2700 1239 2594 2699 1238 2596 2701 1240 2597 2702 1241 2595 2700 1239 2595 2700 1239 2597 2702 1241 2598 2703 1242 2599 2704 1243 2598 2703 1242 2597 2702 1241 2597 2702 1241 2600 2705 1244 2599 2704 1243 2600 2705 1244 2597 2702 1241 2596 2701 1240 2601 2706 1245 2599 2704 1243 2600 2705 1244 2601 2706 1245 2602 2707 1246 2599 2704 1243 2598 2703 1242 2603 2708 1247 2595 2700 1239 2593 2698 1237 2595 2700 1239 2603 2708 1247 2603 2708 1247 2598 2703 1242 2604 2709 1248 2604 2709 1248 2598 2703 1242 2605 2710 1249 2606 2711 1250 2604 2709 1248 2605 2710 1249 2606 2711 1250 2607 2712 1251 2604 2709 1248 2604 2709 1248 2607 2712 1251 2603 2708 1247 2607 2712 1251 2606 2711 1250 2608 2713 1252 2608 2713 1252 2606 2711 1250 2609 2714 1253 2610 2715 1254 2609 2714 1253 2606 2711 1250 2611 2716 1255 2610 2715 1254 2606 2711 1250 2608 2713 1252 2612 2717 1256 2607 2712 1251 2612 2717 1256 2608 2713 1252 2613 2718 1257 2609 2714 1253 2613 2718 1257 2608 2713 1252 2613 2718 1257 2609 2714 1253 2614 2719 1258 2610 2715 1254 2614 2719 1258 2609 2714 1253 2614 2719 1258 2610 2715 1254 2615 2720 1259 2611 2716 1255 2615 2720 1259 2610 2715 1254 2606 2711 1250 2616 2721 1260 2611 2716 1255 2606 2711 1250 2605 2710 1249 2616 2721 1260 2617 2722 1261 2611 2716 1255 2616 2721 1260 2615 2720 1259 2611 2716 1255 2617 2722 1261 2605 2710 1249 2618 2723 1262 2616 2721 1260 2616 2721 1260 2618 2723 1262 2617 2722 1261 2603 2708 1247 2607 2712 1251 2619 2724 1263 2620 2725 1264 2619 2724 1263 2607 2712 1251 2612 2717 1256 2620 2725 1264 2607 2712 1251 2618 2723 1262 2602 2707 1246 2617 2722 1261 2602 2707 1246 2618 2723 1262 2599 2704 1243 2621 2726 1265 2599 2704 1243 2618 2723 1262 2599 2704 1243 2621 2726 1265 2598 2703 1242 2622 2727 1266 2617 2722 1261 2602 2707 1246 2617 2722 1261 2622 2727 1266 2615 2720 1259 2622 2727 1266 2623 2728 1267 2615 2720 1259 2624 2729 1268 2623 2728 1267 2622 2727 1266 2623 2728 1267 2624 2729 1268 2625 2730 1269 2626 2731 1270 2625 2730 1269 2624 2729 1268 2627 2732 1271 2624 2729 1268 2622 2727 1266 2627 2733 1271 2626 2731 1270 2624 2729 1268 2628 2734 1272 2623 2728 1267 2625 2730 1269 2628 2734 1272 2625 2730 1269 2629 2735 1273 2629 2735 1273 2625 2730 1269 2630 2736 1274 2615 2720 1259 2623 2728 1267 2628 2734 1272 2631 2737 1275 2628 2734 1272 2629 2735 1273 2614 2719 1258 2628 2734 1272 2631 2737 1275 2614 2719 1258 2615 2720 1259 2628 2734 1272 2631 2737 1275 2629 2735 1273 2632 2738 1276 2631 2737 1275 2632 2738 1276 2633 2739 1277 2634 2740 1278 2633 2739 1277 2632 2738 1276 2627 2732 1271 2622 2727 1266 2635 2741 1279 2602 2707 1246 2635 2741 1279 2622 2727 1266 2630 2736 1274 2625 2730 1269 2636 2742 1280 2626 2731 1270 2636 2742 1280 2625 2730 1269 2637 2743 1281 2629 2735 1273 2630 2736 1274 2637 2743 1281 2632 2738 1276 2629 2735 1273 2637 2743 1281 2634 2740 1278 2632 2738 1276 2633 2739 1277 2613 2718 1257 2631 2737 1275 2613 2718 1257 2614 2719 1258 2631 2737 1275 2633 2739 1277 2612 2717 1256 2613 2718 1257 2635 2741 1279 2602 2707 1246 2601 2706 1245 2638 2744 1282 2633 2739 1277 2634 2740 1278 2633 2739 1277 2638 2744 1282 2639 2745 1283 2640 2746 1284 2633 2739 1277 2639 2745 1283 2640 2746 1284 2639 2745 1283 2641 2747 1285 2642 2748 1286 2641 2747 1285 2639 2745 1283 2643 2749 1287 2641 2747 1285 2642 2748 1286 2639 2745 1283 2638 2744 1282 2644 2750 1288 2644 2750 1288 2645 2751 1289 2639 2745 1283 2642 2748 1286 2639 2745 1283 2645 2751 1289 2642 2748 1286 2645 2751 1289 2643 2749 1287 2646 2752 1290 2643 2749 1287 2645 2751 1289 2643 2749 1287 2646 2752 1290 2647 2753 1291 2648 2754 1292 2647 2753 1291 2646 2752 1290 2648 2754 1292 2649 2755 1293 2647 2753 1291 2650 2756 1294 2647 2753 1291 2649 2755 1293 2650 2756 1294 2651 2757 1295 2647 2753 1291 2652 2758 1296 2647 2753 1291 2651 2757 1295 2652 2758 1296 2641 2747 1285 2643 2749 1287 2647 2753 1291 2652 2758 1296 2643 2749 1287 2651 2757 1295 2653 2759 1297 2652 2758 1296 2654 2760 1298 2652 2758 1296 2653 2759 1297 2654 2760 1298 2641 2747 1285 2652 2758 1296 2654 2760 1298 2653 2759 1297 2592 2697 1236 2593 2698 1237 2654 2760 1298 2592 2697 1236 2593 2698 1237 2619 2724 1263 2654 2760 1298 2603 2708 1247 2619 2724 1263 2593 2698 1237 2619 2724 1263 2641 2747 1285 2654 2760 1298 2619 2724 1263 2640 2746 1284 2641 2747 1285 2619 2724 1263 2620 2725 1264 2640 2746 1284 2620 2725 1264 2655 2761 1299 2640 2746 1284 2655 2761 1299 2633 2739 1277 2640 2746 1284 2612 2717 1256 2655 2761 1299 2620 2725 1264 2612 2717 1256 2633 2739 1277 2655 2761 1299 2605 2710 1249 2621 2726 1265 2618 2723 1262 2605 2710 1249 2598 2703 1242 2621 2726 1265 2658 2764 1302 2657 2763 1301 2656 2762 1300 2659 2765 1303 2656 2762 1300 2657 2763 1301 2660 2766 1304 2657 2763 1301 2658 2764 1302 2660 2766 1304 2658 2764 1302 2661 2767 1305 2658 2764 1302 2662 2768 1306 2661 2767 1305 2656 2762 1300 2662 2768 1306 2658 2764 1302 2663 2769 1307 2659 2765 1303 2657 2763 1301 2663 2769 1307 2664 2770 1308 2659 2765 1303 2664 2770 1308 2665 2771 1309 2659 2765 1303 2665 2771 1309 2666 2772 1310 2659 2765 1303 2666 2772 1310 2667 2773 1311 2659 2765 1303 2670 2776 1314 2669 2775 1313 2668 2774 1312 2669 2775 1313 2626 2731 1270 2668 2774 1312 2668 2774 1312 2626 2731 1270 2627 2733 1271 2671 2777 1315 2669 2775 1313 2670 2776 1314 2672 2778 1316 2626 2731 1270 2669 2775 1313 2636 2742 1280 2626 2731 1270 2672 2778 1316 2669 2775 1313 2673 2779 1317 2672 2778 1316 2673 2779 1317 2669 2775 1313 2671 2777 1315 2674 2780 1318 2672 2778 1316 2673 2779 1317 2675 2781 1319 2600 2705 1244 2596 2701 1240 2678 2784 1322 2677 2783 1321 2676 2782 1320 2678 2784 1322 2676 2782 1320 2679 2785 1323 2679 2785 1323 2676 2782 1320 2680 2786 1324 2679 2785 1323 2680 2786 1324 2681 2787 1325 2678 2784 1322 2679 2785 1323 2681 2787 1325 2676 2782 1320 2682 2788 1326 2680 2786 1324 2681 2791 1325 2683 2790 1327 2678 2789 1322 2678 2789 1322 2683 2790 1327 2677 2792 1321 2680 2795 1324 2684 2794 1328 2681 2793 1325 2682 2796 1326 2684 2794 1328 2680 2795 1324 2683 2790 1327 2685 2797 1329 2677 2792 1321 2682 2796 1326 2686 2798 1330 2684 2794 1328 2689 2799 1333 2688 2800 1332 2687 2799 1331 2690 2801 1334 2689 2799 1333 2687 2799 1331 2693 2802 1331 2692 2802 1335 2691 2802 1334 2696 2803 1332 2695 2803 1336 2694 2803 1331 2699 2806 1339 2698 2805 1338 2697 2804 1337 2700 2807 1340 2697 2804 1337 2698 2805 1338 2699 2806 1339 2701 2808 1341 2698 2805 1338 2702 2809 1342 2698 2805 1338 2701 2808 1341 2702 2809 1342 2701 2808 1341 2703 2810 1343 2704 2811 1344 2703 2810 1343 2701 2808 1341 2698 2805 1338 2705 2812 1345 2700 2807 1340 2706 2813 1346 2700 2807 1340 2705 2812 1345 2697 2804 1337 2707 2814 1347 2699 2806 1339 2708 2815 1348 2699 2806 1339 2707 2814 1347 2699 2806 1339 2708 2815 1348 2701 2808 1341 2708 2818 1348 2707 2817 1347 2709 2816 1349 2710 2819 1350 2709 2816 1349 2707 2817 1347 2708 2818 1348 2709 2816 1349 2711 2820 1351 2711 2821 1351 2701 2808 1341 2708 2815 1348 2701 2808 1341 2711 2821 1351 2704 2811 1344 2712 2822 1352 2711 2820 1351 2709 2816 1349 2713 2823 1353 2710 2819 1350 2707 2817 1347 2712 2822 1352 2714 2824 1354 2711 2820 1351 2715 2825 1355 2711 2820 1351 2714 2824 1354 2715 2826 1355 2704 2811 1344 2711 2821 1351 2707 2814 1347 2697 2804 1337 2713 2827 1353 2716 2828 1356 2713 2827 1353 2697 2804 1337 2713 2827 1353 2716 2828 1356 2717 2829 1357 2717 2831 1357 2718 2830 1358 2713 2823 1353 2719 2832 1359 2713 2823 1353 2718 2830 1358 2719 2832 1359 2710 2819 1350 2713 2823 1353 2720 2833 1360 2710 2819 1350 2719 2832 1359 2721 2834 1361 2717 2829 1357 2716 2828 1356 2721 2834 1361 2716 2828 1356 2722 2835 1362 2722 2836 1362 2717 2829 1357 2721 2834 1361 2722 2835 1362 2716 2828 1356 2723 2837 1363 2716 2828 1356 2700 2807 1340 2723 2837 1363 2697 2804 1337 2700 2807 1340 2716 2828 1356 2724 2838 1364 2722 2835 1362 2723 2837 1363 2725 2839 1365 2723 2837 1363 2700 2807 1340 2723 2837 1363 2726 2840 1366 2724 2838 1364 2727 2841 1367 2724 2838 1364 2726 2840 1366 2700 2807 1340 2706 2813 1346 2725 2839 1365 2728 2842 1368 2725 2839 1365 2706 2813 1346 2726 2840 1366 2723 2837 1363 2728 2843 1368 2725 2844 1365 2728 2843 1368 2723 2837 1363 2729 2845 1369 2717 2829 1357 2722 2836 1362 2724 2846 1364 2729 2845 1369 2722 2836 1362 2705 2812 1345 2698 2805 1338 2730 2847 1370 2702 2848 1342 2730 2847 1370 2698 2805 1338 2730 2847 1370 2702 2848 1342 2731 2849 1371 2703 2850 1343 2731 2849 1371 2702 2848 1342 2734 2853 1374 2733 2852 1373 2732 2851 1372 2734 2853 1374 2732 2851 1372 2735 2854 1375 2735 2854 1375 2732 2851 1372 2736 2855 1376 2735 2854 1375 2736 2855 1376 2737 2856 1377 2734 2853 1374 2735 2854 1375 2737 2856 1377 2732 2851 1372 2738 2857 1378 2736 2855 1376 2737 2856 1377 2739 2858 1379 2734 2853 1374 2734 2853 1374 2739 2858 1379 2733 2859 1373 2740 2862 1380 2739 2861 1379 2737 2860 1377 2741 2863 1381 2739 2861 1379 2740 2862 1380 2739 2858 1379 2742 2864 1382 2733 2859 1373 2741 2863 1381 2742 2865 1382 2739 2861 1379 2745 2868 1237 2744 2867 1238 2743 2866 1236 2746 2869 1239 2744 2867 1238 2745 2868 1237 2746 2869 1239 2747 2870 1240 2744 2867 1238 2748 2871 1241 2747 2870 1240 2746 2869 1239 2748 2871 1241 2746 2869 1239 2749 2872 1242 2749 2872 1242 2750 2873 1243 2748 2871 1241 2751 2874 1244 2748 2871 1241 2750 2873 1243 2748 2871 1241 2751 2874 1244 2747 2870 1240 2750 2873 1243 2752 2875 1245 2751 2874 1244 2753 2876 1246 2752 2875 1245 2750 2873 1243 2754 2877 1247 2749 2872 1242 2746 2869 1239 2746 2869 1239 2745 2868 1237 2754 2877 1247 2749 2872 1242 2754 2877 1247 2755 2878 1248 2749 2872 1242 2755 2878 1248 2756 2879 1249 2755 2878 1248 2757 2880 1250 2756 2879 1249 2758 2881 1251 2757 2880 1250 2755 2878 1248 2758 2881 1251 2755 2878 1248 2754 2877 1247 2757 2880 1250 2758 2881 1251 2759 2882 1252 2757 2880 1250 2759 2882 1252 2760 2883 1253 2760 2883 1253 2761 2884 1254 2757 2880 1250 2761 2884 1254 2762 2885 1255 2757 2880 1250 2763 2886 1256 2759 2882 1252 2758 2881 1251 2759 2882 1252 2763 2886 1256 2764 2887 1257 2764 2887 1257 2760 2883 1253 2759 2882 1252 2760 2883 1253 2764 2887 1257 2765 2888 1258 2765 2888 1258 2761 2884 1254 2760 2883 1253 2761 2884 1254 2765 2888 1258 2766 2889 1259 2766 2889 1259 2762 2885 1255 2761 2884 1254 2767 2890 1260 2757 2880 1250 2762 2885 1255 2756 2879 1249 2757 2880 1250 2767 2890 1260 2762 2885 1255 2768 2891 1261 2767 2890 1260 2762 2885 1255 2766 2889 1259 2768 2891 1261 2769 2892 1262 2756 2879 1249 2767 2890 1260 2769 2892 1262 2767 2890 1260 2768 2891 1261 2758 2881 1251 2754 2877 1247 2770 2893 1263 2770 2893 1263 2771 2894 1264 2758 2881 1251 2771 2894 1264 2763 2886 1256 2758 2881 1251 2769 2892 1262 2768 2891 1261 2753 2876 1246 2753 2876 1246 2750 2873 1243 2769 2892 1262 2772 2895 1265 2769 2892 1262 2750 2873 1243 2772 2895 1265 2750 2873 1243 2749 2872 1242 2773 2896 1266 2753 2876 1246 2768 2891 1261 2773 2896 1266 2768 2891 1261 2766 2889 1259 2774 2897 1267 2773 2896 1266 2766 2889 1259 2774 2897 1267 2775 2898 1268 2773 2896 1266 2774 2897 1267 2776 2899 1269 2775 2898 1268 2777 2900 1270 2775 2898 1268 2776 2899 1269 2775 2898 1268 2778 2901 1271 2773 2896 1266 2777 2900 1270 2778 2902 1271 2775 2898 1268 2774 2897 1267 2779 2903 1272 2776 2899 1269 2776 2899 1269 2779 2903 1272 2780 2904 1273 2776 2899 1269 2780 2904 1273 2781 2905 1274 2774 2897 1267 2766 2889 1259 2779 2903 1272 2779 2903 1272 2782 2906 1275 2780 2904 1273 2779 2903 1272 2765 2888 1258 2782 2906 1275 2766 2889 1259 2765 2888 1258 2779 2903 1272 2780 2904 1273 2782 2906 1275 2783 2907 1276 2783 2907 1276 2782 2906 1275 2784 2908 1277 2784 2908 1277 2785 2909 1278 2783 2907 1276 2773 2896 1266 2778 2901 1271 2786 2910 1279 2786 2910 1279 2753 2876 1246 2773 2896 1266 2776 2899 1269 2781 2905 1274 2787 2911 1280 2787 2911 1280 2777 2900 1270 2776 2899 1269 2780 2904 1273 2788 2912 1281 2781 2905 1274 2783 2907 1276 2788 2912 1281 2780 2904 1273 2785 2909 1278 2788 2912 1281 2783 2907 1276 2764 2887 1257 2784 2908 1277 2782 2906 1275 2765 2888 1258 2764 2887 1257 2782 2906 1275 2763 2886 1256 2784 2908 1277 2764 2887 1257 2753 2876 1246 2786 2910 1279 2752 2875 1245 2784 2908 1277 2789 2913 1282 2785 2909 1278 2789 2913 1282 2784 2908 1277 2790 2914 1283 2784 2908 1277 2791 2915 1284 2790 2914 1283 2791 2915 1284 2792 2916 1285 2790 2914 1283 2793 2917 1286 2790 2914 1283 2792 2916 1285 2792 2916 1285 2794 2918 1287 2793 2917 1286 2789 2913 1282 2790 2914 1283 2795 2919 1288 2796 2920 1289 2795 2919 1288 2790 2914 1283 2790 2914 1283 2793 2917 1286 2796 2920 1289 2793 2917 1286 2794 2918 1287 2796 2920 1289 2797 2921 1290 2796 2920 1289 2794 2918 1287 2794 2918 1287 2798 2922 1291 2797 2921 1290 2799 2923 1292 2797 2921 1290 2798 2922 1291 2799 2923 1292 2798 2922 1291 2800 2924 1293 2801 2925 1294 2800 2924 1293 2798 2922 1291 2801 2925 1294 2798 2922 1291 2802 2926 1295 2803 2927 1296 2802 2926 1295 2798 2922 1291 2792 2916 1285 2803 2927 1296 2794 2918 1287 2803 2927 1296 2798 2922 1291 2794 2918 1287 2802 2926 1295 2803 2927 1296 2804 2928 1297 2805 2929 1298 2804 2928 1297 2803 2927 1296 2792 2916 1285 2805 2929 1298 2803 2927 1296 2804 2928 1297 2805 2929 1298 2743 2866 1236 2805 2929 1298 2745 2868 1237 2743 2866 1236 2770 2893 1263 2745 2868 1237 2805 2929 1298 2770 2893 1263 2754 2877 1247 2745 2868 1237 2792 2916 1285 2770 2893 1263 2805 2929 1298 2791 2915 1284 2770 2893 1263 2792 2916 1285 2771 2894 1264 2770 2893 1263 2791 2915 1284 2806 2930 1299 2771 2894 1264 2791 2915 1284 2784 2908 1277 2806 2930 1299 2791 2915 1284 2806 2930 1299 2763 2886 1256 2771 2894 1264 2784 2908 1277 2763 2886 1256 2806 2930 1299 2772 2895 1265 2756 2879 1249 2769 2892 1262 2749 2872 1242 2756 2879 1249 2772 2895 1265 2809 2933 1303 2808 2932 1301 2807 2931 1300 2810 2934 1302 2807 2931 1300 2808 2932 1301 2808 2932 1301 2811 2935 1304 2810 2934 1302 2810 2934 1302 2811 2935 1304 2812 2936 1305 2813 2937 1306 2810 2934 1302 2812 2936 1305 2813 2937 1306 2807 2931 1300 2810 2934 1302 2809 2933 1303 2814 2938 1307 2808 2932 1301 2815 2939 1308 2814 2938 1307 2809 2933 1303 2816 2940 1309 2815 2939 1308 2809 2933 1303 2817 2941 1310 2816 2940 1309 2809 2933 1303 2818 2942 1311 2817 2941 1310 2809 2933 1303 2821 2945 1313 2820 2944 1383 2819 2943 1312 2777 2900 1270 2821 2945 1313 2819 2943 1312 2777 2900 1270 2819 2943 1312 2778 2902 1271 2821 2945 1313 2822 2946 1315 2820 2944 1383 2777 2900 1270 2823 2947 1316 2821 2945 1313 2777 2900 1270 2787 2911 1280 2823 2947 1316 2821 2945 1313 2823 2947 1316 2824 2948 1317 2821 2945 1313 2824 2948 1317 2822 2946 1315 2825 2949 1318 2824 2948 1317 2823 2947 1316 2751 2874 1244 2826 2950 1319 2747 2870 1240 2829 2953 1321 2828 2952 1322 2827 2951 1320 2827 2951 1320 2828 2952 1322 2830 2954 1323 2827 2951 1320 2830 2954 1323 2831 2955 1324 2831 2955 1324 2830 2954 1323 2832 2956 1325 2830 2954 1323 2828 2952 1322 2832 2956 1325 2833 2957 1326 2827 2951 1320 2831 2955 1324 2834 2960 1327 2832 2959 1325 2828 2958 1322 2834 2960 1327 2828 2958 1322 2829 2961 1321 2835 2964 1328 2831 2963 1324 2832 2962 1325 2835 2964 1328 2833 2965 1326 2831 2963 1324 2836 2966 1329 2834 2960 1327 2829 2961 1321 2837 2967 1330 2833 2965 1326 2835 2964 1328 2840 2969 1332 2839 2968 1333 2838 2968 1331 2839 2968 1333 2841 2970 1334 2838 2968 1331 2844 2971 1335 2843 2971 1331 2842 2971 1334 2847 2972 1336 2846 2972 1332 2845 2972 1331 2850 2975 1340 2849 2974 1338 2848 2973 1337 2851 2976 1339 2848 2973 1337 2849 2974 1338 2851 2976 1339 2849 2974 1338 2852 2977 1341 2853 2978 1342 2852 2977 1341 2849 2974 1338 2853 2978 1342 2854 2979 1343 2852 2977 1341 2855 2980 1344 2852 2977 1341 2854 2979 1343 2849 2974 1338 2850 2975 1340 2856 2981 1345 2857 2982 1346 2856 2981 1345 2850 2975 1340 2848 2973 1337 2851 2976 1339 2858 2983 1347 2859 2984 1348 2858 2983 1347 2851 2976 1339 2851 2976 1339 2852 2977 1341 2859 2984 1348 2859 2987 1348 2860 2986 1349 2858 2985 1347 2861 2988 1350 2858 2985 1347 2860 2986 1349 2859 2987 1348 2862 2989 1351 2860 2986 1349 2862 2990 1351 2859 2984 1348 2852 2977 1341 2852 2977 1341 2855 2980 1344 2862 2990 1351 2863 2991 1384 2860 2986 1349 2862 2989 1351 2861 2988 1350 2864 2992 1353 2858 2985 1347 2863 2991 1384 2862 2989 1351 2865 2993 1354 2866 2994 1355 2865 2993 1354 2862 2989 1351 2866 2995 1355 2862 2990 1351 2855 2980 1344 2858 2983 1347 2864 2996 1353 2848 2973 1337 2867 2997 1356 2848 2973 1337 2864 2996 1353 2864 2996 1353 2868 2998 1357 2867 2997 1356 2868 3000 1357 2864 2992 1353 2869 2999 1358 2870 3001 1359 2869 2999 1358 2864 2992 1353 2861 2988 1350 2870 3001 1359 2864 2992 1353 2861 2988 1350 2871 3002 1360 2870 3001 1359 2872 3003 1361 2867 2997 1356 2868 2998 1357 2867 2997 1356 2872 3003 1361 2873 3004 1362 2868 2998 1357 2873 3005 1362 2872 3003 1361 2867 2997 1356 2873 3004 1362 2874 3006 1363 2850 2975 1340 2867 2997 1356 2874 3006 1363 2850 2975 1340 2848 2973 1337 2867 2997 1356 2873 3004 1362 2875 3007 1364 2874 3006 1363 2874 3006 1363 2876 3008 1365 2850 2975 1340 2874 3006 1363 2875 3007 1364 2877 3009 1366 2878 3010 1367 2877 3009 1366 2875 3007 1364 2850 2975 1340 2876 3008 1365 2857 2982 1346 2879 3011 1368 2857 2982 1346 2876 3008 1365 2876 3013 1365 2874 3006 1363 2879 3012 1368 2877 3009 1366 2879 3012 1368 2874 3006 1363 2868 2998 1357 2880 3014 1369 2873 3005 1362 2880 3014 1369 2875 3015 1364 2873 3005 1362 2853 3017 1342 2849 2974 1338 2881 3016 1370 2856 2981 1345 2881 3016 1370 2849 2974 1338 2881 3016 1370 2882 3018 1371 2853 3017 1342 2854 3019 1343 2853 3017 1342 2882 3018 1371 2885 3022 1373 2884 3021 1374 2883 3020 1372 2883 3020 1372 2884 3021 1374 2886 3023 1375 2883 3020 1372 2886 3023 1375 2887 3024 1376 2887 3024 1376 2886 3023 1375 2888 3025 1377 2886 3023 1375 2884 3021 1374 2888 3025 1377 2889 3026 1378 2883 3020 1372 2887 3024 1376 2890 3027 1379 2888 3025 1377 2884 3021 1374 2890 3027 1379 2884 3021 1374 2885 3028 1373 2890 3031 1379 2891 3030 1380 2888 3029 1377 2890 3031 1379 2892 3032 1381 2891 3030 1380 2893 3033 1382 2890 3027 1379 2885 3028 1373 2893 3034 1382 2892 3032 1381 2890 3031 1379 2896 3037 1387 2895 3036 1386 2894 3035 1385 2897 3038 1388 2894 3035 1385 2895 3036 1386 2895 3036 1386 2896 3037 1387 2898 3039 1389 2899 3040 1390 2898 3039 1389 2896 3037 1387 2898 3039 1389 2899 3040 1390 2900 3041 1391 2901 3042 1392 2900 3041 1391 2899 3040 1390 2900 3041 1391 2901 3042 1392 2902 3043 1393 2903 3044 1394 2902 3043 1393 2901 3042 1392 2903 3044 1394 2904 3045 1395 2902 3043 1393 2905 3046 1396 2902 3043 1393 2904 3045 1395 2905 3046 1396 2904 3045 1395 2906 3047 1397 2907 3048 1398 2906 3047 1397 2904 3045 1395 2904 3045 1395 2908 3049 1399 2907 3048 1398 2904 3045 1395 2903 3044 1394 2908 3049 1399 2909 3050 1400 2907 3048 1398 2908 3049 1399 2907 3048 1398 2909 3050 1400 2910 3051 1401 2911 3052 1402 2910 3051 1401 2909 3050 1400 2910 3051 1401 2911 3052 1402 2912 3053 1403 2913 3054 1404 2912 3053 1403 2911 3052 1402 2912 3053 1403 2914 3055 1405 2910 3051 1401 2914 3055 1405 2912 3053 1403 2915 3056 1406 2916 3057 1407 2915 3056 1406 2912 3053 1403 2915 3056 1406 2916 3057 1407 2917 3058 1408 2918 3059 1409 2917 3058 1408 2916 3057 1407 2917 3058 1408 2918 3059 1409 2919 3060 1410 2920 3061 1411 2919 3060 1410 2918 3059 1409 2919 3060 1410 2920 3061 1411 2921 3062 1412 2922 3063 1413 2921 3062 1412 2920 3061 1411 2920 3061 1411 2923 3064 1414 2922 3063 1413 2924 3065 1415 2922 3063 1413 2923 3064 1414 2922 3063 1413 2924 3065 1415 2925 3066 1416 2926 3067 1417 2925 3066 1416 2924 3065 1415 2923 3064 1414 2927 3068 1418 2924 3065 1415 2927 3068 1418 2923 3064 1414 2928 3069 1419 2929 3070 1420 2928 3069 1419 2923 3064 1414 2918 3059 1409 2929 3070 1420 2920 3061 1411 2923 3064 1414 2920 3061 1411 2929 3070 1420 2929 3070 1420 2930 3071 1421 2928 3069 1419 2916 3057 1407 2930 3071 1421 2918 3059 1409 2929 3070 1420 2918 3059 1409 2930 3071 1421 2931 3072 1422 2928 3069 1419 2930 3071 1421 2930 3071 1421 2913 3054 1404 2931 3072 1422 2932 3073 1423 2931 3072 1422 2913 3054 1404 2933 3074 1424 2924 3065 1415 2927 3068 1418 2924 3065 1415 2933 3074 1424 2926 3067 1417 2934 3075 1425 2926 3067 1417 2933 3074 1424 2922 3063 1413 2925 3066 1416 2935 3076 1426 2935 3076 1426 2921 3062 1412 2922 3063 1413 2921 3062 1412 2935 3076 1426 2936 3077 1427 2937 3078 1428 2936 3077 1427 2935 3076 1426 2936 3077 1427 2937 3078 1428 2938 3079 1429 2939 3080 1430 2938 3079 1429 2937 3078 1428 2939 3080 1430 2940 3081 1431 2938 3079 1429 2941 3082 1432 2938 3079 1429 2940 3081 1431 2941 3082 1432 2940 3081 1431 2942 3083 1433 2940 3081 1431 2943 3084 1434 2942 3083 1433 2940 3081 1431 2939 3080 1430 2943 3084 1434 2944 3085 1435 2942 3083 1433 2943 3084 1434 2944 3085 1435 2943 3084 1434 2945 3086 1436 2946 3087 1437 2945 3086 1436 2943 3084 1434 2939 3080 1430 2946 3087 1437 2943 3084 1434 2939 3080 1430 2937 3078 1428 2946 3087 1437 2946 3087 1437 2947 3088 1438 2945 3086 1436 2935 3076 1426 2947 3088 1438 2937 3078 1428 2946 3087 1437 2937 3078 1428 2947 3088 1438 2948 3089 1439 2945 3086 1436 2947 3088 1438 2947 3088 1438 2935 3076 1426 2925 3066 1416 2948 3089 1439 2947 3088 1438 2925 3066 1416 2925 3066 1416 2949 3090 1440 2948 3089 1439 2950 3091 1441 2948 3089 1439 2949 3090 1440 2925 3066 1416 2926 3067 1417 2949 3090 1440 2951 3092 1442 2949 3090 1440 2926 3067 1417 2949 3090 1440 2951 3092 1442 2952 3093 1443 2953 3094 1444 2952 3093 1443 2951 3092 1442 2951 3092 1442 2954 3095 1445 2953 3094 1444 2955 3096 1446 2953 3094 1444 2954 3095 1445 2952 3093 1443 2956 3097 1447 2949 3090 1440 2957 3098 1448 2949 3090 1440 2956 3097 1447 2950 3091 1441 2949 3090 1440 2957 3098 1448 2926 3067 1417 2934 3075 1425 2951 3092 1442 2954 3095 1445 2951 3092 1442 2934 3075 1425 2955 3096 1446 2958 3099 1449 2953 3094 1444 2953 3094 1444 2958 3099 1449 2952 3093 1443 2952 3093 1443 2958 3099 1449 2956 3097 1447 2959 3100 1450 2910 3051 1401 2914 3055 1405 2910 3051 1401 2959 3100 1450 2907 3048 1398 2906 3047 1397 2907 3048 1398 2959 3100 1450 2961 3102 1452 2896 3037 1387 2960 3101 1451 2894 3035 1385 2960 3101 1451 2896 3037 1387 2961 3102 1452 2962 3103 1453 2896 3037 1387 2962 3103 1453 2899 3040 1390 2896 3037 1387 2962 3103 1453 2963 3104 1454 2899 3040 1390 2963 3104 1454 2901 3042 1392 2899 3040 1390 2960 3101 1451 2894 3035 1385 2964 3105 1455 2897 3038 1388 2964 3105 1455 2894 3035 1385 2964 3105 1455 2965 3106 1456 2960 3101 1451 2961 3102 1452 2960 3101 1451 2965 3106 1456 2965 3106 1456 2966 3107 1457 2961 3102 1452 2962 3103 1453 2961 3102 1452 2966 3107 1457 2966 3107 1457 2967 3108 1458 2962 3103 1453 2963 3104 1454 2962 3103 1453 2967 3108 1458 2967 3108 1458 2968 3109 1459 2963 3104 1454 2969 3110 1460 2963 3104 1454 2968 3109 1459 2901 3042 1392 2963 3104 1454 2969 3110 1460 2969 3110 1460 2968 3109 1459 2908 3049 1399 2970 3111 1461 2908 3049 1399 2968 3109 1459 2903 3044 1394 2969 3110 1460 2908 3049 1399 2903 3044 1394 2901 3042 1392 2969 3110 1460 2908 3049 1399 2970 3111 1461 2909 3050 1400 2971 3112 1462 2909 3050 1400 2970 3111 1461 2909 3050 1400 2971 3112 1462 2911 3052 1402 2972 3113 1463 2911 3052 1402 2971 3112 1462 2911 3052 1402 2972 3113 1463 2913 3054 1404 2932 3073 1423 2913 3054 1404 2972 3113 1463 2913 3054 1404 2930 3071 1421 2912 3053 1403 2916 3057 1407 2912 3053 1403 2930 3071 1421 2975 3116 1388 2974 3115 1386 2973 3114 1385 2976 3117 1387 2973 3114 1385 2974 3115 1386 2974 3115 1386 2977 3118 1389 2976 3117 1387 2978 3119 1390 2976 3117 1387 2977 3118 1389 2977 3118 1389 2979 3120 1391 2978 3119 1390 2980 3121 1392 2978 3119 1390 2979 3120 1391 2979 3120 1391 2981 3122 1393 2980 3121 1392 2982 3123 1394 2980 3121 1392 2981 3122 1393 2982 3123 1394 2981 3122 1393 2983 3124 1395 2984 3125 1396 2983 3124 1395 2981 3122 1393 2984 3125 1396 2985 3126 1397 2983 3124 1395 2986 3127 1398 2983 3124 1395 2985 3126 1397 2983 3124 1395 2986 3127 1398 2987 3128 1399 2982 3123 1394 2983 3124 1395 2987 3128 1399 2988 3129 1400 2987 3128 1399 2986 3127 1398 2986 3127 1398 2989 3130 1401 2988 3129 1400 2990 3131 1402 2988 3129 1400 2989 3130 1401 2989 3130 1401 2991 3132 1403 2990 3131 1402 2992 3133 1404 2990 3131 1402 2991 3132 1403 2991 3132 1403 2989 3130 1401 2993 3134 1405 2993 3134 1405 2994 3135 1406 2991 3132 1403 2995 3136 1407 2991 3132 1403 2994 3135 1406 2994 3135 1406 2996 3137 1408 2995 3136 1407 2997 3138 1409 2995 3136 1407 2996 3137 1408 2996 3137 1408 2998 3139 1410 2997 3138 1409 2999 3140 1411 2997 3138 1409 2998 3139 1410 2998 3139 1410 3000 3141 1412 2999 3140 1411 3001 3142 1413 2999 3140 1411 3000 3141 1412 2999 3140 1411 3001 3142 1413 3002 3143 1414 3003 3144 1415 3002 3143 1414 3001 3142 1413 3001 3142 1413 3004 3145 1416 3003 3144 1415 3005 3146 1417 3003 3144 1415 3004 3145 1416 3002 3143 1414 3003 3144 1415 3006 3147 1418 3006 3147 1418 3007 3148 1419 3002 3143 1414 3008 3149 1420 3002 3143 1414 3007 3148 1419 3002 3143 1414 3008 3149 1420 2999 3140 1411 2997 3138 1409 2999 3140 1411 3008 3149 1420 3008 3149 1420 3007 3148 1419 3009 3150 1421 3008 3149 1420 3009 3150 1421 2997 3138 1409 2995 3136 1407 2997 3138 1409 3009 3150 1421 3010 3151 1422 3009 3150 1421 3007 3148 1419 3009 3150 1421 3010 3151 1422 2992 3133 1404 3011 3152 1423 2992 3133 1404 3010 3151 1422 3012 3153 1424 3006 3147 1418 3003 3144 1415 3003 3144 1415 3005 3146 1417 3012 3153 1424 3013 3154 1425 3012 3153 1424 3005 3146 1417 3001 3142 1413 3014 3155 1426 3004 3145 1416 3000 3141 1412 3014 3155 1426 3001 3142 1413 3000 3141 1412 3015 3156 1427 3014 3155 1426 3016 3157 1428 3014 3155 1426 3015 3156 1427 3015 3156 1427 3017 3158 1429 3016 3157 1428 3018 3159 1430 3016 3157 1428 3017 3158 1429 3018 3159 1430 3017 3158 1429 3019 3160 1431 3020 3161 1432 3019 3160 1431 3017 3158 1429 3019 3160 1431 3020 3161 1432 3021 3162 1433 3019 3160 1431 3021 3162 1433 3022 3163 1434 3018 3159 1430 3019 3160 1431 3022 3163 1434 3023 3164 1435 3022 3163 1434 3021 3162 1433 3023 3164 1435 3024 3165 1436 3022 3163 1434 3025 3166 1437 3022 3163 1434 3024 3165 1436 3025 3166 1437 3018 3159 1430 3022 3163 1434 3016 3157 1428 3018 3159 1430 3025 3166 1437 3025 3166 1437 3024 3165 1436 3026 3167 1464 3025 3166 1437 3026 3167 1464 3016 3157 1428 3014 3155 1426 3016 3157 1428 3026 3167 1464 3027 3168 1439 3026 3167 1464 3024 3165 1436 3026 3167 1464 3004 3145 1416 3014 3155 1426 3026 3167 1464 3027 3168 1439 3004 3145 1416 3004 3145 1416 3027 3168 1439 3028 3169 1440 3029 3170 1441 3028 3169 1440 3027 3168 1439 3004 3145 1416 3028 3169 1440 3005 3146 1417 3030 3171 1442 3005 3146 1417 3028 3169 1440 3028 3169 1440 3031 3172 1443 3030 3171 1442 3032 3173 1444 3030 3171 1442 3031 3172 1443 3030 3171 1442 3032 3173 1444 3033 3174 1445 3034 3175 1446 3033 3174 1445 3032 3173 1444 3031 3172 1443 3028 3169 1440 3035 3176 1447 3036 3177 1448 3035 3176 1447 3028 3169 1440 3028 3169 1440 3029 3170 1441 3036 3177 1448 3033 3174 1445 3013 3154 1425 3030 3171 1442 3005 3146 1417 3030 3171 1442 3013 3154 1425 3037 3178 1449 3034 3175 1446 3032 3173 1444 3037 3178 1449 3032 3173 1444 3031 3172 1443 3037 3178 1449 3031 3172 1443 3035 3176 1447 3038 3179 1450 2993 3134 1405 2989 3130 1401 2989 3130 1401 2986 3127 1398 3038 3179 1450 2985 3126 1397 3038 3179 1450 2986 3127 1398 2973 3114 1385 2976 3117 1387 3039 3180 1451 3040 3181 1452 3039 3180 1451 2976 3117 1387 3041 3182 1453 3040 3181 1452 2976 3117 1387 2978 3119 1390 3041 3182 1453 2976 3117 1387 3042 3183 1454 3041 3182 1453 2978 3119 1390 2980 3121 1392 3042 3183 1454 2978 3119 1390 3039 3180 1451 3043 3184 1455 2973 3114 1385 2975 3116 1388 2973 3114 1385 3043 3184 1455 3040 3181 1452 3044 3185 1456 3039 3180 1451 3043 3184 1455 3039 3180 1451 3044 3185 1456 3041 3182 1453 3045 3186 1457 3040 3181 1452 3044 3185 1456 3040 3181 1452 3045 3186 1457 3042 3183 1454 3046 3187 1458 3041 3182 1453 3045 3186 1457 3041 3182 1453 3046 3187 1458 3046 3187 1458 3042 3183 1454 3047 3188 1459 3048 3189 1460 3047 3188 1459 3042 3183 1454 3042 3183 1454 2980 3121 1392 3048 3189 1460 3048 3189 1460 2987 3128 1399 3047 3188 1459 3049 3190 1461 3047 3188 1459 2987 3128 1399 3048 3189 1460 2982 3123 1394 2987 3128 1399 2980 3121 1392 2982 3123 1394 3048 3189 1460 2987 3128 1399 2988 3129 1400 3049 3190 1461 3050 3191 1462 3049 3190 1461 2988 3129 1400 2988 3129 1400 2990 3131 1402 3050 3191 1462 3051 3192 1463 3050 3191 1462 2990 3131 1402 2990 3131 1402 2992 3133 1404 3051 3192 1463 3011 3152 1423 3051 3192 1463 2992 3133 1404 2992 3133 1404 2991 3132 1403 3009 3150 1421 2995 3136 1407 3009 3150 1421 2991 3132 1403 3054 3195 1374 3053 3194 1373 3052 3193 1372 3054 3195 1374 3052 3193 1372 3055 3196 1375 3055 3196 1375 3052 3193 1372 3056 3197 1376 3055 3196 1375 3056 3197 1376 3057 3198 1377 3054 3195 1374 3055 3196 1375 3057 3198 1377 3052 3193 1372 3058 3199 1378 3056 3197 1376 3057 3198 1377 3059 3200 1379 3054 3195 1374 3054 3195 1374 3059 3200 1379 3053 3201 1373 3060 3204 1380 3059 3203 1379 3057 3202 1377 3061 3205 1381 3059 3203 1379 3060 3204 1380 3059 3200 1379 3062 3206 1382 3053 3201 1373 3061 3205 1381 3062 3207 1382 3059 3203 1379</p>
                </triangles>
            </mesh>
        </geometry>
    </library_geometries>
    <library_controllers>
        <controller id="ID66">
            <skin source="#ID67">
                <bind_shape_matrix>1 0 0 0 0 1 0 0 0 0 1 0 0 0 0 1</bind_shape_matrix>
                <source id="ID75">
                    <Name_array id="ID76" count="56">joint1 joint2 joint3 joint4 joint5 joint6 joint7 joint8 joint9 joint10 joint11 joint12 joint13 joint14 joint15 joint16 joint17 joint18 joint19 joint20 joint21 joint22 joint23 joint24 joint25 joint26 joint27 joint28 joint29 joint30 joint31 joint32 joint33 joint34 joint35 joint36 joint37 joint38 joint39 joint40 joint41 joint42 joint43 joint44 joint45 joint46 joint47 joint48 joint49 joint50 joint51 joint52 joint53 joint54 joint55 joint56</Name_array>
                    <technique_common>
                        <accessor count="56" source="#ID76">
                            <param name="JOINT" type="Name"/>
                        </accessor>
                    </technique_common>
                </source>
                <source id="ID77">
                    <float_array id="ID78" count="32">0 1 0.225803 0.290318 0.161288 0.258061 0.580652 0.0967727 0.12903 0.0645151 0.0322576 0.322576 0.548394 0.451606 0.193545 0.645167 0.612909 0.516136 0.483864 0.354833 0.387091 0.709682 0.677424 0.419348 0.774197 0.87097 0.903227 0.935485 0.806455 0.838712 0.741939 0.967742</float_array>
                    <technique_common>
                        <accessor count="32" source="#ID78">
                            <param name="WEIGHT" type="float"/>
                        </accessor>
                    </technique_common>
                </source>
                <source id="ID79">
                    <float_array id="ID80" count="896">1 0 -0 0 -0 1 1.62921e-007 0 0 -1.62921e-007 1 0 0 0 0 1 1 0 -0 0 -0 1 1.62921e-007 0 0 -1.62921e-007 1 0 0 0 0 1 1.39634e-006 -1.62921e-007 1 0.0402937 1 2.27492e-013 -1.39634e-006 -5.62635e-008 0 1 1.62921e-007 -1.33922 0 0 0 1 4.99308e-013 1 5.20549e-007 -1.33922 1.39634e-006 -5.20549e-007 1 0.0402941 1 2.27553e-013 -1.39634e-006 -5.62635e-008 0 0 0 1 1.47199e-006 0.999248 0.038767 -1.514 -2.80946e-006 -0.038767 0.999249 0.0924997 1 -1.5798e-006 2.75028e-006 2.26507e-006 0 0 0 1 0.0775894 -0.994098 0.0758176 1.32466 0.114372 0.08442 0.989845 -0.0874805 -0.990404 -0.0681301 0.120248 0.219985 0 0 0 1 0.0542951 -0.991904 -0.1148 0.770211 0.127095 -0.10717 0.986084 0.0608762 -0.990403 -0.0681301 0.120248 0.219985 0 0 0 1 -1.92488e-006 -1 -5.88656e-007 0.140796 0.175013 -8.92982e-007 0.984566 0.0359205 -0.984566 1.79328e-006 0.175013 0.213184 0 0 0 1 0.175013 -6.35417e-007 0.984566 -0.227088 2.09688e-006 1 2.9648e-007 0.00306786 -0.984566 2.01375e-006 0.175013 0.213184 0 0 0 1 0.0542951 -0.991904 -0.1148 0.465798 0.127096 -0.10717 0.986084 0.0722308 -0.990403 -0.0681301 0.120248 0.183185 0 0 0 1 -0.0775933 -0.994098 0.0758176 1.32466 -0.114372 0.0844204 0.989844 -0.0874811 -0.990403 0.0681338 -0.120248 -0.21999 0 0 0 1 -0.0542988 -0.991903 -0.1148 0.770211 -0.127096 -0.107169 0.986084 0.0608756 -0.990403 0.0681338 -0.120248 -0.21999 0 0 0 1 -1.65213e-006 -1 -4.40243e-007 0.140797 -0.175013 -2.20035e-007 0.984566 0.0359196 -0.984566 1.72484e-006 -0.175013 -0.213189 0 0 0 1 -0.175013 1.75208e-008 0.984566 -0.227089 1.94103e-006 1 2.50317e-007 0.00306739 -0.984566 1.97604e-006 -0.175013 -0.213189 0 0 0 1 -0.0542989 -0.991904 -0.1148 0.465798 -0.127096 -0.107169 0.986084 0.0722301 -0.990403 0.0681339 -0.120248 -0.18319 0 0 0 1 1.21462e-006 0.999248 0.038767 -1.63735 -2.48362e-006 -0.038767 0.999249 -0.225007 1 -1.30998e-006 2.43466e-006 2.0411e-006 0 0 0 1 1.20645e-006 0.880111 0.474768 -1.57762 -3.43198e-006 -0.474768 0.880111 0.877009 1 -2.6912e-006 2.44774e-006 4.29802e-006 0 0 0 1 8.77385e-007 0.592967 0.805227 -1.47 -3.9329e-006 -0.805227 0.592967 1.65909 1 -3.68714e-006 1.62559e-006 6.57599e-006 0 0 0 1 0.880561 -0.468589 -0.0709654 0.92717 0.178406 0.466463 -0.866363 -1.00091 0.439071 0.750224 0.494348 -1.70598 0 0 0 1 0.691287 -0.676575 -0.253709 1.18912 -0.105921 0.25244 -0.961798 -0.464992 0.714774 0.691752 0.102845 -1.66224 0 0 0 1 0.595211 -0.678928 0.42986 0.834845 0.367181 -0.246038 -0.897019 0.099615 0.714774 0.691752 0.102845 -1.66224 0 0 0 1 0.43504 -0.832032 0.344184 0.725353 -0.879284 -0.474889 -0.0366025 1.50422 0.193904 -0.286712 -0.938189 0.325136 0 0 0 1 0.0118444 -0.568389 0.822675 0.540445 0.484626 -0.716383 -0.50193 0.603879 0.874641 0.404635 0.266971 -1.37517 0 0 0 1 0.164262 -0.765512 0.622101 0.612206 0.456093 -0.500261 -0.736015 0.432708 0.87464 0.404635 0.266971 -1.37517 0 0 0 1 0.679856 -0.544276 0.491487 -0.20877 -0.661788 -0.744097 0.0914114 1.56033 0.315961 -0.387407 -0.866075 0.382743 0 0 0 1 0.0112107 -0.911249 0.411704 0.881445 -0.948706 -0.139792 -0.283576 1.32593 0.315961 -0.387406 -0.866075 0.382742 0 0 0 1 0.211476 -0.920062 0.329795 0.771026 -0.975164 -0.221345 0.00779984 1.31185 0.0658224 -0.323253 -0.944021 0.505912 0 0 0 1 -0.450847 -0.853631 0.260867 1.34623 -0.89017 0.408438 -0.201926 0.596419 0.0658222 -0.323254 -0.944021 0.505913 0 0 0 1 0.435041 -0.832031 0.344184 0.596821 -0.879284 -0.474889 -0.0366019 1.49866 0.193903 -0.286712 -0.938189 0.329155 0 0 0 1 0.702397 -0.652402 -0.284621 1.16424 -0.0458574 0.357562 -0.932763 -0.740968 0.710306 0.668222 0.221233 -1.81509 0 0 0 1 -0.880563 -0.468587 -0.0709647 0.927168 -0.178405 0.466462 -0.866363 -1.00091 0.439069 -0.750226 -0.494348 1.70598 0 0 0 1 -0.691289 -0.676574 -0.253708 1.18912 0.105922 0.252439 -0.961798 -0.464989 0.714773 -0.691753 -0.102844 1.66225 0 0 0 1 -0.595213 -0.678927 0.429861 0.834844 -0.367182 -0.246039 -0.897019 0.0996173 0.714773 -0.691754 -0.102844 1.66225 0 0 0 1 -0.435042 -0.832031 0.344186 0.725353 0.879284 -0.47489 -0.0366014 1.50422 0.193904 0.286714 0.938188 -0.32514 0 0 0 1 -0.0118469 -0.568389 0.822675 0.540443 -0.484627 -0.716383 -0.50193 0.603881 0.874641 -0.404637 -0.26697 1.37518 0 0 0 1 -0.164264 -0.765512 0.622101 0.612206 -0.456094 -0.500262 -0.736015 0.432711 0.874641 -0.404637 -0.26697 1.37518 0 0 0 1 -0.679857 -0.544274 0.491488 -0.208771 0.661788 -0.744097 0.0914123 1.56033 0.315962 0.387408 0.866073 -0.382746 0 0 0 1 -0.0112131 -0.911248 0.411706 0.881443 0.948706 -0.139795 -0.283576 1.32594 0.315963 0.387408 0.866074 -0.382745 0 0 0 1 -0.211478 -0.920061 0.329796 0.771026 0.975164 -0.221347 0.00780069 1.31185 0.0658224 0.323255 0.94402 -0.505916 0 0 0 1 0.450846 -0.853631 0.260868 1.34623 0.890173 0.408437 -0.201926 0.596422 0.0658223 0.323254 0.94402 -0.505916 0 0 0 1 1 -7.58959e-007 1.19731e-006 1.63382 1.10371e-006 6.38329e-007 -1 0.167482 1.13964e-006 1 5.46278e-007 -1.7121 0 0 0 1 -0.691289 -0.676574 -0.253708 0.980487 0.105922 0.252439 -0.961798 -0.45286 0.714773 -0.691754 -0.102844 1.66331 0 0 0 1 8.13673e-007 0.690339 0.723487 -1.80399 -3.66258e-006 -0.723486 0.690339 1.44186 1 -3.21153e-006 1.93974e-006 5.38543e-006 0 0 0 1 4.02028e-007 0.690339 0.723487 -2.02642 -4.13941e-006 -0.723486 0.690339 1.50206 1 -3.27234e-006 2.56674e-006 6.35611e-006 0 0 0 1 1.20645e-006 0.880111 0.474768 -1.77978 -3.43198e-006 -0.474768 0.880111 0.563353 1 -2.6912e-006 2.44774e-006 0.0104678 0 0 0 1 1.20645e-006 0.880111 0.474768 -1.72871 -3.43198e-006 -0.474768 0.880111 1.24346 1 -2.6912e-006 2.44774e-006 0.00863417 0 0 0 1 -0.164554 -0.970814 -0.174479 1.77521 -0.384798 0.226057 -0.894891 -0.774819 0.908215 -0.0801189 -0.410766 0.308657 0 0 0 1 -0.167372 -0.96913 -0.181035 1.36584 -0.383584 0.233169 -0.893587 -0.784856 0.908214 -0.0801187 -0.410769 0.308656 0 0 0 1 -0.201065 -0.944342 -0.260367 0.569716 -0.367045 0.31906 -0.873773 -0.839274 0.908214 -0.080119 -0.410768 0.308656 0 0 0 1 0.164551 -0.970814 -0.17448 1.7752 -0.384804 -0.226058 0.894888 0.774821 -0.908212 -0.0801141 -0.410771 0.308651 0 0 0 1 0.167368 -0.96913 -0.181036 1.36584 -0.383589 -0.233169 0.893584 0.784857 -0.908211 -0.0801139 -0.410773 0.308649 0 0 0 1 0.201063 -0.944342 -0.260368 0.569715 -0.36705 -0.31906 0.87377 0.839275 -0.908211 -0.0801142 -0.410772 0.30865 0 0 0 1 1 0 -0 0 -0 1 2.05709e-007 -3.12667 0 -2.05709e-007 1 -0.380222 0 0 0 1 1 0 -0 0 -0 1 2.05709e-007 -1.64076 0 -2.05709e-007 1 -0.0425604 0 0 0 1 1 0 -0 0 -0 1 2.48497e-007 -1.44114 0 -2.48497e-007 1 -1.69823 0 0 0 1 1 -0 0 0 0 1 -3.17865e-008 0 -0 3.17865e-008 1 0 0 0 0 1</float_array>
                    <technique_common>
                        <accessor count="56" source="#ID80" stride="16">
                            <param name="TRANSFORM" type="float4x4"/>
                        </accessor>
                    </technique_common>
                </source>
                <joints>
                    <input semantic="JOINT" source="#ID75"/>
                    <input semantic="INV_BIND_MATRIX" source="#ID79"/>
                </joints>
                <vertex_weights count="3063">
                    <input offset="0" semantic="JOINT" source="#ID75"/>
                    <input offset="1" semantic="WEIGHT" source="#ID77"/>
                    <vcount>3 3 3 3 3 3 3 3 3 3 3 3 3 3 3 3 3 2 2 3 2 2 3 3 3 3 2 2 3 3 3 3 3 3 3 3 2 3 3 3 3 3 3 3 3 3 3 3 3 3 3 3 3 3 3 3 3 3 3 2 3 4 4 4 4 4 4 4 4 4 4 4 4 4 4 4 4 4 4 4 4 4 4 4 4 4 3 4 3 3 3 3 4 4 4 4 3 3 3 3 3 2 2 3 3 3 3 3 3 3 3 3 4 4 4 4 4 3 3 4 3 3 3 4 3 3 3 3 3 4 3 3 4 4 4 4 4 4 4 4 4 4 4 4 4 2 4 4 4 2 2 2 2 4 2 4 4 2 2 4 2 2 2 2 4 3 4 2 4 4 4 4 4 4 4 3 4 4 4 3 3 4 4 3 3 4 3 3 4 4 4 3 4 3 4 4 4 4 4 4 4 3 2 3 2 3 4 3 4 3 3 3 3 3 3 3 3 3 3 3 3 3 3 3 3 3 2 2 3 2 2 3 3 3 3 2 2 3 3 3 3 3 3 3 3 2 3 3 3 3 3 3 3 2 3 3 3 3 3 3 3 3 3 3 3 3 3 3 3 3 4 4 4 4 4 4 4 4 4 4 4 4 4 4 4 4 4 4 4 4 4 4 4 4 4 3 4 3 3 3 3 4 4 4 4 3 3 3 3 3 3 2 2 3 3 3 3 3 3 3 3 3 4 4 4 4 4 3 3 4 3 3 3 4 3 3 3 3 3 4 3 3 4 4 4 4 4 4 4 4 4 4 4 4 4 2 4 4 4 2 2 2 2 4 2 4 4 2 2 4 2 2 2 2 4 3 4 2 4 4 4 4 4 4 4 3 4 4 4 3 3 4 4 3 3 4 3 3 4 4 4 3 4 3 4 4 4 4 4 4 4 3 2 3 2 4 3 4 4 4 4 4 4 4 4 4 4 4 4 4 4 4 4 4 4 4 4 4 4 3 3 3 4 4 4 3 4 4 4 4 3 4 4 4 4 4 4 4 4 4 4 4 4 4 4 4 3 3 4 4 4 4 4 3 4 4 4 2 4 4 4 3 4 3 4 4 4 4 4 4 4 4 4 4 4 4 4 4 4 4 4 3 4 4 3 4 4 4 3 2 3 2 2 2 2 2 2 2 2 2 2 2 2 2 2 2 2 2 2 2 2 2 2 2 2 2 2 2 2 2 2 1 2 1 2 2 2 2 2 2 2 2 2 2 2 2 2 2 2 3 3 3 2 2 4 2 2 4 4 4 3 2 2 3 2 2 2 3 4 4 2 2 2 2 2 2 2 2 2 2 2 2 2 2 3 3 4 3 2 2 2 2 3 3 3 4 2 2 2 2 2 2 2 2 2 2 2 2 2 2 2 2 2 2 2 4 4 4 4 4 4 3 4 4 3 4 4 4 3 2 3 2 2 2 2 2 2 2 2 2 2 2 2 2 2 2 2 2 2 2 2 2 2 2 2 2 2 2 2 2 2 1 2 1 2 2 2 2 2 2 2 2 2 2 2 2 2 2 3 3 3 2 2 4 2 2 4 4 4 3 2 2 3 2 2 2 3 4 4 2 2 2 2 2 2 2 2 2 2 2 2 2 2 3 4 3 3 2 2 2 2 3 3 3 4 2 2 2 2 2 2 2 2 2 2 2 2 2 2 2 2 2 2 2 2 2 2 2 2 2 2 2 2 2 2 1 1 1 1 1 1 1 1 1 1 1 1 1 1 1 1 1 2 2 2 2 2 2 1 1 1 1 1 1 1 1 1 1 1 1 1 1 1 1 1 1 1 1 1 1 1 1 1 1 1 1 1 1 1 1 1 1 1 1 1 1 1 1 1 1 1 1 1 2 2 2 2 2 2 2 2 2 2 1 1 1 1 1 1 1 1 1 1 1 1 1 1 1 1 1 2 2 2 2 2 2 1 1 1 1 1 1 1 1 1 1 1 1 1 1 1 1 1 1 1 1 1 1 1 1 1 1 1 1 1 1 1 1 1 1 1 1 1 1 1 1 1 1 1 1 1 1 1 1 1 1 1 1 1 1 1 1 1 1 1 1 1 1 1 1 1 1 1 1 1 1 1 1 1 1 1 1 1 1 1 1 1 1 1 1 1 1 1 1 1 1 1 1 1 1 1 1 1 1 1 1 1 1 1 1 1 1 1 1 1 1 1 1 1 1 1 1 1 1 1 1 1 1 1 1 1 1 1 1 1 1 1 1 1 1 1 1 1 1 1 1 1 1 1 1 1 1 1 1 1 1 1 1 1 1 1 1 1 1 1 1 1 1 1 1 1 1 1 1 1 1 1 1 1 1 1 1 1 1 1 1 1 1 1 1 1 1 1 1 1 1 1 1 1 1 1 1 1 1 1 1 1 1 1 1 1 1 1 1 1 1 1 1 1 1 1 1 1 1 1 1 1 1 1 1 1 1 1 1 1 1 1 1 1 1 1 1 1 1 1 1 1 1 1 1 1 1 1 1 1 1 1 1 1 1 1 1 1 1 1 1 1 1 1 1 1 1 1 1 1 1 1 1 1 1 1 1 1 1 1 1 1 1 1 1 1 1 1 1 1 1 1 1 1 1 1 1 1 1 1 1 1 1 1 1 4 3 4 3 3 3 3 3 3 3 3 3 3 4 4 4 4 4 3 3 3 3 3 3 3 3 3 3 3 3 3 3 3 3 3 3 3 3 3 3 3 3 3 4 3 3 4 3 3 3 3 3 3 3 3 3 4 4 4 4 4 3 3 3 3 3 3 3 3 3 3 3 3 3 3 3 3 3 3 3 3 3 3 3 3 3 2 2 3 2 3 3 3 2 3 2 2 3 3 3 3 3 2 3 2 3 3 3 3 3 3 3 2 3 3 3 3 2 3 3 3 2 2 2 2 2 2 2 2 2 3 3 3 3 3 3 3 3 3 3 3 3 3 3 2 2 3 4 3 3 2 2 4 3 3 4 3 2 3 3 2 3 3 4 3 3 3 2 2 2 2 2 2 3 3 3 3 3 3 3 3 2 2 2 2 2 2 2 3 2 3 2 3 3 2 2 3 3 3 2 3 3 2 2 3 2 2 3 3 3 3 3 3 3 3 3 3 3 3 3 3 2 2 3 4 3 3 4 2 2 3 4 3 3 2 3 3 2 3 3 4 3 3 3 2 2 2 2 2 2 3 3 3 3 3 3 3 3 2 2 2 2 2 2 2 3 2 3 2 3 2 3 2 3 3 3 2 3 3 2 2 3 2 2 4 4 4 4 4 4 4 4 4 4 4 4 4 4 4 4 4 4 4 4 4 4 4 4 4 4 4 4 4 4 4 4 4 4 4 4 4 4 4 4 4 4 4 4 4 4 4 4 4 4 4 4 4 4 4 4 4 4 4 4 4 4 4 4 4 4 4 4 4 4 4 4 4 4 4 4 4 4 4 4 4 4 4 4 4 4 4 4 4 4 4 4 4 4 4 4 4 4 4 4 4 4 4 4 4 4 4 4 4 4 4 4 4 4 4 4 4 4 3 3 3 3 4 4 4 4 3 4 4 4 4 4 3 4 3 3 4 4 4 4 4 3 3 3 3 4 3 4 3 4 4 3 3 4 4 4 4 4 4 4 4 4 4 4 4 4 4 4 4 4 4 4 4 4 3 3 4 3 3 2 2 2 2 2 2 2 2 2 2 2 4 2 3 2 2 4 4 4 4 4 3 3 3 3 3 3 4 4 4 4 4 4 4 4 3 2 3 2 3 3 4 4 4 4 3 3 4 3 3 3 4 4 4 4 4 4 4 4 3 2 2 3 3 3 3 2 2 2 3 3 3 3 2 2 2 2 2 2 3 2 2 2 2 3 3 3 3 4 4 4 4 3 4 4 4 4 4 3 4 3 3 4 4 4 4 4 3 3 3 3 4 3 4 3 4 4 3 3 4 4 4 4 4 4 4 4 4 4 4 4 4 4 4 4 4 4 4 4 4 3 3 4 3 3 2 2 2 2 2 2 4 3 2 2 2 2 2 2 2 2 4 4 4 4 4 3 3 3 3 3 3 4 4 4 4 4 4 4 4 3 2 3 2 3 3 4 4 4 4 3 3 4 3 3 3 4 4 4 4 4 4 4 4 3 2 2 3 3 2 2 3 3 3 2 2 2 2 2 2 2 3 2 2 2 2 3 3 3 3 3 3 3 3 3 3 2 4 4 4 4 4 4 4 4 4 4 4 4 4 4 4 4 4 4 4 4 4 4 4 4 4 4 4 4 4 4 4 4 4 4 4 4 4 4 4 4 4 4 4 4 4 4 4 2 4 4 4 4 4 4 4 4 4 4 4 4 3 3 3 3 3 4 3 3 3 3 3 3 3 3 3 3 3 3 3 3 3 3 3 3 3 3 3 3 3 3 3 3 3 4 4 4 4 4 2 2 2 2 2 2 2 2 2 4 4 4 4 4 4 4 4 4 3 3 3 3 3 3 3 4 4 3 3 2 3 4 4 4 4 4 4 4 4 4 4 4 4 4 4 4 4 4 4 4 4 4 4 4 4 4 4 4 4 4 4 4 4 4 4 4 4 4 4 4 4 4 4 4 4 4 4 4 2 4 4 4 4 4 4 4 4 4 4 4 4 3 3 3 3 3 4 3 3 3 3 3 3 3 3 3 3 3 3 3 3 3 3 3 3 3 3 3 3 3 3 3 3 3 4 4 4 4 4 2 2 2 2 2 2 2 2 2 4 4 4 4 4 4 4 4 4 3 3 3 3 3 3 3 4 4 4 4 4 4 4 4 4 4 4 4 4 4 4 4 3 3 3 3 3 3 3 3 3 3 3 3 3 3 3 3 3 3 3 3 3 3 3 3 3 3 3 3 3 3 3 3 4 4 4 4 4 4 4 4 4 4 4 4 4 4 3 3 3 3 3 3 3 3 3 3 3 3 3 3 3 3 3 3 3 3 3 3 3 3 3 3 3 3 3 3 3 3 1 1 1 1 1 1 1 1 1 1 1 1 1 1 1 1 1 1 1 1 1 1 1 1 1 1 1 1 1 1 1 1 1 1 1 1 1 1 1 1 1 1 1 1 1 1 1 1 1 1 1 1 1 1 1 1 1 1 1 1 1 1 1 1 1 1 1 1 1 1 1 1 1 1 1 1 1 1 1 1 1 1 1 1 1 1 1 1 1 1 1 1 1 1 1 1 1 1 1 1 1 1 1 1 1 1 1 1 1 1 1 1 1 1 1 1 1 1 1 1 1 1 1 1 1 1 1 1 1 1 1 1 1 1 1 1 1 1 1 1 1 1 1 1 1 1 1 1 1 1 1 1 1 1 1 1 1 1 1 1 1 1 1 1 1 1 1 1 1 1 1 1 1 1 1 1 1 1 1 1 1 1 1 1 1 1 1 1 1 1 1 1 1 1 1 1 1 1 1 1 1 1 1 1 1 1 1 1 1 1 1 1 1 1 1 1 1 1 1 1 1 1 1 1 1 1 1 1 1 1 1 1 1 1 1 1 1 1 1 1 1 1 1 1 1 1 1 1 1 1 1 1 1 1 1 1 1 1 1 1 1 1 1 1 1 1 1 1 1 1 1 1 1 1 1 1 1 1 1 1 1 1 1 1 1 1 1 1 1 1 1 1 1 1 1 1 1 1 1 1 1 1 1 1 1 1 1 1 1 1 1 1 1 1 1 1 1 1 1 1 1 1 1 1 1 1 1 1 1 1 1 1 1 1 1 1 1 1 1 1 1 1 1 1 1 1 1 1 1 1 1 1 1 1 1 1 1 1 1 1 1 1 1 1 1 1 1 1 1 1 1 1 1 1 1 1 1 1 1 1 1 1 1 1 1 1 1 1 1 1 1 1 1 1 1 1 1 1 1 1 1 1 1 1 1 1 1 1 1 1 1 1 1 1 1 1 1 1 1 1 1 1 1 1 1 1 1 1 1 1 1 1 1 1 1 1 1 1 1 1 1 1 1 1 1 1 1 1 1 1 1 1 1 1 1 1 1 1 1 1 1 1 1 1 1 1 1 1 1 1 1 1 1 1 1 1 1 1 1 1 1 1 1 1 1 1 1 1 1 1 1 1 1 1 1 1 1 1 1 1 1 1 1 1 1 1 1 1 1 1 1 1 1 1 1 1 1 1 1 1 1 1 1 1 1 1 1 1 1 1 1 1 1 1 1 1 1 1 1 1 1 1 1 1 1 1 1 1 1 1 1 1 1 1 1 1 1 1 1 1 1 1 1 1 1 1 1 1 1 1 1 1 1 1 1 1 1 1 1 1 1 1 1 1 1 1 1 1 1 1 1 1 1 1 1 1 1 1 1 1 1 1 1 1 1 1 1 1 1 1 1 1 1 1 1 1 1 1 1 1 1 1 1 1 1 1 1 1 1 1 1 1 1 1 1 1 1 1 1 1 1 1 1 1 1 1 1 1 1 1 1 1 1 1 1 1 1 1 1 1 1 1 1 1 1 1 1 1 1 1 1 1 1 1 1 1 1 1 1 1 1 1 1 1 1 1 1 1 1 1 1 1 1 1 1 1 1 1 1 1 1 1 1 1 1 1 1 1 1 1 1 1 1 1 1 1 1 1 1 1 1 1 1 1 1 1 1 1 1 1 1 1 1 1 1 1 1 1 1 1 1 1 1 1 1 1 1 1 1 1 1 1 1 1 1 1 1 1 1 1 1 1 1 1 1 1 1 1 1 1 1 1 1 1 1 1 1 1 1 1 1 1 1 1 1 1 1 1 1 1 1 1 1 1 1 1 1 1 1 1 1 1 1 1 1 1 1 1 1 1 1 1 1 1 1 1 1 1 1 1 1 1 1 1 1 1 1 1 1 1 1 1 1 1 1 1 1 1 1 1 1 1 1 1 1 1 1</vcount>
                    <v>16 10 19 20 20 6 16 10 19 11 20 15 19 4 20 28 21 10 19 4 20 28 21 10 16 10 19 3 20 22 16 9 19 3 20 15 19 14 20 24 21 10 16 10 19 3 20 22 16 10 19 20 20 6 16 10 19 19 20 16 16 10 19 13 20 17 16 10 19 11 20 15 16 10 19 13 20 17 16 10 19 18 20 18 18 9 19 29 20 7 18 9 19 29 20 7 16 10 19 13 20 17 18 10 19 31 18 10 19 31 18 10 19 25 20 7 18 10 19 31 18 10 19 31 18 10 19 25 20 7 16 10 19 23 20 12 18 9 19 28 20 8 16 10 19 13 20 17 18 10 19 31 18 10 19 31 18 9 19 29 20 7 16 10 19 13 20 17 16 10 19 20 20 6 16 10 19 11 20 15 19 4 20 28 21 10 19 4 20 28 21 10 16 10 19 3 20 22 19 4 20 28 21 10 19 9 20 27 19 10 20 27 21 10 19 10 20 27 21 10 19 10 20 27 21 10 19 10 20 30 21 2 19 10 20 24 21 14 19 10 20 17 21 13 19 10 20 24 21 14 19 10 20 12 21 23 19 10 20 12 21 23 19 10 20 21 21 5 19 4 20 28 21 10 19 10 20 27 21 10 19 10 20 30 21 2 19 10 20 12 21 23 19 9 20 18 21 13 19 10 20 22 21 3 19 10 20 12 21 23 19 10 20 27 21 10 19 10 20 30 21 2 19 10 20 27 21 10 19 10 20 12 21 23 19 10 20 17 21 13 18 10 19 31 18 9 19 29 20 7 20 10 21 30 24 10 26 14 21 3 24 2 25 8 26 19 20 9 21 21 24 8 26 7 21 3 24 7 25 7 26 17 21 15 23 8 24 8 26 7 21 5 24 11 25 14 26 2 24 11 25 5 26 5 27 4 21 7 24 19 25 11 26 2 24 11 25 5 26 5 27 4 21 8 24 11 25 19 26 14 24 5 25 23 26 14 27 8 21 19 24 5 25 4 26 2 21 7 24 14 25 6 26 8 21 10 24 4 25 21 26 7 21 11 24 2 26 3 27 4 21 4 24 5 26 23 27 4 24 5 25 14 26 19 27 14 24 14 25 11 26 5 27 2 21 9 24 4 25 15 26 8 24 4 25 18 26 14 27 4 21 9 24 7 25 24 26 9 24 5 25 2 26 2 27 3 24 14 25 14 26 5 27 19 24 7 25 7 26 2 27 6 24 9 25 7 26 2 27 16 20 9 26 7 27 29 24 9 25 7 26 5 27 6 20 9 26 7 27 29 21 9 26 5 27 22 20 10 26 10 27 27 20 9 26 7 27 29 24 10 25 9 26 4 27 30 21 7 24 9 26 13 27 20 24 7 25 8 26 19 27 23 21 9 24 7 25 24 26 9 20 10 24 9 25 26 20 10 24 9 25 26 20 10 24 7 25 25 20 10 26 9 27 26 21 9 26 4 27 24 20 10 27 31 21 10 27 31 20 9 26 2 27 21 20 9 26 9 27 25 24 9 26 4 27 24 20 9 26 7 27 29 20 10 26 7 27 25 20 10 26 5 27 21 20 10 26 10 27 27 20 10 26 10 27 27 20 9 26 5 27 22 20 9 21 9 26 13 27 23 20 9 21 9 26 13 27 23 20 9 21 9 26 20 27 18 20 9 21 3 26 18 27 4 21 3 24 9 26 12 27 7 20 10 26 5 27 21 20 9 21 17 26 23 21 23 24 10 26 18 27 9 21 28 22 10 26 4 21 28 26 4 27 10 20 3 21 22 26 10 20 2 21 22 22 10 26 9 19 10 20 12 21 23 19 10 20 12 21 23 20 2 21 30 26 10 20 5 21 21 26 10 19 10 20 17 21 13 20 14 21 21 22 10 23 9 19 10 20 17 21 13 19 9 20 18 21 13 20 3 21 6 22 9 23 9 20 11 21 18 22 4 23 10 21 24 22 9 23 9 26 7 20 7 21 17 22 2 23 4 20 9 21 23 22 3 23 2 20 9 21 5 22 2 23 13 20 9 21 5 22 14 23 18 20 9 21 9 22 10 23 29 20 9 21 4 22 9 23 21 20 9 21 11 22 14 23 23 21 14 22 9 23 15 24 7 20 7 21 6 22 4 23 4 21 2 22 7 23 16 26 9 22 10 23 31 21 9 23 29 24 10 26 9 21 9 23 29 24 10 26 9 21 2 23 16 24 7 26 9 22 10 23 31 22 10 23 31 22 10 23 31 22 10 23 31 21 3 22 14 23 23 26 7 22 10 23 31 21 13 22 8 23 11 26 7 21 18 22 14 23 2 26 7 5 10 23 31 22 10 23 31 20 10 21 9 22 10 23 25 20 10 23 31 22 10 23 31 22 10 23 31 22 10 23 31 21 9 23 29 24 10 26 9 22 9 23 26 24 10 21 2 23 16 24 7 26 9 20 10 23 31 21 13 22 8 23 11 26 7 21 21 22 8 23 9 26 7 21 12 22 8 23 2 26 7 21 4 24 5 26 23 27 4 21 23 24 7 26 23 27 9 21 11 24 2 26 3 27 4 21 4 24 4 26 18 27 14 20 9 21 17 26 23 21 3 24 9 26 12 27 7 21 8 24 9 26 20 27 23 20 9 21 9 26 20 27 18 24 9 26 4 27 24 20 10 26 5 27 21 24 14 25 14 26 5 27 19 24 10 25 9 26 4 27 30 20 9 26 9 27 25 20 10 26 7 27 25 24 9 25 7 26 2 27 16 20 9 26 7 27 29 21 28 22 10 26 4 20 9 21 29 22 9 26 10 21 22 23 7 24 8 26 7 20 2 21 22 22 10 26 9 19 10 20 12 21 23 20 2 21 15 22 7 23 10 19 10 20 12 21 23 21 12 22 8 23 2 26 7 21 19 24 5 25 4 26 2 24 14 25 11 26 5 27 2 24 5 25 23 26 14 27 8 21 7 24 14 25 6 26 8 24 4 25 18 26 14 27 4 21 9 24 7 25 24 26 9 20 10 24 7 25 25 20 10 25 31 20 10 24 7 25 25 20 10 25 31 20 10 24 9 25 26 21 9 24 7 25 24 26 9 19 10 20 12 21 23 21 8 24 4 26 6 27 8 16 10 31 20 32 6 31 4 32 28 33 10 16 10 31 11 32 15 31 4 32 28 33 10 16 10 31 3 32 22 16 9 31 3 32 15 31 14 32 24 33 10 16 10 31 3 32 22 16 10 31 20 32 6 16 10 31 19 32 16 16 10 31 13 32 17 16 10 31 11 32 15 16 10 31 13 32 17 16 10 31 18 32 18 30 9 31 29 32 7 30 9 31 29 32 7 16 10 31 13 32 17 30 10 31 31 30 10 31 31 30 10 31 25 32 7 30 10 31 31 30 10 31 31 30 10 31 25 32 7 16 10 31 23 32 12 30 9 31 28 32 8 16 10 31 13 32 17 30 10 31 31 30 10 31 31 30 9 31 29 32 7 16 10 31 13 32 17 16 10 31 20 32 6 16 10 31 11 32 15 31 4 32 28 33 10 31 4 32 28 33 10 16 10 31 3 32 22 31 4 32 28 33 10 31 9 32 27 31 10 32 27 33 10 31 10 32 27 33 10 31 10 32 27 33 10 31 4 32 28 33 10 31 10 32 27 33 10 31 10 32 27 33 10 31 10 32 27 33 10 30 10 31 31 30 9 31 29 32 7 31 10 32 30 33 2 31 10 32 17 33 13 31 10 32 24 33 14 31 10 32 17 33 13 31 9 32 18 33 13 31 10 32 21 33 5 31 10 32 22 33 3 31 10 32 12 33 23 31 10 32 12 33 23 31 10 32 30 33 2 31 10 32 12 33 23 31 10 32 12 33 23 31 10 32 24 33 14 31 10 32 30 33 2 31 10 32 12 33 23 32 10 33 30 36 10 38 14 33 3 36 2 37 8 38 19 33 3 36 7 37 7 38 17 32 9 33 21 36 8 38 7 33 15 35 8 36 8 38 7 33 5 36 11 37 14 38 2 36 11 37 5 38 5 39 4 33 7 36 19 37 11 38 2 36 11 37 5 38 5 39 4 33 8 36 11 37 19 38 14 36 5 37 23 38 14 39 8 33 19 36 5 37 4 38 2 33 7 36 14 37 6 38 8 33 10 36 4 37 21 38 7 33 11 36 2 38 3 39 4 33 4 36 5 38 23 39 4 36 5 37 14 38 19 39 14 36 14 37 11 38 5 39 2 33 9 36 4 37 15 38 8 36 4 37 18 38 14 39 4 33 9 36 7 37 24 38 9 36 5 37 2 38 2 39 3 36 14 37 14 38 5 39 19 36 7 37 7 38 2 39 6 36 9 37 7 38 2 39 16 32 9 38 7 39 29 36 9 37 7 38 5 39 6 32 9 38 7 39 29 33 9 38 5 39 22 32 10 38 10 39 27 32 9 38 7 39 29 36 10 37 9 38 4 39 30 33 7 36 9 38 13 39 20 36 7 37 8 38 19 39 23 33 9 36 7 37 24 38 9 32 10 36 9 37 26 32 10 36 9 37 26 32 10 36 7 37 25 32 10 36 9 37 26 32 10 38 9 39 26 33 9 38 4 39 24 32 10 39 31 33 10 39 31 32 9 38 2 39 21 32 9 38 9 39 25 36 9 38 4 39 24 32 9 38 7 39 29 32 10 38 7 39 25 32 10 38 5 39 21 32 10 38 10 39 27 32 10 38 10 39 27 32 9 38 5 39 22 32 9 33 9 38 13 39 23 32 9 33 9 38 13 39 23 32 9 33 9 38 20 39 18 32 9 33 3 38 18 39 4 33 3 36 9 38 12 39 7 32 10 38 5 39 21 32 9 33 17 38 23 33 23 36 10 38 18 39 9 33 28 34 10 38 4 33 28 38 4 39 10 32 3 33 22 38 10 32 2 33 22 34 10 38 9 31 10 32 12 33 23 31 10 32 12 33 23 32 2 33 30 38 10 32 5 33 21 38 10 31 10 32 17 33 13 32 14 33 21 34 10 35 9 31 10 32 17 33 13 31 9 32 18 33 13 32 3 33 6 34 9 35 9 32 11 33 18 34 4 35 10 33 24 34 9 35 9 38 7 32 7 33 17 34 2 35 4 32 9 33 23 34 3 35 2 32 9 33 5 34 2 35 13 32 9 33 5 34 14 35 18 32 9 33 9 34 10 35 29 32 9 33 4 34 9 35 21 32 9 33 11 34 14 35 23 33 14 34 9 35 15 36 7 32 7 33 6 34 4 35 4 33 2 34 7 35 16 38 9 34 10 35 31 33 9 35 29 36 10 38 9 33 9 35 29 36 10 38 9 33 2 35 16 36 7 38 9 34 10 35 31 34 10 35 31 34 10 35 31 34 10 35 31 33 3 34 14 35 23 38 7 34 10 35 31 33 13 34 8 35 11 38 7 33 18 34 14 35 2 38 7 10 10 35 31 34 10 35 31 32 10 33 9 34 10 35 25 32 10 35 31 34 10 35 31 34 10 35 31 34 10 35 31 33 9 35 29 36 10 38 9 34 9 35 26 36 10 33 2 35 16 36 7 38 9 32 10 35 31 33 13 34 8 35 11 38 7 33 21 34 8 35 9 38 7 33 12 34 8 35 2 38 7 33 4 36 5 38 23 39 4 33 23 36 7 38 23 39 9 33 4 36 4 38 18 39 14 33 11 36 2 38 3 39 4 32 9 33 17 38 23 33 3 36 9 38 12 39 7 33 8 36 9 38 20 39 23 32 9 33 9 38 20 39 18 36 9 38 4 39 24 32 10 38 5 39 21 36 14 37 14 38 5 39 19 36 10 37 9 38 4 39 30 32 9 38 9 39 25 32 10 38 7 39 25 36 9 37 7 38 2 39 16 32 9 38 7 39 29 33 28 34 10 38 4 32 9 33 29 34 9 38 10 33 22 35 7 36 8 38 7 32 2 33 22 34 10 38 9 31 10 32 12 33 23 32 2 33 15 34 7 35 10 31 10 32 12 33 23 33 12 34 8 35 2 38 7 33 19 36 5 37 4 38 2 36 14 37 11 38 5 39 2 36 5 37 23 38 14 39 8 33 7 36 14 37 6 38 8 36 4 37 18 38 14 39 4 33 9 36 7 37 24 38 9 32 10 36 7 37 25 32 10 37 31 32 10 36 7 37 25 32 10 37 31 33 9 36 7 37 24 38 9 31 10 32 12 33 23 33 8 36 4 38 6 39 8 3 2 4 13 5 2 10 7 3 3 4 23 5 8 10 4 3 4 4 12 5 14 10 7 3 5 4 5 5 20 10 7 3 6 4 7 5 4 10 4 3 5 4 5 5 7 10 20 3 2 4 13 5 7 10 2 3 5 4 9 5 12 10 8 3 2 4 12 5 8 10 7 3 4 4 16 5 7 10 8 3 7 4 16 10 2 16 9 3 8 4 17 10 3 16 9 3 3 4 9 5 11 10 11 3 5 4 9 5 7 10 6 3 9 4 15 10 2 16 9 3 7 4 13 10 20 16 9 3 7 4 18 5 9 10 19 3 9 4 21 10 8 16 7 3 8 4 3 5 7 10 18 3 8 4 2 5 9 10 6 3 8 4 5 5 9 10 12 3 10 4 9 10 26 3 8 4 9 10 28 3 4 4 9 10 24 3 8 4 15 5 7 10 8 3 9 4 24 5 9 10 7 3 7 4 24 5 7 10 10 3 9 4 25 5 9 3 2 4 15 5 7 10 10 3 11 4 13 5 7 10 8 3 8 4 15 5 8 10 7 3 9 4 24 5 7 10 9 3 9 4 25 10 9 3 3 4 3 5 19 10 9 3 3 4 3 5 9 10 19 3 12 4 9 5 14 10 14 3 13 4 10 5 13 10 9 3 12 4 9 5 14 10 14 3 12 4 9 5 14 10 14 3 13 4 10 5 9 10 13 3 7 4 18 5 19 10 9 3 9 4 21 5 8 16 7 3 9 4 15 5 2 16 9 3 7 4 13 5 20 16 9 3 8 4 5 5 12 10 9 3 8 4 2 5 6 10 9 3 8 4 3 5 18 10 7 3 8 4 17 5 3 16 9 3 4 4 9 5 24 3 10 4 9 5 26 3 7 4 16 5 2 16 9 3 2 4 13 5 2 10 7 3 4 4 12 5 14 10 7 3 5 4 5 5 20 10 7 3 5 4 9 5 12 10 8 3 8 4 9 5 28 3 8 4 15 5 8 16 7 3 5 4 10 5 15 10 9 3 7 4 16 5 2 16 9 3 7 4 26 3 9 4 15 5 2 16 9 3 9 4 21 5 8 16 7 3 9 4 24 5 7 10 9 3 9 4 25 10 9 3 7 4 24 5 7 10 10 3 9 4 25 5 9 3 9 4 24 5 9 10 7 3 9 4 21 10 8 16 7 3 9 4 15 10 2 16 9 3 8 4 15 5 8 16 7 3 7 4 16 10 2 16 9 3 4 4 16 5 7 10 8 3 2 4 12 5 8 10 7 3 4 4 16 5 4 10 9 3 4 4 12 5 14 10 7 3 4 4 16 5 4 10 9 3 5 4 10 5 15 10 9 16 14 17 13 18 14 42 4 16 2 17 20 30 7 42 3 16 8 17 23 18 4 42 3 16 5 17 13 30 7 42 14 16 9 17 23 30 9 42 13 16 9 17 20 18 10 42 17 17 7 30 9 42 29 16 8 17 3 18 14 42 20 16 7 17 5 18 7 42 12 17 7 18 9 42 29 16 10 17 3 18 9 42 16 16 8 17 11 18 9 42 18 16 7 17 2 18 10 42 15 17 7 18 10 42 25 18 10 42 31 17 9 18 10 42 26 18 10 42 31 18 10 42 31 17 10 42 31 30 10 42 31 30 10 42 31 18 10 42 31 18 10 42 31 30 10 42 31 18 10 42 31 18 10 42 31 18 10 42 31 18 10 42 31 16 10 42 31 17 10 42 31 30 10 42 31 16 10 42 31 16 10 42 31 16 10 42 31 16 10 42 31 16 10 42 31 16 10 42 31 16 10 42 31 17 10 42 31 16 10 42 31 17 10 42 31 17 10 42 31 18 10 42 31 18 10 42 31 16 10 42 31 16 10 42 31 42 1 16 10 42 31 42 1 17 10 42 31 17 10 42 31 17 10 42 31 18 10 42 31 16 10 42 31 17 10 42 31 17 10 42 31 16 10 42 31 18 10 42 31 16 10 42 31 18 10 42 31 18 10 42 31 17 10 42 31 18 10 42 31 18 10 42 31 17 10 18 10 42 27 17 10 18 10 42 27 16 9 17 8 42 28 18 10 42 31 18 10 42 31 16 9 17 2 18 10 42 22 18 10 42 31 18 10 42 31 16 7 17 14 18 9 42 15 16 9 17 4 18 10 42 30 16 9 17 7 18 10 42 28 16 9 17 7 42 29 16 10 42 31 18 10 42 31 16 9 17 10 42 26 16 10 42 31 16 10 42 31 16 10 42 31 17 9 30 9 42 25 16 9 17 8 18 10 42 24 17 4 18 8 30 9 42 15 16 10 42 31 16 10 42 31 16 10 42 31 16 10 42 31 18 10 42 31 16 10 42 31 18 10 42 31 18 10 42 31 18 10 42 31 18 10 42 31 18 10 42 31 18 10 42 31 16 10 42 31 16 10 42 31 17 10 18 10 42 27 16 10 17 9 42 26 16 9 17 4 18 10 42 30 16 9 17 7 42 29 18 10 42 31 18 10 42 31 16 9 42 27 18 10 42 31 16 10 17 9 42 26 16 9 17 7 42 29 16 9 17 7 42 29 16 9 17 4 18 10 42 30 18 10 42 31 18 10 42 31 30 10 42 31 30 10 42 31 18 10 42 31 30 10 42 31 18 10 42 31 18 10 42 31 17 10 42 31 18 10 42 31 17 10 42 31 18 10 42 31 16 10 42 31 18 10 42 31 16 10 42 31 16 10 42 31 18 10 42 31 16 10 42 31 16 10 42 31 16 14 17 13 30 14 42 4 16 2 17 20 30 7 42 3 16 5 17 13 30 7 42 14 16 8 17 23 30 4 42 3 16 9 17 23 30 9 42 13 16 9 17 20 30 10 42 17 17 7 30 9 42 29 16 8 17 3 30 14 42 20 16 7 17 5 30 7 42 12 17 7 30 9 42 29 16 10 17 3 30 9 42 16 16 8 17 11 30 9 42 18 16 7 17 2 30 10 42 15 17 7 30 10 42 25 30 10 42 31 17 9 30 10 42 26 30 10 42 31 30 10 42 31 17 10 42 31 30 10 42 31 30 10 42 31 30 10 42 31 30 10 42 31 30 10 42 31 30 10 42 31 30 10 42 31 30 10 42 31 30 10 42 31 16 10 42 31 17 10 42 31 30 10 42 31 16 10 42 31 16 10 42 31 16 10 42 31 16 10 42 31 16 10 42 31 16 10 42 31 16 10 42 31 17 10 42 31 16 10 42 31 17 10 42 31 17 10 42 31 30 10 42 31 30 10 42 31 16 10 42 31 16 10 42 31 42 1 16 10 42 31 42 1 17 10 42 31 17 10 42 31 17 10 42 31 30 10 42 31 16 10 42 31 16 10 42 31 30 10 42 31 30 10 42 31 16 10 42 31 30 10 42 31 17 10 42 31 17 10 42 31 30 10 42 31 30 10 42 31 17 10 30 10 42 27 17 10 30 10 42 27 16 9 17 8 42 28 30 10 42 31 30 10 42 31 16 9 17 2 30 10 42 22 30 10 42 31 30 10 42 31 16 7 17 14 30 9 42 15 16 9 17 4 30 10 42 30 16 9 17 7 30 10 42 28 16 9 17 7 42 29 16 10 42 31 30 10 42 31 16 9 17 10 42 26 16 10 42 31 16 10 42 31 16 10 42 31 17 9 30 9 42 25 16 9 17 8 30 10 42 24 17 4 18 8 30 9 42 15 16 10 42 31 16 10 42 31 16 10 42 31 16 10 42 31 30 10 42 31 16 10 42 31 30 10 42 31 30 10 42 31 30 10 42 31 30 10 42 31 30 10 42 31 30 10 42 31 16 10 42 31 16 10 42 31 17 10 30 10 42 27 16 9 17 4 30 10 42 30 16 10 17 9 42 26 16 9 17 7 42 29 30 10 42 31 30 10 42 31 16 9 42 27 30 10 42 31 16 10 17 9 42 26 16 9 17 7 42 29 16 9 17 7 42 29 16 9 17 4 30 10 42 30 30 10 42 31 30 10 42 31 30 10 42 31 30 10 42 31 30 10 42 31 30 10 42 31 30 10 42 31 30 10 42 31 17 10 42 31 30 10 42 31 17 10 42 31 17 10 42 31 30 10 42 31 16 10 42 31 16 10 42 31 30 10 42 31 16 10 42 31 30 10 42 31 16 10 42 31 16 10 42 31 16 10 42 31 18 10 42 31 18 10 42 31 18 10 42 31 16 10 42 31 16 10 42 31 16 10 42 31 18 10 42 31 16 10 42 31 16 10 42 31 42 1 42 1 42 1 42 1 42 1 42 1 42 1 42 1 42 1 42 1 42 1 42 1 42 1 42 1 42 1 42 1 42 1 16 10 42 31 16 10 42 31 16 10 42 31 16 10 42 31 16 10 42 31 16 10 42 31 42 1 42 1 42 1 42 1 42 1 42 1 42 1 42 1 42 1 42 1 42 1 42 1 42 1 42 1 42 1 42 1 42 1 42 1 42 1 42 1 42 1 42 1 42 1 42 1 42 1 42 1 42 1 42 1 42 1 42 1 42 1 42 1 42 1 42 1 42 1 42 1 42 1 42 1 42 1 42 1 42 1 42 1 42 1 42 1 42 1 16 10 42 31 30 10 42 31 30 10 42 31 30 10 42 31 16 10 42 31 16 10 42 31 16 10 42 31 30 10 42 31 16 10 42 31 16 10 42 31 42 1 42 1 42 1 42 1 42 1 42 1 42 1 42 1 42 1 42 1 42 1 42 1 42 1 42 1 42 1 42 1 42 1 16 10 42 31 16 10 42 31 16 10 42 31 16 10 42 31 16 10 42 31 16 10 42 31 42 1 42 1 42 1 42 1 42 1 42 1 42 1 42 1 42 1 42 1 42 1 42 1 42 1 42 1 42 1 42 1 42 1 42 1 42 1 42 1 42 1 42 1 42 1 42 1 42 1 42 1 42 1 42 1 42 1 42 1 29 1 29 1 29 1 29 1 29 1 29 1 29 1 29 1 29 1 29 1 29 1 29 1 29 1 29 1 29 1 29 1 29 1 29 1 29 1 29 1 29 1 29 1 29 1 29 1 29 1 29 1 29 1 29 1 29 1 29 1 29 1 29 1 29 1 29 1 29 1 29 1 29 1 29 1 29 1 29 1 29 1 29 1 29 1 29 1 29 1 29 1 29 1 29 1 29 1 29 1 29 1 29 1 29 1 29 1 29 1 29 1 29 1 29 1 29 1 29 1 29 1 29 1 29 1 29 1 29 1 29 1 29 1 29 1 29 1 29 1 29 1 29 1 29 1 29 1 29 1 29 1 29 1 29 1 29 1 29 1 29 1 29 1 29 1 29 1 29 1 29 1 29 1 29 1 29 1 29 1 29 1 29 1 29 1 29 1 29 1 29 1 29 1 29 1 29 1 29 1 29 1 29 1 29 1 29 1 29 1 29 1 29 1 29 1 29 1 29 1 29 1 29 1 29 1 29 1 29 1 29 1 29 1 29 1 29 1 29 1 29 1 29 1 29 1 29 1 29 1 29 1 29 1 29 1 29 1 29 1 29 1 29 1 29 1 29 1 29 1 29 1 29 1 29 1 29 1 29 1 29 1 29 1 29 1 29 1 29 1 29 1 29 1 29 1 29 1 29 1 29 1 29 1 29 1 29 1 29 1 29 1 29 1 29 1 29 1 29 1 29 1 29 1 29 1 29 1 29 1 29 1 29 1 29 1 29 1 29 1 29 1 29 1 29 1 29 1 29 1 29 1 29 1 29 1 29 1 29 1 29 1 29 1 29 1 29 1 29 1 29 1 29 1 29 1 29 1 29 1 29 1 29 1 29 1 29 1 29 1 29 1 29 1 29 1 29 1 29 1 29 1 29 1 29 1 29 1 29 1 29 1 29 1 29 1 29 1 29 1 29 1 29 1 29 1 29 1 29 1 29 1 29 1 29 1 29 1 29 1 29 1 29 1 29 1 29 1 29 1 29 1 29 1 29 1 29 1 29 1 29 1 29 1 29 1 29 1 29 1 29 1 29 1 29 1 29 1 29 1 29 1 29 1 29 1 29 1 29 1 29 1 29 1 29 1 29 1 29 1 29 1 29 1 29 1 29 1 29 1 29 1 29 1 29 1 29 1 29 1 29 1 29 1 29 1 29 1 29 1 29 1 29 1 29 1 29 1 29 1 29 1 29 1 29 1 29 1 16 12 17 10 18 11 19 7 16 24 18 4 19 9 16 12 17 7 18 3 19 9 16 24 18 4 19 9 16 25 18 9 42 9 16 29 18 7 19 9 4 9 16 26 19 10 4 9 16 26 18 10 4 7 5 10 16 25 4 7 5 10 16 25 4 11 10 10 16 15 4 11 10 10 16 15 4 11 10 10 16 15 3 8 4 23 5 10 16 23 3 8 4 23 5 10 16 23 3 4 4 17 5 8 16 14 3 4 4 17 5 8 16 14 3 14 4 13 5 14 16 4 4 10 16 26 18 9 4 8 5 9 16 28 4 10 16 26 18 9 4 8 5 10 16 29 4 5 16 22 19 9 4 5 16 22 19 9 4 20 16 6 19 10 4 10 16 26 18 9 4 10 16 26 18 9 4 10 16 26 18 9 4 10 16 26 18 9 4 10 16 26 18 9 4 10 16 26 18 9 4 10 16 26 18 9 4 8 5 9 16 28 4 8 5 9 16 28 4 8 5 10 16 29 4 8 5 10 16 29 4 5 16 22 19 9 4 5 16 22 19 9 4 5 16 22 19 9 4 5 16 22 19 9 4 20 16 6 19 10 4 20 16 6 19 10 4 20 16 6 19 10 16 12 17 10 30 11 31 7 16 24 30 4 31 9 16 24 30 4 31 9 16 12 17 7 30 3 31 9 16 25 30 9 42 9 16 29 30 7 31 9 4 9 16 26 31 10 4 9 16 26 30 10 4 7 5 10 16 25 4 7 5 10 16 25 4 3 5 9 16 15 4 11 5 10 16 15 4 3 5 9 16 15 3 9 4 23 10 10 16 18 3 9 4 23 10 10 16 18 3 8 4 12 10 9 16 5 3 8 4 12 10 9 16 5 3 4 4 12 10 8 16 4 4 10 16 26 30 9 4 10 16 26 30 9 4 8 10 9 16 28 4 8 10 10 16 29 4 5 16 22 31 9 4 5 16 22 31 9 4 20 16 6 31 10 4 10 16 26 30 9 4 10 16 26 30 9 4 10 16 26 30 9 4 10 16 26 30 9 4 10 16 26 30 9 4 10 16 26 30 9 4 10 16 26 30 9 4 8 10 9 16 28 4 8 10 9 16 28 4 8 10 10 16 29 4 8 10 10 16 29 4 5 16 22 31 9 4 5 16 22 31 9 4 5 16 22 31 9 4 5 16 22 31 9 4 20 16 6 31 10 4 20 16 6 31 10 4 20 16 6 31 10 31 10 32 31 31 9 32 27 31 10 32 26 33 9 32 31 33 10 31 10 32 27 33 10 31 10 32 24 33 14 31 10 32 30 33 2 32 15 33 19 31 10 32 27 33 10 32 31 33 10 32 31 33 10 31 10 32 24 33 14 31 10 32 21 33 5 31 10 32 15 33 11 31 10 32 28 33 4 31 10 32 27 33 10 32 31 33 10 31 10 32 27 33 10 32 31 33 10 31 10 32 24 33 14 31 10 32 22 33 3 31 10 32 28 33 4 31 10 32 21 33 5 31 10 32 21 33 5 31 10 32 24 33 14 31 10 32 27 33 10 32 31 33 10 31 10 32 22 33 3 31 10 32 21 33 5 31 10 32 15 33 11 31 10 32 22 33 3 32 15 33 19 31 10 32 21 33 5 31 10 32 21 33 5 31 10 32 22 33 3 32 15 33 19 32 31 33 10 32 31 33 10 31 10 32 31 32 31 33 10 32 31 33 10 32 31 33 10 31 10 32 31 32 31 33 10 6 17 7 13 8 10 5 10 6 25 7 7 5 9 6 15 7 3 5 10 6 25 7 7 5 10 6 25 7 7 5 10 6 6 7 20 5 10 6 6 7 20 5 10 6 25 7 7 5 10 6 17 7 13 5 10 6 25 7 7 5 10 6 25 7 7 5 10 6 13 7 17 5 10 6 25 7 7 5 10 6 6 7 20 6 3 7 21 6 5 7 30 6 14 7 24 8 10 5 9 6 19 7 12 8 10 6 14 7 24 8 10 5 9 6 11 7 16 6 5 7 30 6 5 7 30 5 9 6 3 7 16 8 10 6 5 7 20 8 19 5 9 6 11 7 16 5 9 6 19 7 12 8 10 6 5 7 13 8 3 7 11 8 22 6 4 7 3 8 12 6 3 7 13 8 5 7 11 8 22 6 5 7 13 8 3 6 14 7 21 8 7 5 9 6 3 7 16 8 10 6 2 7 22 8 7 6 2 7 30 8 10 6 14 7 24 8 10 6 5 7 30 6 2 7 24 6 3 7 21 6 5 7 30 6 5 7 30 6 2 7 24 6 2 7 30 8 10 6 2 7 30 8 10 6 2 7 21 8 9 6 14 7 21 8 7 6 14 7 16 8 14 6 14 7 16 8 14 6 14 7 23 8 20 6 4 7 20 8 13 7 3 8 21 7 3 8 21 7 11 8 22 6 5 7 30 6 5 7 30 6 5 7 30 7 19 8 15 6 2 7 11 8 13 7 11 8 22 6 14 7 24 8 10 6 3 7 21 6 2 7 30 8 10 6 14 7 24 8 10 6 2 7 24 6 2 7 24 6 14 7 21 8 7 6 2 7 22 8 7 6 14 7 16 8 14 6 5 7 30 6 5 7 13 8 3 6 2 7 11 8 13 7 11 8 22 7 11 8 22 6 4 7 20 8 13 7 19 8 15 7 3 8 21 11 17 12 13 13 10 10 10 11 25 12 7 10 10 11 25 12 7 10 9 11 15 12 3 10 10 11 25 12 7 10 10 11 6 12 20 10 10 11 6 12 20 10 10 11 25 12 7 10 10 11 17 12 13 10 10 11 25 12 7 10 10 11 25 12 7 10 10 11 13 12 17 10 10 11 25 12 7 10 10 11 6 12 20 11 3 12 21 11 5 12 30 11 14 12 24 13 10 10 9 11 19 12 12 13 10 11 14 12 24 13 10 10 9 11 11 12 16 10 9 11 3 12 16 13 10 11 5 12 30 11 5 12 30 11 5 12 20 13 19 10 9 11 19 12 12 13 10 10 9 11 11 12 16 11 5 12 13 13 3 12 11 13 22 11 4 12 3 13 12 11 3 12 13 13 5 12 11 13 22 11 5 12 13 13 3 11 14 12 21 13 7 10 9 11 3 12 16 13 10 11 2 12 22 13 7 11 2 12 30 13 10 11 14 12 24 13 10 11 5 12 30 11 2 12 24 11 3 12 21 11 5 12 30 11 5 12 30 11 2 12 24 11 2 12 30 13 10 11 2 12 30 13 10 11 2 12 21 13 9 11 14 12 21 13 7 11 14 12 16 13 14 11 14 12 16 13 14 11 14 12 23 13 20 11 4 12 20 13 13 12 3 13 21 12 3 13 21 12 11 13 22 11 5 12 30 11 5 12 30 11 5 12 30 12 19 13 15 11 2 12 11 13 13 12 11 13 22 11 14 12 24 13 10 11 3 12 21 11 2 12 30 13 10 11 2 12 24 11 14 12 24 13 10 11 2 12 24 11 14 12 21 13 7 11 2 12 22 13 7 11 14 12 16 13 14 11 5 12 30 11 5 12 13 13 3 11 2 12 11 13 13 12 11 13 22 12 11 13 22 11 4 12 20 13 13 12 19 13 15 12 3 13 21 3 12 4 8 5 4 10 4 3 13 4 8 5 11 10 7 3 13 4 8 5 11 10 7 3 12 4 8 5 4 10 4 3 2 4 2 5 18 10 9 3 2 4 2 5 18 10 9 3 7 4 11 5 17 10 9 3 7 4 11 5 17 10 9 3 7 4 13 5 20 10 9 3 7 4 13 5 20 10 9 3 4 4 6 5 14 10 9 3 4 4 6 5 14 10 9 3 4 4 15 5 9 10 8 3 4 4 15 5 9 10 8 3 6 4 7 5 4 10 4 3 13 4 8 5 11 10 7 3 2 4 2 5 18 10 9 3 7 4 11 5 17 10 9 3 7 4 13 5 20 10 9 3 14 4 12 5 14 10 9 3 2 4 6 5 8 10 9 3 4 4 15 5 9 10 8 3 4 4 6 5 14 10 9 3 7 4 13 5 20 10 9 3 7 4 11 5 17 10 9 3 2 4 2 5 18 10 9 3 13 4 8 5 11 10 7 3 12 4 8 5 4 10 4 3 12 4 8 5 4 10 4 3 13 4 8 5 7 10 11 3 12 4 8 5 4 10 4 3 13 4 8 5 7 10 11 3 2 4 2 5 9 10 18 3 2 4 2 5 9 10 18 3 7 4 11 5 9 10 17 3 7 4 11 5 9 10 17 3 7 4 13 5 9 10 20 3 7 4 13 5 9 10 20 3 4 4 6 5 9 10 14 3 4 4 6 5 9 10 14 3 4 4 15 5 9 10 8 3 4 4 15 5 9 10 8 3 6 4 7 5 4 10 4 3 13 4 8 5 7 10 11 3 2 4 2 5 9 10 18 3 7 4 11 5 9 10 17 3 7 4 13 5 9 10 20 3 14 4 12 5 9 10 14 3 2 4 6 5 8 10 9 3 4 4 15 5 9 10 8 3 4 4 6 5 9 10 14 3 7 4 13 5 9 10 20 3 7 4 11 5 9 10 17 3 2 4 2 5 9 10 18 3 13 4 8 5 7 10 11 3 12 4 8 5 4 10 4 3 15 4 9 5 7 10 14 3 6 4 10 5 8 10 5 3 16 4 9 5 9 10 5 3 15 4 9 5 9 10 2 3 12 4 10 5 9 10 19 3 15 4 10 5 4 10 4 3 12 4 10 5 14 10 2 3 17 4 10 5 11 10 8 3 18 4 10 5 5 10 2 3 18 4 9 5 11 10 8 3 18 4 9 5 19 10 7 3 19 5 20 6 9 10 14 3 20 5 23 6 9 10 8 3 19 5 23 6 10 10 14 3 13 4 9 5 8 10 19 3 21 4 9 5 7 10 8 3 22 4 9 5 9 10 14 3 21 4 7 5 7 10 7 3 21 4 9 5 7 10 8 3 22 4 9 5 4 10 7 3 11 5 23 6 10 10 2 3 19 5 5 10 11 11 9 3 5 5 19 6 9 10 11 3 11 5 2 10 20 11 9 3 19 5 4 10 23 11 9 3 20 5 4 10 23 11 10 3 23 5 4 10 19 11 9 3 19 5 5 10 11 11 9 3 18 4 9 5 9 10 20 3 2 5 11 10 23 11 10 3 2 5 13 6 10 10 3 3 11 5 4 10 13 11 9 3 17 4 9 5 9 10 19 3 17 4 9 5 9 10 19 3 2 5 13 6 9 10 5 3 19 5 23 6 10 10 14 3 6 4 9 5 5 10 7 3 21 4 10 5 4 10 7 3 7 5 14 10 16 11 7 3 4 5 2 10 12 11 9 3 4 5 2 10 12 11 9 3 7 5 14 10 16 11 7 3 7 5 14 10 16 11 7 3 4 5 2 10 12 11 9 3 4 5 2 10 12 11 9 3 7 5 14 10 16 11 7 5 4 6 7 10 15 11 7 5 4 6 7 10 15 11 7 5 4 6 7 10 15 11 7 5 4 6 7 10 15 11 7 5 8 6 8 10 6 11 4 5 8 6 8 10 6 11 4 5 8 6 8 10 6 11 4 5 8 6 8 10 6 11 4 3 8 5 18 6 9 10 11 3 14 5 20 6 10 10 20 3 14 5 20 6 10 10 20 3 8 5 18 6 9 10 11 3 8 5 18 6 9 10 11 3 14 5 20 6 10 10 20 3 14 5 20 6 10 10 20 3 8 5 18 6 9 10 11 5 6 10 19 11 9 5 6 10 19 11 9 5 6 10 19 11 9 5 6 10 19 11 9 16 14 17 13 18 14 42 4 16 30 17 8 18 7 30 10 16 5 17 13 30 7 42 14 16 16 17 7 18 2 19 9 4 4 16 24 19 9 4 14 16 15 18 9 19 7 16 11 18 11 19 3 42 9 16 2 17 7 18 17 19 4 16 2 18 13 19 5 42 9 4 7 16 23 18 8 19 19 4 11 16 16 19 9 4 14 16 18 18 7 19 2 4 14 16 24 19 10 4 9 16 25 18 9 4 9 16 20 18 9 19 18 4 4 16 20 18 10 19 23 4 7 16 19 18 7 19 13 4 11 16 18 18 9 19 8 4 15 5 10 16 3 19 10 4 16 16 11 19 9 4 27 10 10 16 10 3 9 4 26 16 10 3 7 4 25 16 10 4 18 5 9 16 23 19 10 4 11 16 6 31 7 4 10 16 24 18 9 19 8 4 10 16 26 31 9 4 9 16 11 18 9 19 12 3 10 4 24 5 9 16 8 4 23 16 17 19 9 4 23 10 9 16 17 3 10 4 24 10 7 16 7 16 7 18 6 19 3 42 10 16 14 18 11 19 3 49 14 16 9 18 17 19 11 49 7 16 2 18 13 19 5 42 9 16 8 18 18 19 11 42 9 16 2 18 2 19 17 20 10 4 9 16 5 18 9 19 16 4 9 16 11 18 9 19 12 16 11 18 11 19 3 42 9 16 3 18 8 19 17 42 9 4 7 16 23 18 8 19 19 4 10 16 19 18 8 19 18 4 9 16 3 18 10 19 16 4 7 16 19 18 7 19 13 4 9 16 20 18 9 19 18 4 10 16 19 18 8 19 18 4 9 16 20 18 9 19 18 16 9 18 9 19 28 20 9 16 14 18 9 19 22 20 9 4 10 16 5 18 7 19 16 16 5 18 9 19 22 4 9 16 8 19 28 4 10 16 5 18 7 19 16 4 10 16 7 19 25 16 4 19 24 20 9 18 9 19 27 16 9 19 27 18 10 19 31 19 27 20 9 18 10 19 31 18 10 19 31 18 9 19 27 18 9 19 27 18 10 19 31 18 10 19 31 18 10 19 31 16 9 18 10 19 29 20 9 18 10 19 31 16 4 19 24 20 9 18 9 19 27 18 9 19 27 16 7 18 6 19 3 42 10 3 20 4 10 5 3 10 3 3 14 5 15 6 9 10 7 3 5 5 19 10 19 11 10 3 3 4 9 5 6 10 9 3 7 4 9 5 29 3 8 4 9 5 28 3 9 4 9 5 25 3 4 4 10 5 28 3 8 4 9 5 28 3 14 4 9 5 30 3 14 4 9 5 15 10 7 3 19 4 9 5 12 10 10 3 11 4 7 5 3 10 3 3 17 4 10 5 2 10 2 3 10 5 30 6 9 10 4 3 10 5 13 10 13 11 9 5 15 6 8 10 8 11 7 5 20 6 8 10 20 11 7 5 28 6 4 11 10 3 9 5 27 5 28 6 8 11 9 3 9 5 27 5 28 6 4 11 10 3 10 5 26 6 9 5 15 6 8 10 8 11 7 3 7 5 21 6 9 10 8 5 19 6 8 10 19 11 4 3 8 5 23 6 10 10 23 5 18 6 13 10 9 5 18 6 13 10 9 5 14 6 30 10 10 11 10 5 4 6 24 10 9 5 18 6 13 10 9 5 14 6 30 10 9 5 4 6 15 10 7 11 7 5 20 6 20 10 8 11 7 5 9 6 20 10 4 11 20 5 2 6 2 10 2 11 11 5 13 6 20 10 9 11 7 5 8 6 15 10 7 11 8 5 5 6 5 10 2 11 5 5 4 6 20 10 9 11 20 6 22 10 10 11 3 6 27 10 9 6 31 10 10 6 28 10 9 11 8 6 18 10 10 11 18 6 18 10 10 11 18 5 10 6 18 11 18 6 27 10 9 6 31 10 10 5 10 6 31 6 30 10 10 11 2 6 26 10 10 11 9 6 26 10 9 11 10 6 18 10 10 11 18 5 10 6 31 6 31 10 10 6 31 10 10 6 31 10 10 6 27 10 9 5 9 6 27 6 26 10 10 11 9 6 27 10 9 5 10 6 31 6 31 10 10 6 27 10 9 6 25 10 9 11 9 6 25 10 9 11 9 6 24 10 10 11 14 6 30 10 10 11 2 16 14 17 13 30 14 42 4 16 30 17 8 18 7 30 10 16 16 17 7 30 2 31 9 16 5 17 13 30 7 42 14 4 4 16 24 31 9 4 14 16 15 30 9 31 7 16 11 30 11 31 3 42 9 16 2 17 7 30 17 31 4 16 2 30 13 31 5 42 9 4 7 16 23 30 8 31 19 4 11 16 16 31 9 4 14 16 18 30 7 31 2 4 14 16 24 19 10 4 9 16 25 18 9 4 9 16 20 30 9 31 18 4 4 16 20 30 10 31 23 4 7 16 19 30 7 31 13 4 11 16 18 30 9 31 8 4 15 10 10 16 3 31 10 4 16 16 11 19 9 4 27 10 10 16 10 3 9 4 26 16 10 3 7 4 25 16 10 4 18 10 9 16 23 31 10 4 11 16 6 31 7 4 10 16 24 30 9 31 8 4 10 16 26 31 9 4 9 16 11 30 9 31 12 3 10 4 24 10 9 16 8 4 23 16 17 31 9 4 23 10 9 16 17 3 10 4 24 10 7 16 7 16 7 30 6 31 3 42 10 16 9 30 17 31 11 46 7 16 14 30 11 31 3 46 14 16 2 30 13 31 5 42 9 16 8 30 18 31 11 42 9 16 2 30 2 31 17 32 10 4 9 16 5 30 9 31 16 4 9 16 11 30 9 31 12 16 11 30 11 31 3 42 9 16 3 30 8 31 17 42 9 4 7 16 23 30 8 31 19 4 10 16 19 30 8 31 18 4 9 16 3 30 10 31 16 4 7 16 19 30 7 31 13 4 9 16 20 30 9 31 18 4 10 16 19 30 8 31 18 4 9 16 20 30 9 31 18 16 9 30 9 31 28 32 9 16 14 30 9 31 22 32 9 4 10 16 5 30 7 31 16 16 5 30 9 31 22 4 9 16 8 31 28 4 10 16 5 30 7 31 16 4 10 16 7 31 25 16 4 31 24 32 9 30 9 31 27 16 9 31 27 30 10 31 31 31 27 32 9 30 10 31 31 30 10 31 31 16 9 30 10 31 29 32 9 16 4 31 24 32 9 30 9 31 27 30 9 31 27 30 9 31 27 30 10 31 31 30 10 31 31 30 10 31 31 30 10 31 31 30 9 31 27 16 7 30 6 31 3 42 10 3 20 4 10 5 3 10 3 3 14 5 7 10 15 11 9 3 3 4 9 5 9 10 6 3 5 5 19 10 19 11 10 3 7 4 9 10 29 3 8 4 9 10 28 3 9 4 9 10 25 3 4 4 10 10 28 3 8 4 9 10 28 3 14 4 9 10 30 3 14 4 9 5 7 10 15 3 19 4 9 5 10 10 12 3 11 4 7 5 3 10 3 3 17 4 10 5 2 10 2 3 10 5 4 10 30 11 9 3 10 5 13 10 13 11 9 5 8 6 7 10 15 11 8 5 20 6 8 10 20 11 7 6 10 10 28 11 4 3 9 10 27 6 9 10 28 11 8 3 9 10 27 6 10 10 28 11 4 3 10 10 26 11 9 5 8 6 7 10 15 11 8 3 7 5 8 10 21 11 9 5 19 6 8 10 19 11 4 3 8 5 23 6 10 10 23 5 9 10 18 11 13 5 9 10 18 11 13 5 10 6 10 10 14 11 30 5 9 10 4 11 24 5 9 10 18 11 13 5 9 10 14 11 30 5 7 6 7 10 4 11 15 5 8 6 7 10 20 11 20 5 9 6 20 10 4 11 20 5 2 6 2 10 2 11 11 5 9 6 7 10 13 11 20 5 7 6 8 10 8 11 15 5 5 6 5 10 2 11 5 5 4 6 20 10 9 11 20 5 10 6 3 11 22 5 9 11 27 5 10 11 31 5 9 6 8 11 28 6 18 10 10 11 18 5 9 11 27 10 10 11 31 5 10 6 2 11 30 5 10 6 9 11 26 5 9 6 10 11 26 5 10 11 31 10 10 11 31 5 10 11 31 5 10 11 31 5 10 11 31 5 9 11 27 10 9 11 27 5 10 6 9 11 26 5 9 11 27 10 10 11 31 5 10 11 31 5 9 11 27 5 9 6 9 11 25 5 9 6 9 11 25 5 10 6 14 11 24 5 10 6 2 11 30 6 18 10 10 11 18 5 10 6 18 11 18 6 18 10 10 11 18 16 29 17 9 18 7 16 26 30 9 42 10 16 28 17 7 18 7 16 27 30 9 16 18 17 8 18 5 42 8 16 12 17 7 18 3 19 9 16 14 18 12 19 7 42 4 16 4 17 4 18 17 42 4 16 7 17 4 18 6 19 4 16 4 17 14 18 12 42 7 16 14 17 2 18 19 30 2 16 14 17 14 18 20 30 2 16 2 17 5 18 5 30 5 16 2 17 5 18 5 30 5 16 14 17 11 18 3 42 14 16 8 17 2 18 19 42 3 16 7 17 2 18 14 42 18 16 14 17 19 18 4 42 3 16 19 17 2 18 2 42 14 16 7 17 4 18 4 42 6 16 14 17 5 18 3 42 5 16 8 17 2 18 2 42 23 17 4 18 8 30 14 42 17 17 5 18 5 30 5 42 2 16 19 17 11 18 8 42 14 16 12 17 14 18 8 42 8 16 13 17 3 30 9 42 14 16 15 17 14 30 9 42 7 16 11 17 11 18 8 42 2 16 11 17 19 30 7 42 2 16 7 17 5 18 7 42 12 16 8 17 20 18 4 42 11 17 4 18 8 30 9 42 15 16 9 17 8 18 10 42 24 16 7 17 14 18 9 42 15 16 7 17 5 18 7 42 12 16 8 17 20 18 4 42 11 16 4 17 23 30 4 42 5 16 11 17 11 18 8 42 2 16 11 17 19 30 7 42 2 16 19 18 19 19 8 30 4 16 13 17 7 18 2 30 2 16 2 18 19 19 3 49 8 16 5 18 14 19 3 49 5 16 13 18 4 19 2 49 4 16 17 18 4 30 4 31 4 16 18 18 8 19 2 49 4 4 4 16 17 19 4 31 4 16 3 19 5 49 3 50 4 4 14 16 3 19 14 49 11 4 2 16 11 46 5 49 14 49 29 50 4 3 5 4 14 5 3 49 5 3 5 4 5 5 2 10 5 16 20 49 5 50 5 51 7 3 3 4 8 5 3 10 3 16 14 18 11 19 3 49 14 16 7 17 7 18 12 19 5 16 2 18 14 19 20 49 14 16 14 19 5 49 19 50 14 3 5 4 4 5 19 49 2 3 5 5 20 10 14 49 4 3 14 5 19 10 14 49 5 3 3 5 3 10 3 47 8 49 13 50 13 51 7 49 2 50 12 51 2 49 2 50 12 51 2 49 8 50 11 51 12 49 8 50 11 51 12 16 14 19 5 49 19 50 14 49 9 50 5 51 22 49 9 50 2 51 21 49 9 50 5 51 22 49 9 50 2 51 21 49 9 50 2 51 21 49 9 50 4 51 24 49 9 50 8 51 28 49 9 50 4 51 24 49 10 50 8 51 29 49 10 50 8 51 29 49 9 50 8 51 28 49 9 50 8 51 28 49 10 50 8 51 29 49 10 50 7 51 25 49 9 50 7 51 29 49 10 50 7 51 25 49 9 50 4 51 24 49 9 50 14 51 30 49 9 50 14 51 30 49 9 50 8 51 28 49 10 50 8 51 29 49 10 50 8 51 29 49 9 50 8 51 28 49 9 50 8 51 28 49 9 50 2 51 21 49 9 50 7 51 29 49 10 50 7 51 25 16 4 17 7 18 17 19 2 16 3 17 9 18 18 19 4 16 21 17 10 18 2 19 10 16 9 18 17 19 11 49 7 16 7 19 9 49 28 50 10 16 27 30 9 16 27 18 9 16 27 31 9 16 27 18 9 16 27 18 9 16 27 18 9 16 27 18 9 16 27 18 9 16 27 18 9 16 17 18 2 19 10 30 2 16 17 18 5 19 9 30 4 16 17 18 2 19 9 30 14 16 17 18 2 30 2 31 10 16 12 18 14 19 9 30 14 16 17 18 2 19 10 30 2 16 12 18 2 19 9 30 4 16 6 18 14 19 10 30 14 16 6 18 14 19 10 30 14 4 2 16 21 31 9 4 14 16 21 31 7 4 2 16 21 31 9 4 14 16 21 31 7 4 2 10 7 16 22 4 2 16 21 31 9 4 2 10 7 16 22 4 2 5 10 10 9 16 22 4 2 5 10 10 7 16 15 16 29 17 9 30 7 16 26 30 9 42 10 16 27 30 9 16 28 17 7 30 7 16 18 17 8 30 5 42 8 16 12 17 7 30 3 31 9 16 14 30 12 31 7 42 4 16 4 17 4 30 17 42 4 16 7 17 4 30 6 31 4 16 4 17 14 30 12 42 7 16 14 17 2 18 2 30 19 16 14 17 14 18 2 30 20 16 2 17 5 18 5 30 5 16 2 17 5 18 5 30 5 16 14 17 11 30 3 42 14 16 8 17 2 30 19 42 3 16 7 17 2 30 14 42 18 16 14 17 19 30 4 42 3 16 19 17 2 30 2 42 14 16 7 17 4 30 4 42 6 16 14 17 5 30 3 42 5 16 8 17 2 30 2 42 23 17 4 18 8 30 14 42 17 17 5 18 5 30 5 42 2 16 19 17 11 30 8 42 14 16 12 17 14 30 8 42 8 16 13 17 3 30 9 42 14 16 15 17 14 30 9 42 7 16 11 17 11 30 8 42 2 16 11 17 19 30 7 42 2 16 7 17 5 30 7 42 12 16 8 17 20 30 4 42 11 17 4 18 8 30 9 42 15 16 9 17 8 30 10 42 24 16 7 17 14 30 9 42 15 16 7 17 5 30 7 42 12 16 4 17 23 30 4 42 5 16 8 17 20 30 4 42 11 16 11 17 11 30 8 42 2 16 11 17 19 30 7 42 2 16 19 18 4 30 19 31 8 16 13 17 7 18 2 30 2 16 2 30 19 31 3 46 8 16 5 30 14 31 3 46 5 16 13 30 4 31 2 46 4 16 17 18 4 30 4 31 4 16 18 30 8 31 2 46 4 4 4 16 17 19 4 31 4 16 3 31 5 46 3 47 4 4 14 16 3 31 14 46 11 4 2 16 11 46 5 49 14 46 29 47 4 3 5 4 14 10 3 46 5 3 5 4 5 5 2 10 5 16 20 46 5 47 5 48 7 3 3 4 8 5 3 10 3 16 14 30 11 31 3 46 14 16 7 17 7 30 12 31 5 16 2 30 14 31 20 46 14 16 14 31 5 46 19 47 14 3 5 4 4 10 19 46 2 3 5 5 14 10 20 46 4 3 14 5 14 10 19 46 5 3 3 5 3 10 3 47 8 46 13 47 13 48 7 46 2 47 12 48 2 46 2 47 12 48 2 46 8 47 11 48 12 46 8 47 11 48 12 16 14 31 5 46 19 47 14 46 9 47 5 48 22 46 9 47 2 48 21 46 9 47 5 48 22 46 9 47 2 48 21 46 9 47 2 48 21 46 9 47 4 48 24 46 9 47 8 48 28 46 9 47 14 48 30 46 9 47 4 48 24 46 10 47 8 48 29 46 10 47 8 48 29 46 9 47 8 48 28 46 9 47 8 48 28 46 10 47 8 48 29 46 10 47 7 48 25 46 9 47 7 48 29 46 10 47 7 48 25 46 9 47 4 48 24 46 9 47 14 48 30 46 9 47 8 48 28 46 10 47 8 48 29 46 10 47 8 48 29 46 9 47 8 48 28 46 9 47 8 48 28 46 9 47 2 48 21 46 9 47 7 48 29 46 10 47 7 48 25 16 4 17 7 30 17 31 2 16 3 17 9 30 18 31 4 16 21 17 10 30 2 31 10 16 9 30 17 31 11 46 7 16 7 31 9 46 28 47 10 16 27 30 9 16 27 30 9 16 27 18 9 16 27 19 9 16 27 18 9 16 27 18 9 16 27 30 9 16 27 18 9 16 27 18 9 16 17 18 2 19 10 30 2 16 17 18 4 30 5 31 9 16 17 18 2 30 2 31 10 16 17 18 14 30 2 31 9 16 12 18 14 19 9 30 14 16 17 18 2 19 10 30 2 16 12 18 4 30 2 31 9 16 6 18 14 19 10 30 14 16 6 18 14 19 10 30 14 4 2 16 21 31 9 4 14 16 21 19 7 4 14 16 21 31 7 4 2 16 21 19 9 4 2 10 7 16 22 4 2 16 21 31 9 4 2 5 7 16 22 4 2 5 10 10 9 16 22 4 2 5 10 10 7 16 15 16 23 19 4 30 5 31 4 16 2 18 14 19 20 49 14 16 19 19 2 31 4 46 5 16 14 19 5 49 19 50 14 16 8 19 7 49 30 50 10 16 14 19 5 49 19 50 14 16 5 31 3 46 2 49 2 16 20 49 5 50 5 51 7 3 3 5 2 10 2 49 5 3 5 4 4 5 19 49 2 3 2 5 19 10 14 49 2 3 14 5 19 10 14 49 5 3 5 4 14 5 3 10 5 3 3 5 3 10 3 47 8 49 13 50 13 51 7 49 2 50 12 51 2 49 2 50 12 51 2 49 8 50 11 51 12 49 8 50 11 51 12 49 9 50 5 51 22 49 9 50 2 51 21 49 9 50 5 51 22 49 9 50 2 51 21 49 9 50 2 51 21 49 9 50 4 51 24 49 9 50 8 51 28 49 9 50 14 51 30 49 9 50 4 51 24 49 9 50 8 51 28 49 10 50 8 51 29 49 9 50 8 51 28 49 9 50 8 51 28 49 10 50 8 51 29 49 10 50 7 51 25 49 9 50 7 51 29 49 10 50 7 51 25 49 9 50 4 51 24 49 9 50 14 51 30 49 9 50 8 51 28 49 10 50 8 51 29 49 10 50 8 51 29 49 9 50 8 51 28 49 9 50 8 51 28 49 9 50 2 51 21 49 9 50 7 51 29 49 10 50 7 51 25 16 23 19 4 30 5 31 4 16 19 19 2 31 4 46 5 16 2 30 14 31 20 46 14 16 14 31 5 46 19 47 14 16 8 31 7 46 30 47 10 16 14 31 5 46 19 47 14 16 5 31 3 46 2 49 2 16 20 46 5 47 5 48 7 3 3 5 2 10 2 49 5 3 5 4 4 10 19 46 2 3 2 5 14 10 19 46 2 3 14 5 14 10 19 46 5 3 5 4 14 5 3 10 5 3 3 5 3 10 3 47 8 46 13 47 13 48 7 46 2 47 12 48 2 46 2 47 12 48 2 46 8 47 11 48 12 46 8 47 11 48 12 46 9 47 5 48 22 46 9 47 2 48 21 46 9 47 5 48 22 46 9 47 2 48 21 46 9 47 2 48 21 46 9 47 4 48 24 46 9 47 8 48 28 46 9 47 4 48 24 46 9 47 8 48 28 46 10 47 8 48 29 46 9 47 8 48 28 46 9 47 8 48 28 46 10 47 8 48 29 46 10 47 7 48 25 46 9 47 7 48 29 46 10 47 7 48 25 46 9 47 4 48 24 46 9 47 14 48 30 46 9 47 14 48 30 46 9 47 8 48 28 46 10 47 8 48 29 46 10 47 8 48 29 46 9 47 8 48 28 46 9 47 8 48 28 46 9 47 2 48 21 46 9 47 7 48 29 46 10 47 7 48 25 40 1 40 1 40 1 40 1 40 1 40 1 40 1 40 1 40 1 40 1 40 1 40 1 40 1 40 1 40 1 40 1 40 1 40 1 40 1 40 1 40 1 40 1 40 1 40 1 40 1 40 1 40 1 40 1 40 1 40 1 40 1 40 1 40 1 40 1 40 1 40 1 40 1 40 1 40 1 40 1 40 1 40 1 40 1 40 1 40 1 40 1 40 1 40 1 40 1 40 1 40 1 40 1 40 1 40 1 40 1 40 1 40 1 40 1 40 1 40 1 40 1 40 1 40 1 40 1 40 1 40 1 40 1 40 1 40 1 40 1 40 1 40 1 40 1 40 1 40 1 40 1 40 1 40 1 40 1 40 1 40 1 40 1 40 1 40 1 40 1 40 1 40 1 40 1 40 1 40 1 40 1 40 1 40 1 40 1 40 1 40 1 40 1 40 1 40 1 40 1 40 1 40 1 40 1 40 1 40 1 40 1 40 1 40 1 40 1 40 1 40 1 40 1 40 1 40 1 40 1 40 1 40 1 40 1 40 1 40 1 40 1 40 1 40 1 40 1 40 1 40 1 40 1 40 1 40 1 40 1 40 1 40 1 40 1 40 1 40 1 40 1 40 1 40 1 40 1 40 1 40 1 40 1 40 1 40 1 40 1 40 1 40 1 40 1 40 1 40 1 40 1 40 1 40 1 40 1 40 1 40 1 40 1 40 1 40 1 40 1 40 1 40 1 40 1 40 1 40 1 40 1 40 1 40 1 40 1 40 1 40 1 40 1 40 1 40 1 40 1 40 1 40 1 40 1 40 1 40 1 40 1 40 1 40 1 40 1 40 1 40 1 40 1 40 1 40 1 40 1 40 1 40 1 40 1 40 1 40 1 40 1 40 1 40 1 40 1 40 1 40 1 40 1 40 1 40 1 40 1 40 1 40 1 40 1 40 1 40 1 40 1 40 1 40 1 40 1 40 1 40 1 40 1 40 1 40 1 40 1 40 1 40 1 40 1 40 1 40 1 40 1 40 1 40 1 40 1 40 1 40 1 40 1 40 1 40 1 40 1 40 1 40 1 40 1 40 1 40 1 40 1 40 1 40 1 40 1 40 1 40 1 40 1 40 1 40 1 40 1 40 1 40 1 40 1 40 1 40 1 40 1 40 1 40 1 40 1 40 1 40 1 40 1 40 1 40 1 40 1 40 1 40 1 40 1 40 1 40 1 40 1 40 1 40 1 40 1 40 1 40 1 40 1 40 1 40 1 40 1 40 1 40 1 40 1 40 1 40 1 40 1 40 1 40 1 40 1 40 1 40 1 40 1 40 1 40 1 40 1 40 1 40 1 40 1 40 1 40 1 40 1 40 1 40 1 40 1 40 1 40 1 40 1 40 1 40 1 40 1 40 1 40 1 40 1 40 1 40 1 40 1 40 1 40 1 40 1 40 1 40 1 40 1 40 1 40 1 40 1 40 1 40 1 40 1 40 1 40 1 40 1 40 1 40 1 40 1 40 1 40 1 40 1 40 1 40 1 40 1 40 1 40 1 40 1 40 1 40 1 40 1 40 1 40 1 40 1 40 1 40 1 40 1 40 1 40 1 40 1 40 1 40 1 40 1 40 1 40 1 40 1 40 1 40 1 40 1 40 1 40 1 40 1 40 1 40 1 40 1 40 1 40 1 40 1 40 1 40 1 40 1 40 1 40 1 40 1 40 1 40 1 40 1 40 1 40 1 40 1 40 1 40 1 40 1 40 1 40 1 40 1 40 1 40 1 40 1 40 1 40 1 40 1 40 1 40 1 40 1 40 1 40 1 40 1 40 1 40 1 40 1 40 1 40 1 40 1 40 1 40 1 40 1 40 1 40 1 40 1 40 1 40 1 40 1 40 1 40 1 40 1 40 1 40 1 40 1 40 1 40 1 40 1 40 1 40 1 40 1 40 1 40 1 40 1 40 1 40 1 40 1 40 1 40 1 40 1 40 1 40 1 40 1 40 1 40 1 40 1 40 1 40 1 40 1 40 1 40 1 40 1 40 1 40 1 40 1 40 1 40 1 40 1 40 1 40 1 40 1 40 1 40 1 40 1 40 1 40 1 40 1 40 1 40 1 40 1 40 1 40 1 40 1 40 1 40 1 40 1 40 1 40 1 40 1 40 1 40 1 40 1 40 1 40 1 40 1 40 1 40 1 40 1 40 1 40 1 40 1 40 1 40 1 40 1 40 1 40 1 40 1 40 1 40 1 40 1 40 1 40 1 40 1 40 1 40 1 40 1 40 1 40 1 40 1 40 1 40 1 40 1 40 1 40 1 40 1 40 1 40 1 40 1 40 1 40 1 40 1 40 1 40 1 40 1 40 1 40 1 40 1 40 1 40 1 40 1 40 1 40 1 40 1 40 1 40 1 40 1 40 1 40 1 40 1 40 1 40 1 40 1 40 1 40 1 40 1 40 1 40 1 40 1 40 1 40 1 40 1 40 1 40 1 40 1 40 1 40 1 40 1 40 1 40 1 40 1 40 1 40 1 40 1 40 1 40 1 40 1 40 1 40 1 40 1 40 1 40 1 40 1 40 1 40 1 40 1 40 1 40 1 40 1 40 1 40 1 40 1 40 1 40 1 40 1 40 1 40 1 40 1 40 1 40 1 40 1 40 1 40 1 40 1 40 1 40 1 40 1 40 1 40 1 40 1 40 1 40 1 40 1 40 1 40 1 40 1 40 1 40 1 40 1 40 1 40 1 40 1 40 1 40 1 40 1 40 1 40 1 40 1 40 1 40 1 40 1 40 1 40 1 40 1 40 1 40 1 40 1 40 1 40 1 40 1 40 1 40 1 40 1 40 1 40 1 40 1 40 1 40 1 40 1 40 1 40 1 40 1 40 1 40 1 40 1 40 1 40 1 40 1 40 1 40 1 40 1 40 1 40 1 40 1 40 1 40 1 40 1 40 1 40 1 40 1 40 1 40 1 40 1 40 1 40 1 40 1 40 1 40 1 40 1 40 1 40 1 40 1 40 1 40 1 40 1 40 1 40 1 40 1 40 1 40 1 40 1 40 1 40 1 40 1 40 1 40 1 40 1 40 1 40 1 40 1 40 1 40 1 40 1 40 1 40 1 40 1 40 1 40 1 40 1 40 1 40 1 40 1 40 1 40 1 40 1 40 1 40 1 40 1 40 1 40 1 40 1 40 1 40 1 40 1 40 1 40 1 40 1 40 1 40 1 40 1 40 1 40 1 40 1 40 1 40 1 40 1 40 1 40 1 40 1 40 1 40 1 40 1 40 1 40 1 40 1 40 1 40 1 40 1 40 1 40 1 40 1 40 1 40 1 40 1 40 1 40 1 40 1 40 1 40 1 40 1 40 1 40 1 40 1 40 1 40 1 40 1 40 1 40 1 40 1 40 1 40 1 40 1 40 1 40 1 40 1 40 1 40 1 40 1 40 1 40 1 40 1 40 1 40 1 40 1 40 1 40 1 40 1 40 1 40 1 40 1 40 1 40 1 40 1 40 1 40 1 40 1 40 1 40 1 40 1 40 1 40 1 40 1 40 1 40 1 40 1 40 1 40 1 40 1 40 1 40 1 40 1 40 1 40 1 40 1 40 1 40 1 40 1 40 1 40 1 40 1 40 1 40 1 40 1 40 1 40 1 40 1 40 1 40 1 40 1 40 1 40 1 40 1 40 1 40 1 40 1 40 1 40 1 40 1 40 1 40 1 40 1 40 1 40 1 40 1 40 1 40 1 40 1 40 1 40 1 40 1 40 1 40 1 40 1 40 1 40 1 40 1 40 1 40 1 40 1</v>
                </vertex_weights>
            </skin>
        </controller>
    </library_controllers>
    <library_visual_scenes>
        <visual_scene id="ID8">
            <node id="ID9" name="&#x795E;&#x517D;&#x5B88;&#x536B;_2" sid="joint1" type="JOINT">
                <translate sid="translate">0 0 -0</translate>
                <rotate sid="rotateY">0 1 0 -0</rotate>
                <rotate sid="rotateX">1 0 0 9.33467e-006</rotate>
                <rotate sid="rotateZ">0 0 1 -0</rotate>
                <scale sid="scale">1 1 1</scale>
                <node id="ID10" name="Main" sid="joint2" type="JOINT">
                    <translate sid="translate">0 0 -0</translate>
                    <rotate sid="rotateY">0 1 0 -0</rotate>
                    <rotate sid="rotateX">1 0 0 0</rotate>
                    <rotate sid="rotateZ">0 0 1 -0</rotate>
                    <scale sid="scale">1 1 1</scale>
                </node>
                <node id="ID11" name="Bip001" sid="joint3" type="JOINT">
                    <translate sid="translate">-2.22047e-015 1.33922 -0.0402937</translate>
                    <rotate sid="rotateY">0 1 0 0</rotate>
                    <rotate sid="rotateX">1 0 0 -90</rotate>
                    <rotate sid="rotateZ">0 0 1 -89.9999</rotate>
                    <scale sid="scale">1 1 1</scale>
                    <node id="ID12" name="Bip001_Pelvis" sid="joint4" type="JOINT">
                        <translate sid="translate">5.29e-010 -3.47427e-014 4.16304e-009</translate>
                        <rotate sid="rotateY">0 1 0 0</rotate>
                        <rotate sid="rotateX">1 0 0 -90</rotate>
                        <rotate sid="rotateZ">0 0 1 -90</rotate>
                        <scale sid="scale">1 1 1</scale>
                        <node id="ID13" name="Bip001_Spine" sid="joint5" type="JOINT">
                            <translate sid="translate">0.177229 0.00655649 2.14235e-007</translate>
                            <rotate sid="rotateY">0 1 0 360</rotate>
                            <rotate sid="rotateX">1 0 0 -0.000237584</rotate>
                            <rotate sid="rotateZ">0 0 1 -357.778</rotate>
                            <scale sid="scale">1 1 1</scale>
                            <node id="ID14" name="Bip001_L_Thigh" sid="joint6" type="JOINT">
                                <translate sid="translate">-0.17735 0.000318686 0.125099</translate>
                                <rotate sid="rotateY">0 1 0 183.664</rotate>
                                <rotate sid="rotateX">1 0 0 -7.05379</rotate>
                                <rotate sid="rotateZ">0 0 1 -353.387</rotate>
                                <scale sid="scale">1 1 1</scale>
                                <node id="ID15" name="Bip001_L_Calf" sid="joint7" type="JOINT">
                                    <translate sid="translate">0.557019 6.47269e-008 -8.15635e-008</translate>
                                    <rotate sid="rotateY">0 1 0 4.4922e-006</rotate>
                                    <rotate sid="rotateX">1 0 0 -3.3493e-006</rotate>
                                    <rotate sid="rotateZ">0 0 1 -11.0205</rotate>
                                    <scale sid="scale">1 1 1</scale>
                                    <node id="ID16" name="Bip001_L_Foot" sid="joint8" type="JOINT">
                                        <translate sid="translate">0.649953 1.2666e-007 -6.14673e-008</translate>
                                        <rotate sid="rotateY">0 1 0 355.777</rotate>
                                        <rotate sid="rotateX">1 0 0 -2.71933</rotate>
                                        <rotate sid="rotateZ">0 0 1 -353.841</rotate>
                                        <scale sid="scale">1 1 1</scale>
                                        <node id="ID17" name="Bip001_L_Toe0" sid="joint9" type="JOINT">
                                            <translate sid="translate">0.143864 0.263008 -3.26409e-009</translate>
                                            <rotate sid="rotateY">0 1 0 360</rotate>
                                            <rotate sid="rotateX">1 0 0 -4.36261e-006</rotate>
                                            <rotate sid="rotateZ">0 0 1 -270</rotate>
                                            <scale sid="scale">1 1 1</scale>
                                        </node>
                                    </node>
                                    <node id="ID18" name="Slot_6" sid="joint10" type="JOINT">
                                        <translate sid="translate">0.304413 -0.0113546 0.0368003</translate>
                                        <rotate sid="rotateY">0 1 0 360</rotate>
                                        <rotate sid="rotateX">1 0 0 -2.19313e-005</rotate>
                                        <rotate sid="rotateZ">0 0 1 -3.19453e-006</rotate>
                                        <scale sid="scale">1 1 1</scale>
                                    </node>
                                </node>
                            </node>
                            <node id="ID19" name="Bip001_R_Thigh" sid="joint11" type="JOINT">
                                <translate sid="translate">-0.17735 0.000319363 -0.125099</translate>
                                <rotate sid="rotateY">0 1 0 176.336</rotate>
                                <rotate sid="rotateX">1 0 0 7.05348</rotate>
                                <rotate sid="rotateZ">0 0 1 -353.387</rotate>
                                <scale sid="scale">1 1 1</scale>
                                <node id="ID20" name="Bip001_R_Calf" sid="joint12" type="JOINT">
                                    <translate sid="translate">0.557019 2.23634e-007 -1.92667e-008</translate>
                                    <rotate sid="rotateY">0 1 0 360</rotate>
                                    <rotate sid="rotateX">1 0 0 3.52135e-007</rotate>
                                    <rotate sid="rotateZ">0 0 1 -11.0205</rotate>
                                    <scale sid="scale">1 1 1</scale>
                                    <node id="ID21" name="Bip001_R_Foot" sid="joint13" type="JOINT">
                                        <translate sid="translate">0.649953 1.05239e-007 2.14204e-008</translate>
                                        <rotate sid="rotateY">0 1 0 4.22271</rotate>
                                        <rotate sid="rotateX">1 0 0 2.71933</rotate>
                                        <rotate sid="rotateZ">0 0 1 -353.841</rotate>
                                        <scale sid="scale">1 1 1</scale>
                                        <node id="ID22" name="Bip001_R_Toe0" sid="joint14" type="JOINT">
                                            <translate sid="translate">0.143864 0.263008 -1.97251e-008</translate>
                                            <rotate sid="rotateY">0 1 0 360</rotate>
                                            <rotate sid="rotateX">1 0 0 8.61003e-006</rotate>
                                            <rotate sid="rotateZ">0 0 1 -270</rotate>
                                            <scale sid="scale">1 1 1</scale>
                                        </node>
                                    </node>
                                    <node id="ID23" name="Slot_7" sid="joint15" type="JOINT">
                                        <translate sid="translate">0.304413 -0.0113546 -0.0368002</translate>
                                        <rotate sid="rotateY">0 1 0 360</rotate>
                                        <rotate sid="rotateX">1 0 0 2.89616e-005</rotate>
                                        <rotate sid="rotateZ">0 0 1 -0</rotate>
                                        <scale sid="scale">1 1 1</scale>
                                    </node>
                                </node>
                            </node>
                            <node id="ID24" name="Slot_5" sid="joint16" type="JOINT">
                                <translate sid="translate">0.123347 0.317507 -1.24122e-007</translate>
                                <rotate sid="rotateY">0 1 0 1.47464e-005</rotate>
                                <rotate sid="rotateX">1 0 0 1.86693e-005</rotate>
                                <rotate sid="rotateZ">0 0 1 -0</rotate>
                                <scale sid="scale">1 1 1</scale>
                            </node>
                            <node id="ID25" name="Bip001_Spine1" sid="joint17" type="JOINT">
                                <translate sid="translate">0.288616 -0.000311803 -3.39337e-008</translate>
                                <rotate sid="rotateY">0 1 0 360</rotate>
                                <rotate sid="rotateX">1 0 0 1.48527e-005</rotate>
                                <rotate sid="rotateZ">0 0 1 -333.877</rotate>
                                <scale sid="scale">1 1 1</scale>
                                <node id="ID26" name="Bip001_Neck" sid="joint18" type="JOINT">
                                    <translate sid="translate">0.460221 0.00483803 8.50189e-008</translate>
                                    <rotate sid="rotateY">0 1 0 360</rotate>
                                    <rotate sid="rotateX">1 0 0 1.43665e-005</rotate>
                                    <rotate sid="rotateZ">0 0 1 -334.712</rotate>
                                    <scale sid="scale">1 1 1</scale>
                                    <node id="ID27" name="Bip001_L_Clavicle" sid="joint19" type="JOINT">
                                        <translate sid="translate">-0.142798 -0.0723837 0.111183</translate>
                                        <rotate sid="rotateY">0 1 0 62.4855</rotate>
                                        <rotate sid="rotateX">1 0 0 18.1177</rotate>
                                        <rotate sid="rotateZ">0 0 1 -200.654</rotate>
                                        <scale sid="scale">1 1 1</scale>
                                        <node id="ID28" name="Bip001_L_UpperArm" sid="joint20" type="JOINT">
                                            <translate sid="translate">0.233564 -1.86265e-008 -1.09896e-007</translate>
                                            <rotate sid="rotateY">0 1 0 18.6336</rotate>
                                            <rotate sid="rotateX">1 0 0 -21.1675</rotate>
                                            <rotate sid="rotateZ">0 0 1 -358.308</rotate>
                                            <scale sid="scale">1 1 1</scale>
                                            <node id="ID29" name="Bip001_L_Forearm" sid="joint21" type="JOINT">
                                                <translate sid="translate">0.48864 -5.21541e-008 -1.73226e-007</translate>
                                                <rotate sid="rotateY">0 1 0 360</rotate>
                                                <rotate sid="rotateX">1 0 0 6.05791e-006</rotate>
                                                <rotate sid="rotateZ">0 0 1 -40.3814</rotate>
                                                <scale sid="scale">1 1 1</scale>
                                                <node id="ID30" name="Bip001_L_Hand" sid="joint22" type="JOINT">
                                                    <translate sid="translate">0.486201 -3.35276e-007 -1.45286e-007</translate>
                                                    <rotate sid="rotateY">0 1 0 210.824</rotate>
                                                    <rotate sid="rotateX">1 0 0 -79.5182</rotate>
                                                    <rotate sid="rotateZ">0 0 1 -197.832</rotate>
                                                    <scale sid="scale">1 1 1</scale>
                                                    <node id="ID31" name="Bip001_L_Finger0" sid="joint23" type="JOINT">
                                                        <translate sid="translate">0.117659 0.0857623 -0.0829536</translate>
                                                        <rotate sid="rotateY">0 1 0 145.42</rotate>
                                                        <rotate sid="rotateX">1 0 0 76.1646</rotate>
                                                        <rotate sid="rotateZ">0 0 1 -253.592</rotate>
                                                        <scale sid="scale">1 1 1</scale>
                                                        <node id="ID32" name="Bip001_L_Finger01" sid="joint24" type="JOINT">
                                                            <translate sid="translate">0.0961886 2.98024e-008 2.08616e-007</translate>
                                                            <rotate sid="rotateY">0 1 0 360</rotate>
                                                            <rotate sid="rotateX">1 0 0 8.94229e-006</rotate>
                                                            <rotate sid="rotateZ">0 0 1 -341.594</rotate>
                                                            <scale sid="scale">1 1 1</scale>
                                                        </node>
                                                    </node>
                                                    <node id="ID33" name="Bip001_L_Finger1" sid="joint25" type="JOINT">
                                                        <translate sid="translate">0.289183 -0.00068849 -0.086827</translate>
                                                        <rotate sid="rotateY">0 1 0 9.32385</rotate>
                                                        <rotate sid="rotateX">1 0 0 3.56286</rotate>
                                                        <rotate sid="rotateZ">0 0 1 -20.9773</rotate>
                                                        <scale sid="scale">1 1 1</scale>
                                                        <node id="ID34" name="Bip001_L_Finger11" sid="joint26" type="JOINT">
                                                            <translate sid="translate">0.108106 1.78814e-007 -2.08616e-007</translate>
                                                            <rotate sid="rotateY">0 1 0 1.64193e-005</rotate>
                                                            <rotate sid="rotateX">1 0 0 4.17445e-005</rotate>
                                                            <rotate sid="rotateZ">0 0 1 -314.905</rotate>
                                                            <scale sid="scale">1 1 1</scale>
                                                        </node>
                                                    </node>
                                                    <node id="ID35" name="Bip001_L_Finger2" sid="joint27" type="JOINT">
                                                        <translate sid="translate">0.301899 -0.00820362 0.00167564</translate>
                                                        <rotate sid="rotateY">0 1 0 358.421</rotate>
                                                        <rotate sid="rotateX">1 0 0 -7.48036</rotate>
                                                        <rotate sid="rotateZ">0 0 1 -346.057</rotate>
                                                        <scale sid="scale">1 1 1</scale>
                                                        <node id="ID36" name="Bip001_L_Finger21" sid="joint28" type="JOINT">
                                                            <translate sid="translate">0.102363 3.51341e-007 -1.04308e-007</translate>
                                                            <rotate sid="rotateY">0 1 0 3.9553e-005</rotate>
                                                            <rotate sid="rotateX">1 0 0 -2.53803e-005</rotate>
                                                            <rotate sid="rotateZ">0 0 1 -320.903</rotate>
                                                            <scale sid="scale">1 1 1</scale>
                                                        </node>
                                                    </node>
                                                    <node id="ID37" name="Slot_3" sid="joint29" type="JOINT">
                                                        <translate sid="translate">0.128531 0.0055612 -0.00401767</translate>
                                                        <rotate sid="rotateY">0 1 0 6.83018e-006</rotate>
                                                        <rotate sid="rotateX">1 0 0 -2.76409e-005</rotate>
                                                        <rotate sid="rotateZ">0 0 1 -1.5008e-005</rotate>
                                                        <scale sid="scale">1 1 1</scale>
                                                    </node>
                                                </node>
                                            </node>
                                            <node id="ID38" name="Slot_8" sid="joint30" type="JOINT">
                                                <translate sid="translate">-0.0327759 0.0132871 0.202495</translate>
                                                <rotate sid="rotateY">0 1 0 359.007</rotate>
                                                <rotate sid="rotateX">1 0 0 6.85354</rotate>
                                                <rotate sid="rotateZ">0 0 1 -358</rotate>
                                                <scale sid="scale">1 1 1</scale>
                                            </node>
                                        </node>
                                    </node>
                                    <node id="ID39" name="Bip001_R_Clavicle" sid="joint31" type="JOINT">
                                        <translate sid="translate">-0.142798 -0.0723831 -0.111184</translate>
                                        <rotate sid="rotateY">0 1 0 297.515</rotate>
                                        <rotate sid="rotateX">1 0 0 -18.1176</rotate>
                                        <rotate sid="rotateZ">0 0 1 -200.654</rotate>
                                        <scale sid="scale">1 1 1</scale>
                                        <node id="ID40" name="Bip001_R_UpperArm" sid="joint32" type="JOINT">
                                            <translate sid="translate">0.233564 1.11759e-008 -1.80677e-007</translate>
                                            <rotate sid="rotateY">0 1 0 341.366</rotate>
                                            <rotate sid="rotateX">1 0 0 21.1675</rotate>
                                            <rotate sid="rotateZ">0 0 1 -358.308</rotate>
                                            <scale sid="scale">1 1 1</scale>
                                            <node id="ID41" name="Bip001_R_Forearm" sid="joint33" type="JOINT">
                                                <translate sid="translate">0.488641 1.78814e-007 1.07102e-007</translate>
                                                <rotate sid="rotateY">0 1 0 1.10206e-005</rotate>
                                                <rotate sid="rotateX">1 0 0 -1.90546e-005</rotate>
                                                <rotate sid="rotateZ">0 0 1 -40.3814</rotate>
                                                <scale sid="scale">1 1 1</scale>
                                                <node id="ID42" name="Bip001_R_Hand" sid="joint34" type="JOINT">
                                                    <translate sid="translate">0.486201 -1.71363e-007 -1.49943e-007</translate>
                                                    <rotate sid="rotateY">0 1 0 149.176</rotate>
                                                    <rotate sid="rotateX">1 0 0 79.5182</rotate>
                                                    <rotate sid="rotateZ">0 0 1 -197.832</rotate>
                                                    <scale sid="scale">1 1 1</scale>
                                                    <node id="ID43" name="Bip001_R_Finger0" sid="joint35" type="JOINT">
                                                        <translate sid="translate">0.117659 0.0857622 0.0829536</translate>
                                                        <rotate sid="rotateY">0 1 0 214.58</rotate>
                                                        <rotate sid="rotateX">1 0 0 -76.1646</rotate>
                                                        <rotate sid="rotateZ">0 0 1 -253.592</rotate>
                                                        <scale sid="scale">1 1 1</scale>
                                                        <node id="ID44" name="Bip001_R_Finger01" sid="joint36" type="JOINT">
                                                            <translate sid="translate">0.0961886 4.47035e-008 -1.49012e-008</translate>
                                                            <rotate sid="rotateY">0 1 0 360</rotate>
                                                            <rotate sid="rotateX">1 0 0 -1.1932e-005</rotate>
                                                            <rotate sid="rotateZ">0 0 1 -341.594</rotate>
                                                            <scale sid="scale">1 1 1</scale>
                                                        </node>
                                                    </node>
                                                    <node id="ID45" name="Bip001_R_Finger1" sid="joint37" type="JOINT">
                                                        <translate sid="translate">0.289183 -0.000688334 0.0868269</translate>
                                                        <rotate sid="rotateY">0 1 0 350.676</rotate>
                                                        <rotate sid="rotateX">1 0 0 -3.5629</rotate>
                                                        <rotate sid="rotateZ">0 0 1 -20.9773</rotate>
                                                        <scale sid="scale">1 1 1</scale>
                                                        <node id="ID46" name="Bip001_R_Finger11" sid="joint38" type="JOINT">
                                                            <translate sid="translate">0.108106 -1.41561e-007 -5.96046e-008</translate>
                                                            <rotate sid="rotateY">0 1 0 360</rotate>
                                                            <rotate sid="rotateX">1 0 0 -3.28999e-005</rotate>
                                                            <rotate sid="rotateZ">0 0 1 -314.906</rotate>
                                                            <scale sid="scale">1 1 1</scale>
                                                        </node>
                                                    </node>
                                                    <node id="ID47" name="Bip001_R_Finger2" sid="joint39" type="JOINT">
                                                        <translate sid="translate">0.301899 -0.00820377 -0.00167586</translate>
                                                        <rotate sid="rotateY">0 1 0 1.57926</rotate>
                                                        <rotate sid="rotateX">1 0 0 7.48037</rotate>
                                                        <rotate sid="rotateZ">0 0 1 -346.057</rotate>
                                                        <scale sid="scale">1 1 1</scale>
                                                        <node id="ID48" name="Bip001_R_Finger21" sid="joint40" type="JOINT">
                                                            <translate sid="translate">0.102363 1.55531e-007 -4.47035e-008</translate>
                                                            <rotate sid="rotateY">0 1 0 1.07762e-005</rotate>
                                                            <rotate sid="rotateX">1 0 0 4.16221e-006</rotate>
                                                            <rotate sid="rotateZ">0 0 1 -320.903</rotate>
                                                            <scale sid="scale">1 1 1</scale>
                                                        </node>
                                                    </node>
                                                    <node id="ID49" name="Slot_4" sid="joint41" type="JOINT">
                                                        <translate sid="translate">0.0692575 -0.751553 0.00606766</translate>
                                                        <rotate sid="rotateY">0 1 0 289.014</rotate>
                                                        <rotate sid="rotateX">1 0 0 28.3521</rotate>
                                                        <rotate sid="rotateZ">0 0 1 -272.384</rotate>
                                                        <scale sid="scale">1 1 1</scale>
                                                    </node>
                                                </node>
                                            </node>
                                            <node id="ID50" name="Slot_9" sid="joint42" type="JOINT">
                                                <translate sid="translate">0.208634 -0.0121284 -0.00106523</translate>
                                                <rotate sid="rotateY">0 1 0 6.56339e-006</rotate>
                                                <rotate sid="rotateX">1 0 0 8.96463e-006</rotate>
                                                <rotate sid="rotateZ">0 0 1 -360</rotate>
                                                <scale sid="scale">1 1 1</scale>
                                            </node>
                                        </node>
                                    </node>
                                    <node id="ID51" name="Bip001_Head" sid="joint43" type="JOINT">
                                        <translate sid="translate">0.13647 7.44992e-008 4.80691e-009</translate>
                                        <rotate sid="rotateY">0 1 0 3.0652e-005</rotate>
                                        <rotate sid="rotateX">1 0 0 1.12696e-005</rotate>
                                        <rotate sid="rotateZ">0 0 1 -7.28908</rotate>
                                        <scale sid="scale">1 1 1</scale>
                                        <node id="ID52" name="Slot_0" sid="joint44" type="JOINT">
                                            <translate sid="translate">0.222433 -0.0601968 -1.08861e-006</translate>
                                            <rotate sid="rotateY">0 1 0 2.35856e-005</rotate>
                                            <rotate sid="rotateX">1 0 0 -2.73208e-005</rotate>
                                            <rotate sid="rotateZ">0 0 1 -4.26887e-006</rotate>
                                            <scale sid="scale">1 1 1</scale>
                                        </node>
                                    </node>
                                </node>
                                <node id="ID53" name="Slot_1" sid="joint45" type="JOINT">
                                    <translate sid="translate">0.20216 0.313656 -0.0104635</translate>
                                    <rotate sid="rotateY">0 1 0 360</rotate>
                                    <rotate sid="rotateX">1 0 0 -1.62844e-012</rotate>
                                    <rotate sid="rotateZ">0 0 1 -1.70755e-006</rotate>
                                    <scale sid="scale">1 1 1</scale>
                                </node>
                                <node id="ID54" name="Slot_2" sid="joint46" type="JOINT">
                                    <translate sid="translate">0.151082 -0.36645 -0.00862988</translate>
                                    <rotate sid="rotateY">0 1 0 360</rotate>
                                    <rotate sid="rotateX">1 0 0 -4.88533e-012</rotate>
                                    <rotate sid="rotateZ">0 0 1 -3.41509e-006</rotate>
                                    <scale sid="scale">1 1 1</scale>
                                </node>
                                <node id="ID55" name="Bone001_mirrored_" sid="joint47" type="JOINT">
                                    <translate sid="translate">-0.00687486 -0.262163 -0.28636</translate>
                                    <rotate sid="rotateY">0 1 0 343.703</rotate>
                                    <rotate sid="rotateX">1 0 0 18.8738</rotate>
                                    <rotate sid="rotateZ">0 0 1 -198.954</rotate>
                                    <scale sid="scale">1 1 0.999999</scale>
                                    <node id="ID56" name="Bone002_mirrored_" sid="joint48" type="JOINT">
                                        <translate sid="translate">0.403649 2.98023e-008 4.91738e-007</translate>
                                        <rotate sid="rotateY">0 1 0 2.25317e-005</rotate>
                                        <rotate sid="rotateX">1 0 0 -0.000141397</rotate>
                                        <rotate sid="rotateZ">0 0 1 -359.58</rotate>
                                        <scale sid="scale">1 1 1</scale>
                                        <node id="ID57" name="Bone003_mirrored_" sid="joint49" type="JOINT">
                                            <translate sid="translate">0.72322 1.04308e-007 2.38419e-007</translate>
                                            <rotate sid="rotateY">0 1 0 1.03054e-005</rotate>
                                            <rotate sid="rotateX">1 0 0 2.1021e-005</rotate>
                                            <rotate sid="rotateZ">0 0 1 -354.86</rotate>
                                            <scale sid="scale">1 1 1</scale>
                                        </node>
                                    </node>
                                </node>
                                <node id="ID58" name="Bone001" sid="joint50" type="JOINT">
                                    <translate sid="translate">-0.00687462 -0.262164 0.286361</translate>
                                    <rotate sid="rotateY">0 1 0 196.297</rotate>
                                    <rotate sid="rotateX">1 0 0 18.8738</rotate>
                                    <rotate sid="rotateZ">0 0 1 -341.046</rotate>
                                    <scale sid="scale">1 1 1</scale>
                                    <node id="ID59" name="Bone002" sid="joint51" type="JOINT">
                                        <translate sid="translate">0.403648 4.47035e-008 1.11759e-007</translate>
                                        <rotate sid="rotateY">0 1 0 1.7652e-005</rotate>
                                        <rotate sid="rotateX">1 0 0 0.000133325</rotate>
                                        <rotate sid="rotateZ">0 0 1 -0.420079</rotate>
                                        <scale sid="scale">1 1 1</scale>
                                        <node id="ID60" name="Bone003" sid="joint52" type="JOINT">
                                            <translate sid="translate">0.72322 1.3411e-007 -4.47035e-008</translate>
                                            <rotate sid="rotateY">0 1 0 1.08072e-005</rotate>
                                            <rotate sid="rotateX">1 0 0 -3.17891e-005</rotate>
                                            <rotate sid="rotateZ">0 0 1 -5.14027</rotate>
                                            <scale sid="scale">1 1 1</scale>
                                        </node>
                                    </node>
                                </node>
                            </node>
                        </node>
                    </node>
                </node>
                <node id="ID61" name="Top" sid="joint53" type="JOINT">
                    <translate sid="translate">0 3.12667 0.380222</translate>
                    <rotate sid="rotateY">0 1 0 -0</rotate>
                    <rotate sid="rotateX">1 0 0 2.45157e-006</rotate>
                    <rotate sid="rotateZ">0 0 1 -0</rotate>
                    <scale sid="scale">1 1 1</scale>
                </node>
                <node id="ID62" name="Mid" sid="joint54" type="JOINT">
                    <translate sid="translate">0 1.64076 0.0425605</translate>
                    <rotate sid="rotateY">0 1 0 -0</rotate>
                    <rotate sid="rotateX">1 0 0 2.45157e-006</rotate>
                    <rotate sid="rotateZ">0 0 1 -0</rotate>
                    <scale sid="scale">1 1 1</scale>
                </node>
                <node id="ID63" name="MidFront" sid="joint55" type="JOINT">
                    <translate sid="translate">0 1.44114 1.69823</translate>
                    <rotate sid="rotateY">0 1 0 -0</rotate>
                    <rotate sid="rotateX">1 0 0 4.90314e-006</rotate>
                    <rotate sid="rotateZ">0 0 1 -0</rotate>
                    <scale sid="scale">1 1 1</scale>
                </node>
                <node id="ID64" name="Root" sid="joint56" type="JOINT">
                    <translate sid="translate">0 0 -0</translate>
                    <rotate sid="rotateY">0 1 0 -0</rotate>
                    <rotate sid="rotateX">1 0 0 -1.11559e-005</rotate>
                    <rotate sid="rotateZ">0 0 1 -0</rotate>
                    <scale sid="scale">1 1 1</scale>
                </node>
            </node>
            <node id="ID65" name="shanyang">
                <translate sid="translate">-7.45058e-007 -2.8871e-006 -3.72529e-006</translate>
                <rotate sid="rotateY">0 1 0 -0</rotate>
                <rotate sid="rotateX">1 0 0 0</rotate>
                <rotate sid="rotateZ">0 0 1 -1.20742e-006</rotate>
                <scale sid="scale">1 1 1</scale>
                <instance_controller url="#ID66">
                    <skeleton>#ID8</skeleton>
                    <bind_material>
                        <technique_common>
                            <instance_material symbol="Material1" target="#ID3">
                                <bind_vertex_input semantic="UVSET0" input_semantic="TEXCOORD" input_set="0"/>
                            </instance_material>
                        </technique_common>
                    </bind_material>
                </instance_controller>
            </node>
        </visual_scene>
    </library_visual_scenes>
    <scene>
        <instance_visual_scene url="#ID8"/>
    </scene>
</COLLADA>
